dataset,source_file,problem_id,algorithm,grouping_strength,objective_definition,status,n,n_reduced,m,c,initial_lb,initial_ub,best_cost,optimum,number_of_groups,solver_calls,sat_calls,unsat_calls,sat_time,encoding_time,preprocessing_time,total_runtime,time_to_best,primary_variables_last,auxiliary_variables_last,clauses_last,total_conflicts,total_decisions,total_propagations,total_restarts,best_sequence,input_checksum,configuration_version,configuration_fingerprint,instance_key,solver_backend,cardinality_encoding,time_limit,solver_configuration
Yanasse,Tabela1/L1-1.txt,1,job-grouping-sat,clique,free-initial-magazine-v1,OPTIMAL,8,8,15,5,10,16,13,13,7,2,1,1,0.906673805,0.005528265,0.000248813,0.925624851,0.032680448,297,1660,4411,37500,60326,6236783,1262,"[0, 1, 2, 3, 4, 5, 6, 7]",52f9dc3fa6b3a488cb5fffc79c3063a885e850d756ebfe307c9b717214714789,job-grouping-sat-v1,a54742cc4785a1c57020713cb318b867bf332281940c4a836f44779c7cd99577,"[""Tabela1/L1-1.txt"",1,""job-grouping-sat"",""clique"",""free-initial-magazine-v1""]",cadical300,seqcounter,1200.0,"{""cardinality"":""seqcounter"",""configuration_version"":""job-grouping-sat-v1"",""objective_version"":""free-initial-magazine-v1"",""solver"":""cadical300"",""strength"":""clique"",""time_limit"":1200.0}"
Yanasse,Tabela1/L1-10.txt,10,job-grouping-sat,clique,free-initial-magazine-v1,OPTIMAL,8,8,15,5,10,12,10,10,6,2,2,0,0.252872875,0.004944802,0.000263007,0.269480609,0.269290387,297,1518,4075,15119,26426,1665922,305,"[7, 0, 1, 2, 3, 4, 5, 6]",12e60feaa61813f619b97bfe7117362d1003ffe7a9819a119a24160e16245328,job-grouping-sat-v1,a54742cc4785a1c57020713cb318b867bf332281940c4a836f44779c7cd99577,"[""Tabela1/L1-10.txt"",10,""job-grouping-sat"",""clique"",""free-initial-magazine-v1""]",cadical300,seqcounter,1200.0,"{""cardinality"":""seqcounter"",""configuration_version"":""job-grouping-sat-v1"",""objective_version"":""free-initial-magazine-v1"",""solver"":""cadical300"",""strength"":""clique"",""time_limit"":1200.0}"
Yanasse,Tabela1/L1-2.txt,2,job-grouping-sat,clique,free-initial-magazine-v1,OPTIMAL,8,8,15,5,10,18,12,12,7,5,4,1,1.192784187,0.011972160,0.000340964,1.237159327,0.349993545,297,1594,4273,55586,82497,8216258,1078,"[2, 1, 4, 0, 6, 5, 7, 3]",d844d67e9eb570a1e7bd13a3eda4796fca373e0ed57009d5708416179b20960d,job-grouping-sat-v1,a54742cc4785a1c57020713cb318b867bf332281940c4a836f44779c7cd99577,"[""Tabela1/L1-2.txt"",2,""job-grouping-sat"",""clique"",""free-initial-magazine-v1""]",cadical300,seqcounter,1200.0,"{""cardinality"":""seqcounter"",""configuration_version"":""job-grouping-sat-v1"",""objective_version"":""free-initial-magazine-v1"",""solver"":""cadical300"",""strength"":""clique"",""time_limit"":1200.0}"
Yanasse,Tabela1/L1-3.txt,3,job-grouping-sat,clique,free-initial-magazine-v1,OPTIMAL,8,8,15,5,10,14,10,10,5,2,2,0,0.010262233,0.004638513,0.000200558,0.027591101,0.027409193,297,1462,3923,179,2381,28017,1,"[1, 4, 0, 3, 6, 7, 5, 2]",c8d3ba2208b3cc2dad322daaf4f6caf3ef52287c4262763aad3c40b98bd7e17e,job-grouping-sat-v1,a54742cc4785a1c57020713cb318b867bf332281940c4a836f44779c7cd99577,"[""Tabela1/L1-3.txt"",3,""job-grouping-sat"",""clique"",""free-initial-magazine-v1""]",cadical300,seqcounter,1200.0,"{""cardinality"":""seqcounter"",""configuration_version"":""job-grouping-sat-v1"",""objective_version"":""free-initial-magazine-v1"",""solver"":""cadical300"",""strength"":""clique"",""time_limit"":1200.0}"
Yanasse,Tabela1/L1-4.txt,4,job-grouping-sat,clique,free-initial-magazine-v1,OPTIMAL,8,8,15,5,10,16,13,13,8,4,3,1,1.294457653,0.013752171,0.000296761,1.335623850,0.077084719,297,1692,4491,56591,84108,9937941,1418,"[6, 5, 0, 3, 2, 7, 4, 1]",e286f943462211b6e4823e699be077f68bc57fbf344e354f00b385bd94b680a7,job-grouping-sat-v1,a54742cc4785a1c57020713cb318b867bf332281940c4a836f44779c7cd99577,"[""Tabela1/L1-4.txt"",4,""job-grouping-sat"",""clique"",""free-initial-magazine-v1""]",cadical300,seqcounter,1200.0,"{""cardinality"":""seqcounter"",""configuration_version"":""job-grouping-sat-v1"",""objective_version"":""free-initial-magazine-v1"",""solver"":""cadical300"",""strength"":""clique"",""time_limit"":1200.0}"
Yanasse,Tabela1/L1-5.txt,5,job-grouping-sat,clique,free-initial-magazine-v1,OPTIMAL,8,8,15,5,10,13,11,11,7,2,1,1,1.328523335,0.004657390,0.000210830,1.347252650,0.025566237,297,1494,4035,65365,98864,8624476,1723,"[1, 4, 0, 7, 5, 3, 6, 2]",caed708594c76f1b4d0377a825c507548e4181c5eac8fa84931ad9fb63e81df5,job-grouping-sat-v1,a54742cc4785a1c57020713cb318b867bf332281940c4a836f44779c7cd99577,"[""Tabela1/L1-5.txt"",5,""job-grouping-sat"",""clique"",""free-initial-magazine-v1""]",cadical300,seqcounter,1200.0,"{""cardinality"":""seqcounter"",""configuration_version"":""job-grouping-sat-v1"",""objective_version"":""free-initial-magazine-v1"",""solver"":""cadical300"",""strength"":""clique"",""time_limit"":1200.0}"
Yanasse,Tabela1/L1-6.txt,6,job-grouping-sat,clique,free-initial-magazine-v1,OPTIMAL,8,8,15,5,10,18,14,14,7,4,3,1,1.132594050,0.010247081,0.000290512,1.167203453,0.110328743,297,1772,4649,48411,71645,9574713,1036,"[0, 1, 3, 4, 5, 6, 2, 7]",c0e902a7606bcdda2ce296b4771f329ff0bf7d1d4588b3cea1c731e466e4cbe7,job-grouping-sat-v1,a54742cc4785a1c57020713cb318b867bf332281940c4a836f44779c7cd99577,"[""Tabela1/L1-6.txt"",6,""job-grouping-sat"",""clique"",""free-initial-magazine-v1""]",cadical300,seqcounter,1200.0,"{""cardinality"":""seqcounter"",""configuration_version"":""job-grouping-sat-v1"",""objective_version"":""free-initial-magazine-v1"",""solver"":""cadical300"",""strength"":""clique"",""time_limit"":1200.0}"
Yanasse,Tabela1/L1-7.txt,7,job-grouping-sat,clique,free-initial-magazine-v1,OPTIMAL,8,8,15,5,10,18,14,14,8,5,4,1,1.007522979,0.012613806,0.000323855,1.051383627,0.277051365,297,1740,4577,41250,71487,7915662,1325,"[2, 0, 6, 1, 7, 3, 4, 5]",500fe88bf5497d61a4cd1d9c363a68cbfcfb71a8c75bbbac2f15f8f3f9f09d8b,job-grouping-sat-v1,a54742cc4785a1c57020713cb318b867bf332281940c4a836f44779c7cd99577,"[""Tabela1/L1-7.txt"",7,""job-grouping-sat"",""clique"",""free-initial-magazine-v1""]",cadical300,seqcounter,1200.0,"{""cardinality"":""seqcounter"",""configuration_version"":""job-grouping-sat-v1"",""objective_version"":""free-initial-magazine-v1"",""solver"":""cadical300"",""strength"":""clique"",""time_limit"":1200.0}"
Yanasse,Tabela1/L1-8.txt,8,job-grouping-sat,clique,free-initial-magazine-v1,OPTIMAL,8,8,15,5,10,13,11,11,6,2,1,1,0.747461123,0.004614191,0.000207249,0.763520061,0.026083631,297,1518,4123,38052,57040,5351595,1099,"[7, 4, 6, 2, 0, 5, 1, 3]",8d3e3d6a285fdbb2737daf84e1e6ad761621f463d434f5c989fec27b839ec5b2,job-grouping-sat-v1,a54742cc4785a1c57020713cb318b867bf332281940c4a836f44779c7cd99577,"[""Tabela1/L1-8.txt"",8,""job-grouping-sat"",""clique"",""free-initial-magazine-v1""]",cadical300,seqcounter,1200.0,"{""cardinality"":""seqcounter"",""configuration_version"":""job-grouping-sat-v1"",""objective_version"":""free-initial-magazine-v1"",""solver"":""cadical300"",""strength"":""clique"",""time_limit"":1200.0}"
Yanasse,Tabela1/L1-9.txt,9,job-grouping-sat,clique,free-initial-magazine-v1,OPTIMAL,8,8,15,5,10,15,12,12,7,4,3,1,1.056966858,0.013576497,0.000267847,1.094482965,0.143551535,297,1602,4297,53086,85924,7020966,1507,"[3, 6, 5, 1, 2, 7, 0, 4]",6253e11d75e04d9c23ebc9e5a73da9d24135decc53d5083b07cad8a1659e0c7d,job-grouping-sat-v1,a54742cc4785a1c57020713cb318b867bf332281940c4a836f44779c7cd99577,"[""Tabela1/L1-9.txt"",9,""job-grouping-sat"",""clique"",""free-initial-magazine-v1""]",cadical300,seqcounter,1200.0,"{""cardinality"":""seqcounter"",""configuration_version"":""job-grouping-sat-v1"",""objective_version"":""free-initial-magazine-v1"",""solver"":""cadical300"",""strength"":""clique"",""time_limit"":1200.0}"
Yanasse,Tabela1/L10-1.txt,1,job-grouping-sat,clique,free-initial-magazine-v1,OPTIMAL,8,8,20,15,5,14,9,9,7,5,4,1,1.047941491,0.015524975,0.000356392,1.098469634,0.237874683,372,1816,5191,54851,101049,6235023,1294,"[3, 7, 6, 5, 1, 2, 0, 4]",4e38c62b14b929690f9ba590a0f0da62b7495cef64a5adecbef76494aa8712fb,job-grouping-sat-v1,a54742cc4785a1c57020713cb318b867bf332281940c4a836f44779c7cd99577,"[""Tabela1/L10-1.txt"",1,""job-grouping-sat"",""clique"",""free-initial-magazine-v1""]",cadical300,seqcounter,1200.0,"{""cardinality"":""seqcounter"",""configuration_version"":""job-grouping-sat-v1"",""objective_version"":""free-initial-magazine-v1"",""solver"":""cadical300"",""strength"":""clique"",""time_limit"":1200.0}"
Yanasse,Tabela1/L10-10.txt,10,job-grouping-sat,clique,free-initial-magazine-v1,OPTIMAL,8,8,20,15,5,17,9,9,7,6,5,1,1.015844705,0.020900977,0.000417581,1.081341955,0.553199451,372,1824,5255,51271,83351,6965151,623,"[3, 6, 2, 1, 5, 7, 4, 0]",471bea4a5ef617ba47818a1ce12702dfea5567370f20845747cfff80e0aa6b0b,job-grouping-sat-v1,a54742cc4785a1c57020713cb318b867bf332281940c4a836f44779c7cd99577,"[""Tabela1/L10-10.txt"",10,""job-grouping-sat"",""clique"",""free-initial-magazine-v1""]",cadical300,seqcounter,1200.0,"{""cardinality"":""seqcounter"",""configuration_version"":""job-grouping-sat-v1"",""objective_version"":""free-initial-magazine-v1"",""solver"":""cadical300"",""strength"":""clique"",""time_limit"":1200.0}"
Yanasse,Tabela1/L10-2.txt,2,job-grouping-sat,clique,free-initial-magazine-v1,OPTIMAL,8,8,20,15,5,13,9,9,8,3,2,1,0.984753859,0.009195521,0.000274247,1.014880897,0.044210532,372,1808,5151,50524,85541,6047692,1212,"[4, 7, 1, 2, 5, 3, 0, 6]",84f53c8a01adef9a1574e1a353c793b77c8df67f5a5a6c136e6b9544b6151095,job-grouping-sat-v1,a54742cc4785a1c57020713cb318b867bf332281940c4a836f44779c7cd99577,"[""Tabela1/L10-2.txt"",2,""job-grouping-sat"",""clique"",""free-initial-magazine-v1""]",cadical300,seqcounter,1200.0,"{""cardinality"":""seqcounter"",""configuration_version"":""job-grouping-sat-v1"",""objective_version"":""free-initial-magazine-v1"",""solver"":""cadical300"",""strength"":""clique"",""time_limit"":1200.0}"
Yanasse,Tabela1/L10-3.txt,3,job-grouping-sat,clique,free-initial-magazine-v1,OPTIMAL,8,8,20,15,5,15,9,9,8,4,3,1,1.486102301,0.017283149,0.000305889,1.531767919,0.716540527,372,1784,5127,72085,125951,9270568,1997,"[5, 0, 2, 7, 4, 6, 3, 1]",b76dd7429306e6220c8bee79e8d270ba99f9554353c893d4d1c5394b76241d09,job-grouping-sat-v1,a54742cc4785a1c57020713cb318b867bf332281940c4a836f44779c7cd99577,"[""Tabela1/L10-3.txt"",3,""job-grouping-sat"",""clique"",""free-initial-magazine-v1""]",cadical300,seqcounter,1200.0,"{""cardinality"":""seqcounter"",""configuration_version"":""job-grouping-sat-v1"",""objective_version"":""free-initial-magazine-v1"",""solver"":""cadical300"",""strength"":""clique"",""time_limit"":1200.0}"
Yanasse,Tabela1/L10-4.txt,4,job-grouping-sat,clique,free-initial-magazine-v1,OPTIMAL,8,8,20,15,5,10,6,6,4,2,1,1,0.247511126,0.004947855,0.000220169,0.264164474,0.010030327,274,977,3001,16973,26050,1355816,484,"[0, 1, 3, 5, 2, 6, 4, 7]",bc5a1f6b7943f738ef8ec99491e415b7e096a1eb5233a19940d75267d5cf4bc4,job-grouping-sat-v1,a54742cc4785a1c57020713cb318b867bf332281940c4a836f44779c7cd99577,"[""Tabela1/L10-4.txt"",4,""job-grouping-sat"",""clique"",""free-initial-magazine-v1""]",cadical300,seqcounter,1200.0,"{""cardinality"":""seqcounter"",""configuration_version"":""job-grouping-sat-v1"",""objective_version"":""free-initial-magazine-v1"",""solver"":""cadical300"",""strength"":""clique"",""time_limit"":1200.0}"
Yanasse,Tabela1/L10-5.txt,5,job-grouping-sat,clique,free-initial-magazine-v1,OPTIMAL,8,8,20,15,5,12,9,9,4,4,3,1,0.721978937,0.012398932,0.000300104,0.762427017,0.053689103,372,1816,5215,35636,64148,4822531,1016,"[1, 7, 0, 3, 5, 6, 2, 4]",334475f062be3c037260a9bd2d879823c02d28e458684411236eeed24915b535,job-grouping-sat-v1,a54742cc4785a1c57020713cb318b867bf332281940c4a836f44779c7cd99577,"[""Tabela1/L10-5.txt"",5,""job-grouping-sat"",""clique"",""free-initial-magazine-v1""]",cadical300,seqcounter,1200.0,"{""cardinality"":""seqcounter"",""configuration_version"":""job-grouping-sat-v1"",""objective_version"":""free-initial-magazine-v1"",""solver"":""cadical300"",""strength"":""clique"",""time_limit"":1200.0}"
Yanasse,Tabela1/L10-6.txt,6,job-grouping-sat,clique,free-initial-magazine-v1,OPTIMAL,8,8,20,15,5,13,9,9,6,4,3,1,1.238001222,0.012516545,0.000304692,1.276827936,0.092630453,372,1784,5119,59588,96726,6926200,1040,"[0, 4, 1, 2, 5, 6, 7, 3]",10e485ec556b9ab474058e1c2761ed363886606446385e93fedbda7911cbbefe,job-grouping-sat-v1,a54742cc4785a1c57020713cb318b867bf332281940c4a836f44779c7cd99577,"[""Tabela1/L10-6.txt"",6,""job-grouping-sat"",""clique"",""free-initial-magazine-v1""]",cadical300,seqcounter,1200.0,"{""cardinality"":""seqcounter"",""configuration_version"":""job-grouping-sat-v1"",""objective_version"":""free-initial-magazine-v1"",""solver"":""cadical300"",""strength"":""clique"",""time_limit"":1200.0}"
Yanasse,Tabela1/L10-7.txt,7,job-grouping-sat,clique,free-initial-magazine-v1,OPTIMAL,8,8,20,15,5,7,5,5,4,1,1,0,0.017728010,0.002366871,0.000259655,0.025813796,0.025618151,323,1257,3680,925,3594,91789,17,"[0, 1, 5, 6, 4, 2, 3, 7]",c6ee695a9ba4d7c361b7d0644ceb72e4f648f8bf7e870c62f5e5853a3fd3d8d0,job-grouping-sat-v1,a54742cc4785a1c57020713cb318b867bf332281940c4a836f44779c7cd99577,"[""Tabela1/L10-7.txt"",7,""job-grouping-sat"",""clique"",""free-initial-magazine-v1""]",cadical300,seqcounter,1200.0,"{""cardinality"":""seqcounter"",""configuration_version"":""job-grouping-sat-v1"",""objective_version"":""free-initial-magazine-v1"",""solver"":""cadical300"",""strength"":""clique"",""time_limit"":1200.0}"
Yanasse,Tabela1/L10-8.txt,8,job-grouping-sat,clique,free-initial-magazine-v1,OPTIMAL,8,8,20,15,5,10,7,7,7,3,2,1,0.647549240,0.008491085,0.000266459,0.674395098,0.113662733,323,1299,3876,35758,66810,3398974,1345,"[0, 1, 6, 4, 7, 5, 2, 3]",7d573ee4e627d5a929e2ccf78e7a2095d952f0fa2d8201a7487aa5fcbbb0aab2,job-grouping-sat-v1,a54742cc4785a1c57020713cb318b867bf332281940c4a836f44779c7cd99577,"[""Tabela1/L10-8.txt"",8,""job-grouping-sat"",""clique"",""free-initial-magazine-v1""]",cadical300,seqcounter,1200.0,"{""cardinality"":""seqcounter"",""configuration_version"":""job-grouping-sat-v1"",""objective_version"":""free-initial-magazine-v1"",""solver"":""cadical300"",""strength"":""clique"",""time_limit"":1200.0}"
Yanasse,Tabela1/L10-9.txt,9,job-grouping-sat,clique,free-initial-magazine-v1,OPTIMAL,8,8,20,15,5,17,10,10,7,5,4,1,0.623336592,0.022350891,0.000377002,0.683333131,0.139948995,372,1939,5499,28028,56190,4392613,553,"[4, 1, 5, 2, 3, 7, 0, 6]",4201e7d6204e9e685ae1ce78f1489ed08d84bc8cec96f01f3504ff8d8a28afc0,job-grouping-sat-v1,a54742cc4785a1c57020713cb318b867bf332281940c4a836f44779c7cd99577,"[""Tabela1/L10-9.txt"",9,""job-grouping-sat"",""clique"",""free-initial-magazine-v1""]",cadical300,seqcounter,1200.0,"{""cardinality"":""seqcounter"",""configuration_version"":""job-grouping-sat-v1"",""objective_version"":""free-initial-magazine-v1"",""solver"":""cadical300"",""strength"":""clique"",""time_limit"":1200.0}"
Yanasse,Tabela1/L11-1.txt,1,job-grouping-sat,clique,free-initial-magazine-v1,OPTIMAL,8,8,20,15,5,14,10,10,7,5,4,1,1.236922826,0.017875319,0.000398123,1.293278851,0.365537326,372,1939,5547,63286,116771,7069731,1605,"[1, 7, 3, 0, 4, 5, 2, 6]",2076ef045283911eab3387da9a7dab5ae0b7dc8719ee71fe657deed85df51d70,job-grouping-sat-v1,a54742cc4785a1c57020713cb318b867bf332281940c4a836f44779c7cd99577,"[""Tabela1/L11-1.txt"",1,""job-grouping-sat"",""clique"",""free-initial-magazine-v1""]",cadical300,seqcounter,1200.0,"{""cardinality"":""seqcounter"",""configuration_version"":""job-grouping-sat-v1"",""objective_version"":""free-initial-magazine-v1"",""solver"":""cadical300"",""strength"":""clique"",""time_limit"":1200.0}"
Yanasse,Tabela1/L11-10.txt,10,job-grouping-sat,clique,free-initial-magazine-v1,OPTIMAL,8,8,20,15,5,13,11,11,7,3,2,1,2.635465333,0.010254058,0.000325451,2.668556215,1.538488701,372,2076,5859,114035,191559,16276481,2778,"[2, 3, 0, 4, 7, 5, 1, 6]",661953af2a1ca885befbe2672f6ae0b6c74a4690f1033fc674073832faf2b0bf,job-grouping-sat-v1,a54742cc4785a1c57020713cb318b867bf332281940c4a836f44779c7cd99577,"[""Tabela1/L11-10.txt"",10,""job-grouping-sat"",""clique"",""free-initial-magazine-v1""]",cadical300,seqcounter,1200.0,"{""cardinality"":""seqcounter"",""configuration_version"":""job-grouping-sat-v1"",""objective_version"":""free-initial-magazine-v1"",""solver"":""cadical300"",""strength"":""clique"",""time_limit"":1200.0}"
Yanasse,Tabela1/L11-2.txt,2,job-grouping-sat,clique,free-initial-magazine-v1,OPTIMAL,8,8,20,15,5,17,9,9,7,5,4,1,1.037531717,0.021299623,0.000370688,1.095358374,0.312828083,372,1832,5327,50936,100720,6724055,1899,"[7, 4, 0, 6, 5, 3, 1, 2]",98983e2ca6b14d9246286e202dcc43011569f8ae211bd62fd66714e0f9b29c13,job-grouping-sat-v1,a54742cc4785a1c57020713cb318b867bf332281940c4a836f44779c7cd99577,"[""Tabela1/L11-2.txt"",2,""job-grouping-sat"",""clique"",""free-initial-magazine-v1""]",cadical300,seqcounter,1200.0,"{""cardinality"":""seqcounter"",""configuration_version"":""job-grouping-sat-v1"",""objective_version"":""free-initial-magazine-v1"",""solver"":""cadical300"",""strength"":""clique"",""time_limit"":1200.0}"
Yanasse,Tabela1/L11-3.txt,3,job-grouping-sat,clique,free-initial-magazine-v1,OPTIMAL,8,8,20,15,5,20,15,15,8,3,2,1,1.661653693,0.011857853,0.000306109,1.698380385,0.077975619,372,2516,6755,62002,109191,11788640,1861,"[0, 1, 6, 4, 2, 7, 5, 3]",16dde3925c16818b8647a208350dbd06638111f488239c448ae45bc4b9a11931,job-grouping-sat-v1,a54742cc4785a1c57020713cb318b867bf332281940c4a836f44779c7cd99577,"[""Tabela1/L11-3.txt"",3,""job-grouping-sat"",""clique"",""free-initial-magazine-v1""]",cadical300,seqcounter,1200.0,"{""cardinality"":""seqcounter"",""configuration_version"":""job-grouping-sat-v1"",""objective_version"":""free-initial-magazine-v1"",""solver"":""cadical300"",""strength"":""clique"",""time_limit"":1200.0}"
Yanasse,Tabela1/L11-4.txt,4,job-grouping-sat,clique,free-initial-magazine-v1,OPTIMAL,8,8,20,15,5,16,10,10,8,6,5,1,1.601357847,0.021330352,0.000420775,1.666032838,0.668154237,372,1955,5619,81969,151309,10145020,2458,"[3, 5, 4, 2, 0, 6, 1, 7]",72384a2c1564c7ee108cb31538c356dc7c24359fb805dac7b8f8911444f018a3,job-grouping-sat-v1,a54742cc4785a1c57020713cb318b867bf332281940c4a836f44779c7cd99577,"[""Tabela1/L11-4.txt"",4,""job-grouping-sat"",""clique"",""free-initial-magazine-v1""]",cadical300,seqcounter,1200.0,"{""cardinality"":""seqcounter"",""configuration_version"":""job-grouping-sat-v1"",""objective_version"":""free-initial-magazine-v1"",""solver"":""cadical300"",""strength"":""clique"",""time_limit"":1200.0}"
Yanasse,Tabela1/L11-5.txt,5,job-grouping-sat,clique,free-initial-magazine-v1,OPTIMAL,8,8,20,15,5,23,16,16,8,5,4,1,1.631834057,0.024079113,0.000370987,1.696079716,0.187895517,372,2587,6887,63143,111593,12448332,1701,"[5, 7, 2, 1, 4, 0, 3, 6]",525addd58c9c608c16a3573d29852e5b4698fde9055da3a120d3c6af7af6947b,job-grouping-sat-v1,a54742cc4785a1c57020713cb318b867bf332281940c4a836f44779c7cd99577,"[""Tabela1/L11-5.txt"",5,""job-grouping-sat"",""clique"",""free-initial-magazine-v1""]",cadical300,seqcounter,1200.0,"{""cardinality"":""seqcounter"",""configuration_version"":""job-grouping-sat-v1"",""objective_version"":""free-initial-magazine-v1"",""solver"":""cadical300"",""strength"":""clique"",""time_limit"":1200.0}"
Yanasse,Tabela1/L11-6.txt,6,job-grouping-sat,clique,free-initial-magazine-v1,OPTIMAL,8,8,20,15,5,17,12,12,7,4,3,1,2.377884790,0.015519062,0.000358833,2.430946927,1.136919526,372,2163,6007,95757,182403,14932330,3607,"[2, 0, 4, 5, 6, 1, 7, 3]",be3ac711533b4a4f267f24642dbcb3ac45b91d03eb8267bd1becc72ba4a58fb5,job-grouping-sat-v1,a54742cc4785a1c57020713cb318b867bf332281940c4a836f44779c7cd99577,"[""Tabela1/L11-6.txt"",6,""job-grouping-sat"",""clique"",""free-initial-magazine-v1""]",cadical300,seqcounter,1200.0,"{""cardinality"":""seqcounter"",""configuration_version"":""job-grouping-sat-v1"",""objective_version"":""free-initial-magazine-v1"",""solver"":""cadical300"",""strength"":""clique"",""time_limit"":1200.0}"
Yanasse,Tabela1/L11-7.txt,7,job-grouping-sat,clique,free-initial-magazine-v1,OPTIMAL,8,8,20,15,5,18,13,13,8,4,3,1,2.014647884,0.014974808,0.000337589,2.061028443,0.437979679,372,2288,6247,88909,166078,13112551,2903,"[7, 6, 4, 2, 5, 3, 1, 0]",5a7a54a958bd7747a09a0724b246e693c85826c793f7da93522035cdb60a5d0b,job-grouping-sat-v1,a54742cc4785a1c57020713cb318b867bf332281940c4a836f44779c7cd99577,"[""Tabela1/L11-7.txt"",7,""job-grouping-sat"",""clique"",""free-initial-magazine-v1""]",cadical300,seqcounter,1200.0,"{""cardinality"":""seqcounter"",""configuration_version"":""job-grouping-sat-v1"",""objective_version"":""free-initial-magazine-v1"",""solver"":""cadical300"",""strength"":""clique"",""time_limit"":1200.0}"
Yanasse,Tabela1/L11-8.txt,8,job-grouping-sat,clique,free-initial-magazine-v1,OPTIMAL,8,8,20,15,5,21,15,15,8,6,5,1,1.947219888,0.029305072,0.000442025,2.026475141,0.480263649,372,2508,6747,68641,132216,14198194,2040,"[3, 0, 7, 2, 5, 6, 1, 4]",6b7618709f6fd20bd57449d1819c49a572dc1f231ebbe996863200a1a6ac9543,job-grouping-sat-v1,a54742cc4785a1c57020713cb318b867bf332281940c4a836f44779c7cd99577,"[""Tabela1/L11-8.txt"",8,""job-grouping-sat"",""clique"",""free-initial-magazine-v1""]",cadical300,seqcounter,1200.0,"{""cardinality"":""seqcounter"",""configuration_version"":""job-grouping-sat-v1"",""objective_version"":""free-initial-magazine-v1"",""solver"":""cadical300"",""strength"":""clique"",""time_limit"":1200.0}"
Yanasse,Tabela1/L11-9.txt,9,job-grouping-sat,clique,free-initial-magazine-v1,OPTIMAL,8,8,20,15,5,18,13,13,8,6,5,1,1.935665598,0.024767404,0.000445538,2.008465654,0.860657013,372,2312,6375,73533,120423,14031529,1791,"[3, 2, 5, 4, 6, 7, 1, 0]",fcfb127b0ff8cdb42092ce12668f5f2c6d29d8dd1c7698c1bb3f4a9cfc62dd3d,job-grouping-sat-v1,a54742cc4785a1c57020713cb318b867bf332281940c4a836f44779c7cd99577,"[""Tabela1/L11-9.txt"",9,""job-grouping-sat"",""clique"",""free-initial-magazine-v1""]",cadical300,seqcounter,1200.0,"{""cardinality"":""seqcounter"",""configuration_version"":""job-grouping-sat-v1"",""objective_version"":""free-initial-magazine-v1"",""solver"":""cadical300"",""strength"":""clique"",""time_limit"":1200.0}"
Yanasse,Tabela1/L12-1.txt,1,job-grouping-sat,clique,free-initial-magazine-v1,OPTIMAL,8,8,25,10,15,29,19,19,8,5,4,1,16.248818686,0.036983606,0.000385690,16.346112483,2.178896026,447,4194,10003,527585,936715,114273882,16948,"[2, 5, 1, 4, 3, 6, 0, 7]",2edce565125aa5d7e294f083266b44994f17f6cf3065cbb829e578809fe8c402,job-grouping-sat-v1,a54742cc4785a1c57020713cb318b867bf332281940c4a836f44779c7cd99577,"[""Tabela1/L12-1.txt"",1,""job-grouping-sat"",""clique"",""free-initial-magazine-v1""]",cadical300,seqcounter,1200.0,"{""cardinality"":""seqcounter"",""configuration_version"":""job-grouping-sat-v1"",""objective_version"":""free-initial-magazine-v1"",""solver"":""cadical300"",""strength"":""clique"",""time_limit"":1200.0}"
Yanasse,Tabela1/L12-10.txt,10,job-grouping-sat,clique,free-initial-magazine-v1,OPTIMAL,8,8,25,10,15,25,19,19,6,3,2,1,61.675388811,0.018819438,0.000300047,61.744986537,0.132145823,447,4194,10003,1796546,3000359,277134861,56499,"[6, 3, 5, 1, 0, 2, 4, 7]",e97db9979077297b25f1ec122b9a09a7774b67759f7c322b3d25e9a5c390afb9,job-grouping-sat-v1,a54742cc4785a1c57020713cb318b867bf332281940c4a836f44779c7cd99577,"[""Tabela1/L12-10.txt"",10,""job-grouping-sat"",""clique"",""free-initial-magazine-v1""]",cadical300,seqcounter,1200.0,"{""cardinality"":""seqcounter"",""configuration_version"":""job-grouping-sat-v1"",""objective_version"":""free-initial-magazine-v1"",""solver"":""cadical300"",""strength"":""clique"",""time_limit"":1200.0}"
Yanasse,Tabela1/L12-2.txt,2,job-grouping-sat,clique,free-initial-magazine-v1,OPTIMAL,8,8,25,10,15,26,19,19,8,6,5,1,25.722470752,0.045984168,0.000469306,25.848537417,6.823558977,447,4202,10059,865041,1652450,163720522,29486,"[0, 2, 4, 6, 3, 5, 1, 7]",e13e0a5a6f1c217f05d822264da8984072e129183e8b0eefd6ff951a2b7d61b4,job-grouping-sat-v1,a54742cc4785a1c57020713cb318b867bf332281940c4a836f44779c7cd99577,"[""Tabela1/L12-2.txt"",2,""job-grouping-sat"",""clique"",""free-initial-magazine-v1""]",cadical300,seqcounter,1200.0,"{""cardinality"":""seqcounter"",""configuration_version"":""job-grouping-sat-v1"",""objective_version"":""free-initial-magazine-v1"",""solver"":""cadical300"",""strength"":""clique"",""time_limit"":1200.0}"
Yanasse,Tabela1/L12-3.txt,3,job-grouping-sat,clique,free-initial-magazine-v1,OPTIMAL,8,8,25,10,15,23,17,17,7,3,2,1,72.573627840,0.018104102,0.000289699,72.635160350,1.869379105,447,3888,9339,2249832,3702135,264856050,70063,"[7, 3, 2, 6, 0, 5, 1, 4]",8563f90c7435fa6d98786820dde4802a3dc8aa25b23e7dca772a95fdadb8c3c8,job-grouping-sat-v1,a54742cc4785a1c57020713cb318b867bf332281940c4a836f44779c7cd99577,"[""Tabela1/L12-3.txt"",3,""job-grouping-sat"",""clique"",""free-initial-magazine-v1""]",cadical300,seqcounter,1200.0,"{""cardinality"":""seqcounter"",""configuration_version"":""job-grouping-sat-v1"",""objective_version"":""free-initial-magazine-v1"",""solver"":""cadical300"",""strength"":""clique"",""time_limit"":1200.0}"
Yanasse,Tabela1/L12-4.txt,4,job-grouping-sat,clique,free-initial-magazine-v1,OPTIMAL,8,8,25,10,15,18,16,16,7,3,2,1,406.892940805,0.022531160,0.000291325,406.998648168,1.446406336,447,3728,8989,8454681,13272049,782212058,263136,"[0, 3, 4, 6, 5, 1, 2, 7]",8c2ea027dc2e45d100096abfe4f4f615dda677925779ed9da09a02e82cd64694,job-grouping-sat-v1,a54742cc4785a1c57020713cb318b867bf332281940c4a836f44779c7cd99577,"[""Tabela1/L12-4.txt"",4,""job-grouping-sat"",""clique"",""free-initial-magazine-v1""]",cadical300,seqcounter,1200.0,"{""cardinality"":""seqcounter"",""configuration_version"":""job-grouping-sat-v1"",""objective_version"":""free-initial-magazine-v1"",""solver"":""cadical300"",""strength"":""clique"",""time_limit"":1200.0}"
Yanasse,Tabela1/L12-5.txt,5,job-grouping-sat,clique,free-initial-magazine-v1,OPTIMAL,8,8,25,10,15,28,21,21,7,5,4,1,22.562264700,0.033628407,0.000366379,22.655609319,3.205159592,447,4468,10555,682107,1150201,143647825,18088,"[0, 7, 1, 5, 2, 3, 6, 4]",6acba7b589af539d52b4dcca1b43eeb9f61713e2907f83980dff7f8cdc3bdb79,job-grouping-sat-v1,a54742cc4785a1c57020713cb318b867bf332281940c4a836f44779c7cd99577,"[""Tabela1/L12-5.txt"",5,""job-grouping-sat"",""clique"",""free-initial-magazine-v1""]",cadical300,seqcounter,1200.0,"{""cardinality"":""seqcounter"",""configuration_version"":""job-grouping-sat-v1"",""objective_version"":""free-initial-magazine-v1"",""solver"":""cadical300"",""strength"":""clique"",""time_limit"":1200.0}"
Yanasse,Tabela1/L12-6.txt,6,job-grouping-sat,clique,free-initial-magazine-v1,OPTIMAL,8,8,25,10,15,21,16,16,7,4,3,1,21.917343504,0.029841133,0.000339600,21.994813364,6.721006313,447,3744,9093,665577,1221710,129000624,22209,"[1, 6, 7, 2, 0, 4, 3, 5]",4e191d474c6be0951875d587b901c1215a4200301a48babac74da51f3279bca7,job-grouping-sat-v1,a54742cc4785a1c57020713cb318b867bf332281940c4a836f44779c7cd99577,"[""Tabela1/L12-6.txt"",6,""job-grouping-sat"",""clique"",""free-initial-magazine-v1""]",cadical300,seqcounter,1200.0,"{""cardinality"":""seqcounter"",""configuration_version"":""job-grouping-sat-v1"",""objective_version"":""free-initial-magazine-v1"",""solver"":""cadical300"",""strength"":""clique"",""time_limit"":1200.0}"
Yanasse,Tabela1/L12-7.txt,7,job-grouping-sat,clique,free-initial-magazine-v1,OPTIMAL,8,8,25,10,15,27,21,21,8,5,4,1,16.043574344,0.039328846,0.000462444,16.153813115,3.094141981,447,4404,10411,427410,860234,105079281,15125,"[0, 4, 1, 6, 5, 2, 3, 7]",996206b579e7c19b37091043bb1531b582fbc0fa2c09f93c2828c5aaff727296,job-grouping-sat-v1,a54742cc4785a1c57020713cb318b867bf332281940c4a836f44779c7cd99577,"[""Tabela1/L12-7.txt"",7,""job-grouping-sat"",""clique"",""free-initial-magazine-v1""]",cadical300,seqcounter,1200.0,"{""cardinality"":""seqcounter"",""configuration_version"":""job-grouping-sat-v1"",""objective_version"":""free-initial-magazine-v1"",""solver"":""cadical300"",""strength"":""clique"",""time_limit"":1200.0}"
Yanasse,Tabela1/L12-8.txt,8,job-grouping-sat,clique,free-initial-magazine-v1,OPTIMAL,8,8,25,10,15,27,19,19,8,5,4,1,18.044077502,0.037311252,0.000490903,18.141869933,3.841729999,447,4178,9987,467656,844263,110056375,13834,"[2, 6, 0, 7, 5, 1, 3, 4]",92e21753e9fc44d5e1753b31edf01cf65f92d3eb7033114e53e97370f9ba4851,job-grouping-sat-v1,a54742cc4785a1c57020713cb318b867bf332281940c4a836f44779c7cd99577,"[""Tabela1/L12-8.txt"",8,""job-grouping-sat"",""clique"",""free-initial-magazine-v1""]",cadical300,seqcounter,1200.0,"{""cardinality"":""seqcounter"",""configuration_version"":""job-grouping-sat-v1"",""objective_version"":""free-initial-magazine-v1"",""solver"":""cadical300"",""strength"":""clique"",""time_limit"":1200.0}"
Yanasse,Tabela1/L12-9.txt,9,job-grouping-sat,clique,free-initial-magazine-v1,OPTIMAL,8,8,25,10,15,23,19,19,6,2,1,1,60.070333425,0.015499498,0.000278344,60.116754425,0.054575752,447,4138,9843,1692623,2761438,236058070,51882,"[5, 1, 6, 3, 7, 2, 0, 4]",a380addfa8895ffb57a0a2779308223f2f5ea76e8c6df1f98eb3641bb3b86099,job-grouping-sat-v1,a54742cc4785a1c57020713cb318b867bf332281940c4a836f44779c7cd99577,"[""Tabela1/L12-9.txt"",9,""job-grouping-sat"",""clique"",""free-initial-magazine-v1""]",cadical300,seqcounter,1200.0,"{""cardinality"":""seqcounter"",""configuration_version"":""job-grouping-sat-v1"",""objective_version"":""free-initial-magazine-v1"",""solver"":""cadical300"",""strength"":""clique"",""time_limit"":1200.0}"
Yanasse,Tabela1/L13-1.txt,1,job-grouping-sat,clique,free-initial-magazine-v1,OPTIMAL,8,8,25,10,15,24,19,19,8,4,3,1,17.792834679,0.036984500,0.000354154,17.883074861,3.822406567,447,4170,9971,476664,827367,116058414,14917,"[2, 5, 1, 6, 7, 3, 4, 0]",adc8331277c18f18e88dcc5116557b98033cf2600a0a76ec53295e876617792d,job-grouping-sat-v1,a54742cc4785a1c57020713cb318b867bf332281940c4a836f44779c7cd99577,"[""Tabela1/L13-1.txt"",1,""job-grouping-sat"",""clique"",""free-initial-magazine-v1""]",cadical300,seqcounter,1200.0,"{""cardinality"":""seqcounter"",""configuration_version"":""job-grouping-sat-v1"",""objective_version"":""free-initial-magazine-v1"",""solver"":""cadical300"",""strength"":""clique"",""time_limit"":1200.0}"
Yanasse,Tabela1/L13-10.txt,10,job-grouping-sat,clique,free-initial-magazine-v1,OPTIMAL,8,8,25,10,15,28,18,18,7,5,4,1,39.187428061,0.039640244,0.000411285,39.291576240,12.532478470,447,4054,9733,1268850,2158737,209975067,39629,"[2, 5, 6, 7, 0, 3, 1, 4]",a3fb1abb4c5ffb6d9c666bbb2be1c7d6dd0869f86758855ada9ce497e48a3833,job-grouping-sat-v1,a54742cc4785a1c57020713cb318b867bf332281940c4a836f44779c7cd99577,"[""Tabela1/L13-10.txt"",10,""job-grouping-sat"",""clique"",""free-initial-magazine-v1""]",cadical300,seqcounter,1200.0,"{""cardinality"":""seqcounter"",""configuration_version"":""job-grouping-sat-v1"",""objective_version"":""free-initial-magazine-v1"",""solver"":""cadical300"",""strength"":""clique"",""time_limit"":1200.0}"
Yanasse,Tabela1/L13-2.txt,2,job-grouping-sat,clique,free-initial-magazine-v1,OPTIMAL,8,8,25,10,15,36,24,24,8,8,7,1,13.440131151,0.073085088,0.000580529,13.617519867,7.058924626,447,4848,11389,353486,689860,108915792,12479,"[7, 6, 0, 4, 1, 5, 3, 2]",2ce82e12089b3a43ca97a514d880683d9de3515989bd704cd283faa491b36502,job-grouping-sat-v1,a54742cc4785a1c57020713cb318b867bf332281940c4a836f44779c7cd99577,"[""Tabela1/L13-2.txt"",2,""job-grouping-sat"",""clique"",""free-initial-magazine-v1""]",cadical300,seqcounter,1200.0,"{""cardinality"":""seqcounter"",""configuration_version"":""job-grouping-sat-v1"",""objective_version"":""free-initial-magazine-v1"",""solver"":""cadical300"",""strength"":""clique"",""time_limit"":1200.0}"
Yanasse,Tabela1/L13-3.txt,3,job-grouping-sat,clique,free-initial-magazine-v1,OPTIMAL,8,8,25,10,15,29,21,21,7,5,4,1,6.880087981,0.035019709,0.000402075,6.978010995,0.754272719,447,4452,10595,213204,412710,52412208,7243,"[2, 1, 4, 3, 6, 5, 0, 7]",28e02cc8277ba35024ba6761629e26a7fd8b2c2cf35b1077154c879c37bc0d11,job-grouping-sat-v1,a54742cc4785a1c57020713cb318b867bf332281940c4a836f44779c7cd99577,"[""Tabela1/L13-3.txt"",3,""job-grouping-sat"",""clique"",""free-initial-magazine-v1""]",cadical300,seqcounter,1200.0,"{""cardinality"":""seqcounter"",""configuration_version"":""job-grouping-sat-v1"",""objective_version"":""free-initial-magazine-v1"",""solver"":""cadical300"",""strength"":""clique"",""time_limit"":1200.0}"
Yanasse,Tabela1/L13-4.txt,4,job-grouping-sat,clique,free-initial-magazine-v1,OPTIMAL,8,8,25,10,15,40,25,25,8,5,4,1,8.854061682,0.049534511,0.000439346,8.978034957,3.831587723,447,4976,11667,191161,339102,85941179,7023,"[2, 5, 0, 1, 6, 7, 4, 3]",2f8d8de1f8a194106ce3117455f8b238bff3274c7343697b64b65eaf22b1056b,job-grouping-sat-v1,a54742cc4785a1c57020713cb318b867bf332281940c4a836f44779c7cd99577,"[""Tabela1/L13-4.txt"",4,""job-grouping-sat"",""clique"",""free-initial-magazine-v1""]",cadical300,seqcounter,1200.0,"{""cardinality"":""seqcounter"",""configuration_version"":""job-grouping-sat-v1"",""objective_version"":""free-initial-magazine-v1"",""solver"":""cadical300"",""strength"":""clique"",""time_limit"":1200.0}"
Yanasse,Tabela1/L13-5.txt,5,job-grouping-sat,clique,free-initial-magazine-v1,OPTIMAL,8,8,25,10,15,28,21,21,8,6,5,1,10.795216628,0.054124448,0.000562112,10.931636218,4.344805143,447,4476,10651,284231,542484,84589802,10030,"[6, 1, 0, 3, 4, 5, 2, 7]",3875874755d433ad085bedc1fb6782890cc7cfd077243dc5b0f11a78602fa9a2,job-grouping-sat-v1,a54742cc4785a1c57020713cb318b867bf332281940c4a836f44779c7cd99577,"[""Tabela1/L13-5.txt"",5,""job-grouping-sat"",""clique"",""free-initial-magazine-v1""]",cadical300,seqcounter,1200.0,"{""cardinality"":""seqcounter"",""configuration_version"":""job-grouping-sat-v1"",""objective_version"":""free-initial-magazine-v1"",""solver"":""cadical300"",""strength"":""clique"",""time_limit"":1200.0}"
Yanasse,Tabela1/L13-6.txt,6,job-grouping-sat,clique,free-initial-magazine-v1,OPTIMAL,8,8,25,10,15,21,18,18,7,4,3,1,32.826698147,0.025737689,0.000344993,32.898634511,1.671793259,447,4038,9693,1019090,1784567,184236254,33580,"[3, 7, 0, 4, 2, 1, 6, 5]",497a2f53d078187769ab2aa934678265f8bb96027ab0ddb71c1c4fca0fbc465b,job-grouping-sat-v1,a54742cc4785a1c57020713cb318b867bf332281940c4a836f44779c7cd99577,"[""Tabela1/L13-6.txt"",6,""job-grouping-sat"",""clique"",""free-initial-magazine-v1""]",cadical300,seqcounter,1200.0,"{""cardinality"":""seqcounter"",""configuration_version"":""job-grouping-sat-v1"",""objective_version"":""free-initial-magazine-v1"",""solver"":""cadical300"",""strength"":""clique"",""time_limit"":1200.0}"
Yanasse,Tabela1/L13-7.txt,7,job-grouping-sat,clique,free-initial-magazine-v1,OPTIMAL,8,8,25,10,15,33,22,22,8,4,3,1,7.198758131,0.033409712,0.000349992,7.278932852,2.146920372,447,4586,10869,205751,395929,62552904,7623,"[0, 3, 2, 7, 5, 4, 6, 1]",5b7774dc11fe8fd85302a0f26a0b8b3d2a1c1c70361e79601ee4db71dfb861e3,job-grouping-sat-v1,a54742cc4785a1c57020713cb318b867bf332281940c4a836f44779c7cd99577,"[""Tabela1/L13-7.txt"",7,""job-grouping-sat"",""clique"",""free-initial-magazine-v1""]",cadical300,seqcounter,1200.0,"{""cardinality"":""seqcounter"",""configuration_version"":""job-grouping-sat-v1"",""objective_version"":""free-initial-magazine-v1"",""solver"":""cadical300"",""strength"":""clique"",""time_limit"":1200.0}"
Yanasse,Tabela1/L13-8.txt,8,job-grouping-sat,clique,free-initial-magazine-v1,OPTIMAL,8,8,25,10,15,28,22,22,8,6,5,1,16.859195419,0.046908346,0.000437571,16.981576828,2.617429116,447,4586,10837,513420,989164,119467320,19219,"[0, 6, 1, 3, 5, 4, 7, 2]",27fe10549a3553638a39bc84c7c78e5e3b739cdfe94fe2057538cba336f80132,job-grouping-sat-v1,a54742cc4785a1c57020713cb318b867bf332281940c4a836f44779c7cd99577,"[""Tabela1/L13-8.txt"",8,""job-grouping-sat"",""clique"",""free-initial-magazine-v1""]",cadical300,seqcounter,1200.0,"{""cardinality"":""seqcounter"",""configuration_version"":""job-grouping-sat-v1"",""objective_version"":""free-initial-magazine-v1"",""solver"":""cadical300"",""strength"":""clique"",""time_limit"":1200.0}"
Yanasse,Tabela1/L13-9.txt,9,job-grouping-sat,clique,free-initial-magazine-v1,OPTIMAL,8,8,25,10,15,24,20,20,8,5,4,1,49.690966379,0.036137876,0.000400129,49.794544503,23.612503099,447,4324,10285,1465419,2710562,307426253,49925,"[5, 6, 4, 1, 0, 3, 2, 7]",be6aa6e7920c9c7b3f0dcb371f6f85314a79c0e2313b475c1581ca5e89471da6,job-grouping-sat-v1,a54742cc4785a1c57020713cb318b867bf332281940c4a836f44779c7cd99577,"[""Tabela1/L13-9.txt"",9,""job-grouping-sat"",""clique"",""free-initial-magazine-v1""]",cadical300,seqcounter,1200.0,"{""cardinality"":""seqcounter"",""configuration_version"":""job-grouping-sat-v1"",""objective_version"":""free-initial-magazine-v1"",""solver"":""cadical300"",""strength"":""clique"",""time_limit"":1200.0}"
Yanasse,Tabela1/L14-1.txt,1,job-grouping-sat,clique,free-initial-magazine-v1,OPTIMAL,8,8,25,15,10,11,10,10,6,1,1,0,0.108323711,0.005216851,0.000194338,0.122914448,0.122403726,447,2906,7299,5171,14369,712278,136,"[1, 5, 4, 7, 2, 3, 0, 6]",2504ffbbeebae9aba2ba3bffb3f3feaf2f31e08699f9427fb03e87201d856b62,job-grouping-sat-v1,a54742cc4785a1c57020713cb318b867bf332281940c4a836f44779c7cd99577,"[""Tabela1/L14-1.txt"",1,""job-grouping-sat"",""clique"",""free-initial-magazine-v1""]",cadical300,seqcounter,1200.0,"{""cardinality"":""seqcounter"",""configuration_version"":""job-grouping-sat-v1"",""objective_version"":""free-initial-magazine-v1"",""solver"":""cadical300"",""strength"":""clique"",""time_limit"":1200.0}"
Yanasse,Tabela1/L14-10.txt,10,job-grouping-sat,clique,free-initial-magazine-v1,OPTIMAL,8,8,25,15,10,10,10,10,6,0,0,0,0.000000000,0.000000000,0.000208985,0.000252138,0.000208985,0,0,0,0,0,0,0,"[0, 3, 6, 7, 1, 4, 2, 5]",8870aa6593603913700ef9e05811541e67778af18b51aecf37288a79f3a76f82,job-grouping-sat-v1,a54742cc4785a1c57020713cb318b867bf332281940c4a836f44779c7cd99577,"[""Tabela1/L14-10.txt"",10,""job-grouping-sat"",""clique"",""free-initial-magazine-v1""]",cadical300,seqcounter,1200.0,"{""cardinality"":""seqcounter"",""configuration_version"":""job-grouping-sat-v1"",""objective_version"":""free-initial-magazine-v1"",""solver"":""cadical300"",""strength"":""clique"",""time_limit"":1200.0}"
Yanasse,Tabela1/L14-2.txt,2,job-grouping-sat,clique,free-initial-magazine-v1,OPTIMAL,8,8,25,15,10,15,10,10,3,1,1,0,0.000235257,0.005564088,0.000185739,0.016567918,0.015954573,447,3526,8555,0,0,0,0,"[0, 3, 4, 7, 1, 5, 2, 6]",1242d9dea1afc5aa2d0cf3360357b5970149bf7fdf41b1a4ea552cc4fb9f8f3b,job-grouping-sat-v1,a54742cc4785a1c57020713cb318b867bf332281940c4a836f44779c7cd99577,"[""Tabela1/L14-2.txt"",2,""job-grouping-sat"",""clique"",""free-initial-magazine-v1""]",cadical300,seqcounter,1200.0,"{""cardinality"":""seqcounter"",""configuration_version"":""job-grouping-sat-v1"",""objective_version"":""free-initial-magazine-v1"",""solver"":""cadical300"",""strength"":""clique"",""time_limit"":1200.0}"
Yanasse,Tabela1/L14-3.txt,3,job-grouping-sat,clique,free-initial-magazine-v1,OPTIMAL,8,8,25,15,10,14,10,10,4,2,2,0,0.078662903,0.015793635,0.000294418,0.114517760,0.114049827,447,2906,7315,2493,11843,422460,18,"[2, 3, 4, 5, 7, 0, 1, 6]",3de0a544d9d31ff1d65e588059b16fc1e89b12a99c9400d8f8750f952fa6c94a,job-grouping-sat-v1,a54742cc4785a1c57020713cb318b867bf332281940c4a836f44779c7cd99577,"[""Tabela1/L14-3.txt"",3,""job-grouping-sat"",""clique"",""free-initial-magazine-v1""]",cadical300,seqcounter,1200.0,"{""cardinality"":""seqcounter"",""configuration_version"":""job-grouping-sat-v1"",""objective_version"":""free-initial-magazine-v1"",""solver"":""cadical300"",""strength"":""clique"",""time_limit"":1200.0}"
Yanasse,Tabela1/L14-4.txt,4,job-grouping-sat,clique,free-initial-magazine-v1,OPTIMAL,8,8,25,15,10,14,10,10,5,3,3,0,0.218372231,0.017208827,0.000256595,0.264719634,0.264270549,447,2906,7379,9322,29305,1386800,211,"[6, 1, 0, 3, 5, 2, 4, 7]",a1f61920c658eacb79a3537bce2d6dd5aa5b5b2a343ea5bbf6524478d243abc3,job-grouping-sat-v1,a54742cc4785a1c57020713cb318b867bf332281940c4a836f44779c7cd99577,"[""Tabela1/L14-4.txt"",4,""job-grouping-sat"",""clique"",""free-initial-magazine-v1""]",cadical300,seqcounter,1200.0,"{""cardinality"":""seqcounter"",""configuration_version"":""job-grouping-sat-v1"",""objective_version"":""free-initial-magazine-v1"",""solver"":""cadical300"",""strength"":""clique"",""time_limit"":1200.0}"
Yanasse,Tabela1/L14-5.txt,5,job-grouping-sat,clique,free-initial-magazine-v1,OPTIMAL,8,8,25,15,10,15,10,10,7,2,2,0,0.094807458,0.012153744,0.000224785,0.126534839,0.126089912,447,3212,7955,3691,15757,534249,78,"[0, 5, 3, 7, 6, 2, 1, 4]",f27749cc867a3e6388878069e9e8de7a4df53cfbbb2f0afe82f5efb2aab2a108,job-grouping-sat-v1,a54742cc4785a1c57020713cb318b867bf332281940c4a836f44779c7cd99577,"[""Tabela1/L14-5.txt"",5,""job-grouping-sat"",""clique"",""free-initial-magazine-v1""]",cadical300,seqcounter,1200.0,"{""cardinality"":""seqcounter"",""configuration_version"":""job-grouping-sat-v1"",""objective_version"":""free-initial-magazine-v1"",""solver"":""cadical300"",""strength"":""clique"",""time_limit"":1200.0}"
Yanasse,Tabela1/L14-6.txt,6,job-grouping-sat,clique,free-initial-magazine-v1,OPTIMAL,8,8,25,15,10,10,10,10,7,0,0,0,0.000000000,0.000000000,0.000179122,0.000221774,0.000179122,0,0,0,0,0,0,0,"[0, 4, 5, 7, 1, 6, 2, 3]",17b88dbafda8e434f520af0fabdf6d025e089469cceff4cdec41dadfbf4096b2,job-grouping-sat-v1,a54742cc4785a1c57020713cb318b867bf332281940c4a836f44779c7cd99577,"[""Tabela1/L14-6.txt"",6,""job-grouping-sat"",""clique"",""free-initial-magazine-v1""]",cadical300,seqcounter,1200.0,"{""cardinality"":""seqcounter"",""configuration_version"":""job-grouping-sat-v1"",""objective_version"":""free-initial-magazine-v1"",""solver"":""cadical300"",""strength"":""clique"",""time_limit"":1200.0}"
Yanasse,Tabela1/L14-7.txt,7,job-grouping-sat,clique,free-initial-magazine-v1,OPTIMAL,8,8,25,15,10,12,10,10,5,1,1,0,0.120183157,0.005518883,0.000275164,0.135084401,0.134668635,447,3060,7701,4650,20805,1047793,393,"[3, 5, 1, 2, 7, 0, 4, 6]",22e08a3505c1ba8f15f2cada29a11ba2dc6561ae5f3917852c1ecd6f227e59e0,job-grouping-sat-v1,a54742cc4785a1c57020713cb318b867bf332281940c4a836f44779c7cd99577,"[""Tabela1/L14-7.txt"",7,""job-grouping-sat"",""clique"",""free-initial-magazine-v1""]",cadical300,seqcounter,1200.0,"{""cardinality"":""seqcounter"",""configuration_version"":""job-grouping-sat-v1"",""objective_version"":""free-initial-magazine-v1"",""solver"":""cadical300"",""strength"":""clique"",""time_limit"":1200.0}"
Yanasse,Tabela1/L14-8.txt,8,job-grouping-sat,clique,free-initial-magazine-v1,OPTIMAL,8,8,25,15,10,16,10,10,4,1,1,0,0.016189911,0.006295274,0.000209146,0.032382751,0.031890662,447,3656,8845,252,5898,46853,1,"[3, 5, 6, 0, 4, 2, 1, 7]",d06c74e82ec2ad1925c37271a935ed35fda2e773cc53f23bda69558a36609edb,job-grouping-sat-v1,a54742cc4785a1c57020713cb318b867bf332281940c4a836f44779c7cd99577,"[""Tabela1/L14-8.txt"",8,""job-grouping-sat"",""clique"",""free-initial-magazine-v1""]",cadical300,seqcounter,1200.0,"{""cardinality"":""seqcounter"",""configuration_version"":""job-grouping-sat-v1"",""objective_version"":""free-initial-magazine-v1"",""solver"":""cadical300"",""strength"":""clique"",""time_limit"":1200.0}"
Yanasse,Tabela1/L14-9.txt,9,job-grouping-sat,clique,free-initial-magazine-v1,OPTIMAL,8,8,25,15,10,10,10,10,5,0,0,0,0.000000000,0.000000000,0.000173548,0.000215761,0.000173548,0,0,0,0,0,0,0,"[4, 2, 1, 7, 3, 5, 0, 6]",f7a3419eca1a71e65700c91cd65655b7514eebcf971bf32538a1622308b195ea,job-grouping-sat-v1,a54742cc4785a1c57020713cb318b867bf332281940c4a836f44779c7cd99577,"[""Tabela1/L14-9.txt"",9,""job-grouping-sat"",""clique"",""free-initial-magazine-v1""]",cadical300,seqcounter,1200.0,"{""cardinality"":""seqcounter"",""configuration_version"":""job-grouping-sat-v1"",""objective_version"":""free-initial-magazine-v1"",""solver"":""cadical300"",""strength"":""clique"",""time_limit"":1200.0}"
Yanasse,Tabela1/L15-1.txt,1,job-grouping-sat,clique,free-initial-magazine-v1,OPTIMAL,8,8,25,15,10,15,13,13,7,2,1,1,47.932114230,0.011833105,0.000229612,47.966942521,0.769658225,447,3308,8251,1593629,2632268,191073813,55852,"[7, 0, 5, 4, 1, 2, 6, 3]",7913dda5c3de474171095df2d02002213f4dc44097cd72d0f47b4eed70005c3d,job-grouping-sat-v1,a54742cc4785a1c57020713cb318b867bf332281940c4a836f44779c7cd99577,"[""Tabela1/L15-1.txt"",1,""job-grouping-sat"",""clique"",""free-initial-magazine-v1""]",cadical300,seqcounter,1200.0,"{""cardinality"":""seqcounter"",""configuration_version"":""job-grouping-sat-v1"",""objective_version"":""free-initial-magazine-v1"",""solver"":""cadical300"",""strength"":""clique"",""time_limit"":1200.0}"
Yanasse,Tabela1/L15-10.txt,10,job-grouping-sat,clique,free-initial-magazine-v1,OPTIMAL,8,8,25,15,10,19,12,12,7,4,3,1,38.743714388,0.028114739,0.000318955,38.812966941,4.315823671,447,3124,7853,1411776,2334605,160509119,45453,"[6, 4, 5, 3, 2, 0, 7, 1]",bdd5485b1852a4ee22977d2ad21fbc37728f7f948c0d4eaa5725a5bdc4e8c8e0,job-grouping-sat-v1,a54742cc4785a1c57020713cb318b867bf332281940c4a836f44779c7cd99577,"[""Tabela1/L15-10.txt"",10,""job-grouping-sat"",""clique"",""free-initial-magazine-v1""]",cadical300,seqcounter,1200.0,"{""cardinality"":""seqcounter"",""configuration_version"":""job-grouping-sat-v1"",""objective_version"":""free-initial-magazine-v1"",""solver"":""cadical300"",""strength"":""clique"",""time_limit"":1200.0}"
Yanasse,Tabela1/L15-2.txt,2,job-grouping-sat,clique,free-initial-magazine-v1,OPTIMAL,8,8,25,15,10,16,11,11,5,3,2,1,29.126565211,0.016093252,0.000294086,29.177328750,0.491689711,447,2970,7579,1042066,1662919,116787083,31012,"[0, 7, 3, 6, 4, 1, 2, 5]",37332c63936a3c24fcbc37dc41cc80e067b3c5bc237090e5631b26063ac4d904,job-grouping-sat-v1,a54742cc4785a1c57020713cb318b867bf332281940c4a836f44779c7cd99577,"[""Tabela1/L15-2.txt"",2,""job-grouping-sat"",""clique"",""free-initial-magazine-v1""]",cadical300,seqcounter,1200.0,"{""cardinality"":""seqcounter"",""configuration_version"":""job-grouping-sat-v1"",""objective_version"":""free-initial-magazine-v1"",""solver"":""cadical300"",""strength"":""clique"",""time_limit"":1200.0}"
Yanasse,Tabela1/L15-3.txt,3,job-grouping-sat,clique,free-initial-magazine-v1,OPTIMAL,8,8,25,15,10,14,10,10,4,2,2,0,0.275650596,0.011851847,0.000356132,0.307404806,0.306959918,447,3212,7995,12035,36443,2069135,423,"[0, 2, 6, 1, 3, 7, 5, 4]",e43a437547e47a374107cd3e6559e512242663c8515641273730c5545b471f6f,job-grouping-sat-v1,a54742cc4785a1c57020713cb318b867bf332281940c4a836f44779c7cd99577,"[""Tabela1/L15-3.txt"",3,""job-grouping-sat"",""clique"",""free-initial-magazine-v1""]",cadical300,seqcounter,1200.0,"{""cardinality"":""seqcounter"",""configuration_version"":""job-grouping-sat-v1"",""objective_version"":""free-initial-magazine-v1"",""solver"":""cadical300"",""strength"":""clique"",""time_limit"":1200.0}"
Yanasse,Tabela1/L15-4.txt,4,job-grouping-sat,clique,free-initial-magazine-v1,OPTIMAL,8,8,25,15,10,20,14,14,8,4,3,1,21.476267260,0.029370023,0.000348729,21.548932654,2.616595690,447,3466,8677,755414,1364389,115712139,26872,"[5, 2, 7, 3, 6, 1, 4, 0]",14b3ba720bbe83caa76b50e2d3f28369aec46d38207587412f75601a393d4a05,job-grouping-sat-v1,a54742cc4785a1c57020713cb318b867bf332281940c4a836f44779c7cd99577,"[""Tabela1/L15-4.txt"",4,""job-grouping-sat"",""clique"",""free-initial-magazine-v1""]",cadical300,seqcounter,1200.0,"{""cardinality"":""seqcounter"",""configuration_version"":""job-grouping-sat-v1"",""objective_version"":""free-initial-magazine-v1"",""solver"":""cadical300"",""strength"":""clique"",""time_limit"":1200.0}"
Yanasse,Tabela1/L15-5.txt,5,job-grouping-sat,clique,free-initial-magazine-v1,OPTIMAL,8,8,25,15,10,19,14,14,6,5,4,1,10.403919935,0.033386331,0.000373319,10.490783734,1.234243048,447,3434,8533,372458,668817,57903492,11200,"[1, 4, 7, 2, 5, 3, 6, 0]",44aaf9231ea28b18f285a2602a8f3d15f063538b85e5b6bb8c89250d9c4476c1,job-grouping-sat-v1,a54742cc4785a1c57020713cb318b867bf332281940c4a836f44779c7cd99577,"[""Tabela1/L15-5.txt"",5,""job-grouping-sat"",""clique"",""free-initial-magazine-v1""]",cadical300,seqcounter,1200.0,"{""cardinality"":""seqcounter"",""configuration_version"":""job-grouping-sat-v1"",""objective_version"":""free-initial-magazine-v1"",""solver"":""cadical300"",""strength"":""clique"",""time_limit"":1200.0}"
Yanasse,Tabela1/L15-6.txt,6,job-grouping-sat,clique,free-initial-magazine-v1,OPTIMAL,8,8,25,15,10,15,10,10,6,2,2,0,2.589585004,0.010614949,0.000234482,2.617779447,2.617369290,447,2922,7379,107858,212828,14852570,3183,"[5, 7, 0, 1, 3, 2, 4, 6]",517c80f512246c8be906c3aba46b32d46ca716b413209b0f62305f1273354ce4,job-grouping-sat-v1,a54742cc4785a1c57020713cb318b867bf332281940c4a836f44779c7cd99577,"[""Tabela1/L15-6.txt"",6,""job-grouping-sat"",""clique"",""free-initial-magazine-v1""]",cadical300,seqcounter,1200.0,"{""cardinality"":""seqcounter"",""configuration_version"":""job-grouping-sat-v1"",""objective_version"":""free-initial-magazine-v1"",""solver"":""cadical300"",""strength"":""clique"",""time_limit"":1200.0}"
Yanasse,Tabela1/L15-7.txt,7,job-grouping-sat,clique,free-initial-magazine-v1,OPTIMAL,8,8,25,15,10,16,15,15,8,2,1,1,72.156250314,0.015914326,0.000249395,72.200436688,1.143109932,447,3606,8931,2190204,3710635,244289532,72819,"[0, 5, 7, 3, 4, 2, 6, 1]",1723105d850cf5a3249e736ec76ce8dbbf7c0ca2ae7526b53379dbe5e4965e2f,job-grouping-sat-v1,a54742cc4785a1c57020713cb318b867bf332281940c4a836f44779c7cd99577,"[""Tabela1/L15-7.txt"",7,""job-grouping-sat"",""clique"",""free-initial-magazine-v1""]",cadical300,seqcounter,1200.0,"{""cardinality"":""seqcounter"",""configuration_version"":""job-grouping-sat-v1"",""objective_version"":""free-initial-magazine-v1"",""solver"":""cadical300"",""strength"":""clique"",""time_limit"":1200.0}"
Yanasse,Tabela1/L15-8.txt,8,job-grouping-sat,clique,free-initial-magazine-v1,OPTIMAL,8,8,25,15,10,29,23,23,8,5,4,1,14.172144444,0.038419677,0.000419786,14.272903677,6.900126202,447,4702,11283,385144,717477,107446875,11770,"[7, 0, 5, 2, 6, 3, 1, 4]",b7c29847597175cc5d9a281c180a7cc3851cd69bfbc810aa0abce7bd2e7ca84a,job-grouping-sat-v1,a54742cc4785a1c57020713cb318b867bf332281940c4a836f44779c7cd99577,"[""Tabela1/L15-8.txt"",8,""job-grouping-sat"",""clique"",""free-initial-magazine-v1""]",cadical300,seqcounter,1200.0,"{""cardinality"":""seqcounter"",""configuration_version"":""job-grouping-sat-v1"",""objective_version"":""free-initial-magazine-v1"",""solver"":""cadical300"",""strength"":""clique"",""time_limit"":1200.0}"
Yanasse,Tabela1/L15-9.txt,9,job-grouping-sat,clique,free-initial-magazine-v1,OPTIMAL,8,8,25,15,10,18,13,13,7,5,4,1,10.377037247,0.037515691,0.000462149,10.467547167,3.327153544,447,3308,8299,369650,651969,61946172,10376,"[6, 7, 5, 4, 0, 1, 2, 3]",cbe148a8e6ea93689976741c8147a023538922958337590a0db9dcc85667ce92,job-grouping-sat-v1,a54742cc4785a1c57020713cb318b867bf332281940c4a836f44779c7cd99577,"[""Tabela1/L15-9.txt"",9,""job-grouping-sat"",""clique"",""free-initial-magazine-v1""]",cadical300,seqcounter,1200.0,"{""cardinality"":""seqcounter"",""configuration_version"":""job-grouping-sat-v1"",""objective_version"":""free-initial-magazine-v1"",""solver"":""cadical300"",""strength"":""clique"",""time_limit"":1200.0}"
Yanasse,Tabela1/L16-1.txt,1,job-grouping-sat,clique,free-initial-magazine-v1,OPTIMAL,8,8,25,15,10,16,11,11,7,4,3,1,158.428399242,0.023494714,0.000313743,158.501289414,0.932234914,447,2906,7403,4435120,6956246,344210801,143507,"[1, 2, 6, 7, 4, 5, 3, 0]",9ccb7c9f0b4b82686a33fabee2ccc2537e6fa6311cf3850a97a02f5f1b69ac13,job-grouping-sat-v1,a54742cc4785a1c57020713cb318b867bf332281940c4a836f44779c7cd99577,"[""Tabela1/L16-1.txt"",1,""job-grouping-sat"",""clique"",""free-initial-magazine-v1""]",cadical300,seqcounter,1200.0,"{""cardinality"":""seqcounter"",""configuration_version"":""job-grouping-sat-v1"",""objective_version"":""free-initial-magazine-v1"",""solver"":""cadical300"",""strength"":""clique"",""time_limit"":1200.0}"
Yanasse,Tabela1/L16-10.txt,10,job-grouping-sat,clique,free-initial-magazine-v1,OPTIMAL,8,8,25,15,10,10,10,10,7,0,0,0,0.000000000,0.000000000,0.000181776,0.000219765,0.000181776,0,0,0,0,0,0,0,"[3, 6, 5, 4, 2, 0, 1, 7]",7eaa1b787b834be77a7164e5eb5ce6fe909e33a03faa3ec1578ebd8c1a52f904,job-grouping-sat-v1,a54742cc4785a1c57020713cb318b867bf332281940c4a836f44779c7cd99577,"[""Tabela1/L16-10.txt"",10,""job-grouping-sat"",""clique"",""free-initial-magazine-v1""]",cadical300,seqcounter,1200.0,"{""cardinality"":""seqcounter"",""configuration_version"":""job-grouping-sat-v1"",""objective_version"":""free-initial-magazine-v1"",""solver"":""cadical300"",""strength"":""clique"",""time_limit"":1200.0}"
Yanasse,Tabela1/L16-2.txt,2,job-grouping-sat,clique,free-initial-magazine-v1,OPTIMAL,8,8,25,15,10,13,10,10,4,1,1,0,0.018084391,0.005295965,0.000168580,0.033182157,0.032737984,447,3212,8011,404,5372,65333,2,"[1, 5, 3, 4, 6, 0, 2, 7]",96fc0ec327484d6d156a0f102563061ce9a47552e551a3df61866ea26c09ead5,job-grouping-sat-v1,a54742cc4785a1c57020713cb318b867bf332281940c4a836f44779c7cd99577,"[""Tabela1/L16-2.txt"",2,""job-grouping-sat"",""clique"",""free-initial-magazine-v1""]",cadical300,seqcounter,1200.0,"{""cardinality"":""seqcounter"",""configuration_version"":""job-grouping-sat-v1"",""objective_version"":""free-initial-magazine-v1"",""solver"":""cadical300"",""strength"":""clique"",""time_limit"":1200.0}"
Yanasse,Tabela1/L16-3.txt,3,job-grouping-sat,clique,free-initial-magazine-v1,OPTIMAL,8,8,25,15,10,13,10,10,7,2,2,0,28.897759620,0.011631358,0.000230803,28.932679938,28.932184236,447,2906,7387,920190,1606616,127363596,26669,"[3, 7, 1, 5, 2, 0, 6, 4]",c390aaf9294bd3fc1b7d98ab718e0388754118e7cd1ebaacd717fce7c72c31f1,job-grouping-sat-v1,a54742cc4785a1c57020713cb318b867bf332281940c4a836f44779c7cd99577,"[""Tabela1/L16-3.txt"",3,""job-grouping-sat"",""clique"",""free-initial-magazine-v1""]",cadical300,seqcounter,1200.0,"{""cardinality"":""seqcounter"",""configuration_version"":""job-grouping-sat-v1"",""objective_version"":""free-initial-magazine-v1"",""solver"":""cadical300"",""strength"":""clique"",""time_limit"":1200.0}"
Yanasse,Tabela1/L16-4.txt,4,job-grouping-sat,clique,free-initial-magazine-v1,OPTIMAL,8,8,25,15,10,12,10,10,4,1,1,0,0.105721584,0.004986060,0.000184203,0.120596768,0.120150135,447,3060,7629,4826,11882,617443,76,"[3, 6, 2, 7, 4, 0, 1, 5]",5e514400b51c706c4a697295b1b818cce128d2c1764e7d8c9a2063f97faa072c,job-grouping-sat-v1,a54742cc4785a1c57020713cb318b867bf332281940c4a836f44779c7cd99577,"[""Tabela1/L16-4.txt"",4,""job-grouping-sat"",""clique"",""free-initial-magazine-v1""]",cadical300,seqcounter,1200.0,"{""cardinality"":""seqcounter"",""configuration_version"":""job-grouping-sat-v1"",""objective_version"":""free-initial-magazine-v1"",""solver"":""cadical300"",""strength"":""clique"",""time_limit"":1200.0}"
Yanasse,Tabela1/L16-5.txt,5,job-grouping-sat,clique,free-initial-magazine-v1,OPTIMAL,8,8,25,15,10,11,10,10,4,1,1,0,0.112031136,0.011229469,0.000220411,0.133407529,0.132934230,447,2906,7363,4906,16920,838759,259,"[2, 5, 6, 0, 1, 3, 4, 7]",32a92abce5b9ec7812ed1f6954cfb531594a6298c847e79e5a6f25764e79bf1b,job-grouping-sat-v1,a54742cc4785a1c57020713cb318b867bf332281940c4a836f44779c7cd99577,"[""Tabela1/L16-5.txt"",5,""job-grouping-sat"",""clique"",""free-initial-magazine-v1""]",cadical300,seqcounter,1200.0,"{""cardinality"":""seqcounter"",""configuration_version"":""job-grouping-sat-v1"",""objective_version"":""free-initial-magazine-v1"",""solver"":""cadical300"",""strength"":""clique"",""time_limit"":1200.0}"
Yanasse,Tabela1/L16-6.txt,6,job-grouping-sat,clique,free-initial-magazine-v1,OPTIMAL,8,8,25,15,10,13,10,10,4,2,2,0,0.191153324,0.012240031,0.000249453,0.223410646,0.222965950,447,2906,7371,8141,22443,1211677,185,"[1, 3, 5, 0, 7, 2, 4, 6]",83d9cc797867e414bcc1833d764d2fdb1ae3f55dc78b92d780ca70a45f2de547,job-grouping-sat-v1,a54742cc4785a1c57020713cb318b867bf332281940c4a836f44779c7cd99577,"[""Tabela1/L16-6.txt"",6,""job-grouping-sat"",""clique"",""free-initial-magazine-v1""]",cadical300,seqcounter,1200.0,"{""cardinality"":""seqcounter"",""configuration_version"":""job-grouping-sat-v1"",""objective_version"":""free-initial-magazine-v1"",""solver"":""cadical300"",""strength"":""clique"",""time_limit"":1200.0}"
Yanasse,Tabela1/L16-7.txt,7,job-grouping-sat,clique,free-initial-magazine-v1,OPTIMAL,8,8,25,15,10,13,10,10,3,1,1,0,0.015388369,0.005538630,0.000264655,0.030069791,0.029633818,447,3212,7955,277,5321,43353,2,"[0, 2, 4, 5, 6, 1, 3, 7]",7286032b77ed75e0f0b70e2870669470f70632fa6ef53b8e4c77540bb8920235,job-grouping-sat-v1,a54742cc4785a1c57020713cb318b867bf332281940c4a836f44779c7cd99577,"[""Tabela1/L16-7.txt"",7,""job-grouping-sat"",""clique"",""free-initial-magazine-v1""]",cadical300,seqcounter,1200.0,"{""cardinality"":""seqcounter"",""configuration_version"":""job-grouping-sat-v1"",""objective_version"":""free-initial-magazine-v1"",""solver"":""cadical300"",""strength"":""clique"",""time_limit"":1200.0}"
Yanasse,Tabela1/L16-8.txt,8,job-grouping-sat,clique,free-initial-magazine-v1,OPTIMAL,8,8,25,15,10,12,10,10,5,1,1,0,0.259431510,0.005103735,0.000191341,0.273845684,0.273424045,447,3060,7677,12575,26170,1628621,246,"[0, 3, 4, 2, 5, 7, 6, 1]",86eeb10b07c9513289749c51aa941f2926951f5723dedff77995b8bc99054bba,job-grouping-sat-v1,a54742cc4785a1c57020713cb318b867bf332281940c4a836f44779c7cd99577,"[""Tabela1/L16-8.txt"",8,""job-grouping-sat"",""clique"",""free-initial-magazine-v1""]",cadical300,seqcounter,1200.0,"{""cardinality"":""seqcounter"",""configuration_version"":""job-grouping-sat-v1"",""objective_version"":""free-initial-magazine-v1"",""solver"":""cadical300"",""strength"":""clique"",""time_limit"":1200.0}"
Yanasse,Tabela1/L16-9.txt,9,job-grouping-sat,clique,free-initial-magazine-v1,OPTIMAL,8,8,25,15,10,12,10,10,6,1,1,0,0.419186439,0.005593309,0.000182210,0.435013196,0.434469253,447,3060,7685,21166,39075,2816630,339,"[0, 5, 1, 6, 4, 2, 3, 7]",a4d781ef61c95657051feaab450f583344bfcd396e889ee992b1ee8120e99468,job-grouping-sat-v1,a54742cc4785a1c57020713cb318b867bf332281940c4a836f44779c7cd99577,"[""Tabela1/L16-9.txt"",9,""job-grouping-sat"",""clique"",""free-initial-magazine-v1""]",cadical300,seqcounter,1200.0,"{""cardinality"":""seqcounter"",""configuration_version"":""job-grouping-sat-v1"",""objective_version"":""free-initial-magazine-v1"",""solver"":""cadical300"",""strength"":""clique"",""time_limit"":1200.0}"
Yanasse,Tabela1/L17-1.txt,1,job-grouping-sat,clique,free-initial-magazine-v1,OPTIMAL,8,8,25,15,10,20,16,16,7,4,3,1,39.390575163,0.027938333,0.000338639,39.465823683,21.664873583,447,3768,9333,1221114,2071509,220398806,34819,"[2, 5, 3, 6, 7, 4, 1, 0]",5e6ce988d396c92e97bf44a8e3d5ff63f37ce670e1ab74d0a22867c1f9635162,job-grouping-sat-v1,a54742cc4785a1c57020713cb318b867bf332281940c4a836f44779c7cd99577,"[""Tabela1/L17-1.txt"",1,""job-grouping-sat"",""clique"",""free-initial-magazine-v1""]",cadical300,seqcounter,1200.0,"{""cardinality"":""seqcounter"",""configuration_version"":""job-grouping-sat-v1"",""objective_version"":""free-initial-magazine-v1"",""solver"":""cadical300"",""strength"":""clique"",""time_limit"":1200.0}"
Yanasse,Tabela1/L17-10.txt,10,job-grouping-sat,clique,free-initial-magazine-v1,OPTIMAL,8,8,25,15,10,18,14,14,6,4,3,1,42.696360531,0.030963905,0.000345221,42.773834883,6.660367657,447,3434,8597,1329726,2182784,174440036,35028,"[5, 1, 4, 0, 3, 6, 2, 7]",a2ac20c4d96f1db64ccf696938f46315e80761be197a2ed45151b87e8e7afd71,job-grouping-sat-v1,a54742cc4785a1c57020713cb318b867bf332281940c4a836f44779c7cd99577,"[""Tabela1/L17-10.txt"",10,""job-grouping-sat"",""clique"",""free-initial-magazine-v1""]",cadical300,seqcounter,1200.0,"{""cardinality"":""seqcounter"",""configuration_version"":""job-grouping-sat-v1"",""objective_version"":""free-initial-magazine-v1"",""solver"":""cadical300"",""strength"":""clique"",""time_limit"":1200.0}"
Yanasse,Tabela1/L17-2.txt,2,job-grouping-sat,clique,free-initial-magazine-v1,OPTIMAL,8,8,25,15,10,16,11,11,8,5,4,1,12.903622290,0.030867344,0.000346867,12.982625760,7.597342785,447,3002,7627,467116,865117,69989340,16846,"[2, 0, 1, 4, 7, 3, 5, 6]",8b5ac9ccc1b6da493939e390aab7342e5fadfb7a40c3e18bd5af7ab191f8e491,job-grouping-sat-v1,a54742cc4785a1c57020713cb318b867bf332281940c4a836f44779c7cd99577,"[""Tabela1/L17-2.txt"",2,""job-grouping-sat"",""clique"",""free-initial-magazine-v1""]",cadical300,seqcounter,1200.0,"{""cardinality"":""seqcounter"",""configuration_version"":""job-grouping-sat-v1"",""objective_version"":""free-initial-magazine-v1"",""solver"":""cadical300"",""strength"":""clique"",""time_limit"":1200.0}"
Yanasse,Tabela1/L17-3.txt,3,job-grouping-sat,clique,free-initial-magazine-v1,OPTIMAL,8,8,25,15,10,16,13,13,6,3,2,1,23.728827409,0.026807584,0.000309763,23.790597997,0.988402741,447,3292,8323,862554,1414127,96410145,24966,"[1, 4, 5, 7, 6, 2, 3, 0]",af2af7b0fd263cbc716febe6feaee97e842780c4fa2ba67f21dd2f8b51e48ec8,job-grouping-sat-v1,a54742cc4785a1c57020713cb318b867bf332281940c4a836f44779c7cd99577,"[""Tabela1/L17-3.txt"",3,""job-grouping-sat"",""clique"",""free-initial-magazine-v1""]",cadical300,seqcounter,1200.0,"{""cardinality"":""seqcounter"",""configuration_version"":""job-grouping-sat-v1"",""objective_version"":""free-initial-magazine-v1"",""solver"":""cadical300"",""strength"":""clique"",""time_limit"":1200.0}"
Yanasse,Tabela1/L17-4.txt,4,job-grouping-sat,clique,free-initial-magazine-v1,OPTIMAL,8,8,25,15,10,25,17,17,8,7,6,1,11.023819356,0.054429370,0.000526035,11.166427441,5.989675784,447,3912,9667,337614,618504,80210521,9929,"[7, 3, 2, 0, 4, 6, 1, 5]",587399ae8310a8ce98b4e0c235dd0fffbf388b8917ef112372216395d7352d9b,job-grouping-sat-v1,a54742cc4785a1c57020713cb318b867bf332281940c4a836f44779c7cd99577,"[""Tabela1/L17-4.txt"",4,""job-grouping-sat"",""clique"",""free-initial-magazine-v1""]",cadical300,seqcounter,1200.0,"{""cardinality"":""seqcounter"",""configuration_version"":""job-grouping-sat-v1"",""objective_version"":""free-initial-magazine-v1"",""solver"":""cadical300"",""strength"":""clique"",""time_limit"":1200.0}"
Yanasse,Tabela1/L17-5.txt,5,job-grouping-sat,clique,free-initial-magazine-v1,OPTIMAL,8,8,25,15,10,11,11,11,7,1,0,1,50.567655574,0.011457914,0.000288989,50.595744739,0.000257973,447,2954,7507,1660755,2665563,151609123,56180,"[0, 2, 1, 4, 3, 7, 5, 6]",5ba032f538eccb850cba751c73846215eb6de7d16677e9d56eb832b3711aa6ea,job-grouping-sat-v1,a54742cc4785a1c57020713cb318b867bf332281940c4a836f44779c7cd99577,"[""Tabela1/L17-5.txt"",5,""job-grouping-sat"",""clique"",""free-initial-magazine-v1""]",cadical300,seqcounter,1200.0,"{""cardinality"":""seqcounter"",""configuration_version"":""job-grouping-sat-v1"",""objective_version"":""free-initial-magazine-v1"",""solver"":""cadical300"",""strength"":""clique"",""time_limit"":1200.0}"
Yanasse,Tabela1/L17-6.txt,6,job-grouping-sat,clique,free-initial-magazine-v1,OPTIMAL,8,8,25,15,10,21,15,15,8,4,3,1,18.927371077,0.030189990,0.000367515,19.003794713,3.159974129,447,3606,8955,646077,1123040,99775954,20583,"[1, 0, 3, 7, 5, 6, 4, 2]",41077b53fea68cf9fc8aae5cd6245bab325a5967f7e252e1397e7fa9bb1040fb,job-grouping-sat-v1,a54742cc4785a1c57020713cb318b867bf332281940c4a836f44779c7cd99577,"[""Tabela1/L17-6.txt"",6,""job-grouping-sat"",""clique"",""free-initial-magazine-v1""]",cadical300,seqcounter,1200.0,"{""cardinality"":""seqcounter"",""configuration_version"":""job-grouping-sat-v1"",""objective_version"":""free-initial-magazine-v1"",""solver"":""cadical300"",""strength"":""clique"",""time_limit"":1200.0}"
Yanasse,Tabela1/L17-7.txt,7,job-grouping-sat,clique,free-initial-magazine-v1,OPTIMAL,8,8,25,15,10,17,12,12,7,5,4,1,18.853421770,0.033289940,0.000456388,18.936064435,5.010140077,447,3156,7981,647757,1161227,96374566,21139,"[4, 2, 7, 1, 5, 6, 0, 3]",c885e6e23185b2d81f55f4bc79aa949980eb659f58bf61697a515d84076a6843,job-grouping-sat-v1,a54742cc4785a1c57020713cb318b867bf332281940c4a836f44779c7cd99577,"[""Tabela1/L17-7.txt"",7,""job-grouping-sat"",""clique"",""free-initial-magazine-v1""]",cadical300,seqcounter,1200.0,"{""cardinality"":""seqcounter"",""configuration_version"":""job-grouping-sat-v1"",""objective_version"":""free-initial-magazine-v1"",""solver"":""cadical300"",""strength"":""clique"",""time_limit"":1200.0}"
Yanasse,Tabela1/L17-8.txt,8,job-grouping-sat,clique,free-initial-magazine-v1,OPTIMAL,8,8,25,15,10,15,10,10,7,3,3,0,13.295906429,0.022378401,0.000282827,13.349949431,13.349493899,447,2938,7475,479713,870295,64688965,15016,"[5, 6, 4, 7, 0, 1, 2, 3]",f69ade2177a1c1b16827194fa8a43c50e04767375c78662ec3cbbedd4e0d74d1,job-grouping-sat-v1,a54742cc4785a1c57020713cb318b867bf332281940c4a836f44779c7cd99577,"[""Tabela1/L17-8.txt"",8,""job-grouping-sat"",""clique"",""free-initial-magazine-v1""]",cadical300,seqcounter,1200.0,"{""cardinality"":""seqcounter"",""configuration_version"":""job-grouping-sat-v1"",""objective_version"":""free-initial-magazine-v1"",""solver"":""cadical300"",""strength"":""clique"",""time_limit"":1200.0}"
Yanasse,Tabela1/L17-9.txt,9,job-grouping-sat,clique,free-initial-magazine-v1,OPTIMAL,8,8,25,15,10,27,19,19,8,6,5,1,10.943475490,0.051927319,0.000503047,11.069935315,2.615742569,447,4170,10171,331230,635491,74126699,10797,"[1, 5, 7, 6, 2, 3, 0, 4]",f597bbacb7c02a309c184435fead57fae93759d6805db78ce8ec65b622423f42,job-grouping-sat-v1,a54742cc4785a1c57020713cb318b867bf332281940c4a836f44779c7cd99577,"[""Tabela1/L17-9.txt"",9,""job-grouping-sat"",""clique"",""free-initial-magazine-v1""]",cadical300,seqcounter,1200.0,"{""cardinality"":""seqcounter"",""configuration_version"":""job-grouping-sat-v1"",""objective_version"":""free-initial-magazine-v1"",""solver"":""cadical300"",""strength"":""clique"",""time_limit"":1200.0}"
Yanasse,Tabela1/L18-1.txt,1,job-grouping-sat,clique,free-initial-magazine-v1,OPTIMAL,8,8,25,15,10,27,20,20,8,6,5,1,9.439717769,0.046594361,0.000458891,9.560998305,4.490226396,447,4308,10509,257699,503115,75883112,9686,"[3, 7, 5, 4, 2, 6, 0, 1]",c15c811d9106b0246b121372ab1aa26f9eecd1ea9a74fd1cf63c5b502427146d,job-grouping-sat-v1,a54742cc4785a1c57020713cb318b867bf332281940c4a836f44779c7cd99577,"[""Tabela1/L18-1.txt"",1,""job-grouping-sat"",""clique"",""free-initial-magazine-v1""]",cadical300,seqcounter,1200.0,"{""cardinality"":""seqcounter"",""configuration_version"":""job-grouping-sat-v1"",""objective_version"":""free-initial-magazine-v1"",""solver"":""cadical300"",""strength"":""clique"",""time_limit"":1200.0}"
Yanasse,Tabela1/L18-10.txt,10,job-grouping-sat,clique,free-initial-magazine-v1,OPTIMAL,8,8,25,15,10,32,18,18,8,5,4,1,7.535104917,0.042435215,0.000449834,7.636603865,3.452308300,447,4062,10037,231747,429388,56498121,8119,"[6, 2, 1, 5, 7, 0, 3, 4]",cec883bcb978c8f41b43c4f3a1cbd0a1d8412df1d08296016d08fb5b4afac3f0,job-grouping-sat-v1,a54742cc4785a1c57020713cb318b867bf332281940c4a836f44779c7cd99577,"[""Tabela1/L18-10.txt"",10,""job-grouping-sat"",""clique"",""free-initial-magazine-v1""]",cadical300,seqcounter,1200.0,"{""cardinality"":""seqcounter"",""configuration_version"":""job-grouping-sat-v1"",""objective_version"":""free-initial-magazine-v1"",""solver"":""cadical300"",""strength"":""clique"",""time_limit"":1200.0}"
Yanasse,Tabela1/L18-2.txt,2,job-grouping-sat,clique,free-initial-magazine-v1,OPTIMAL,8,8,25,15,10,30,21,21,8,5,4,1,12.050513622,0.043376511,0.000416883,12.153432300,6.423176623,447,4412,10683,373846,699960,82557941,12488,"[2, 1, 3, 5, 4, 7, 6, 0]",4ae14350ecdbe3a723ded807420155aa56dd2102b623061f5f2fb2fec63bbabc,job-grouping-sat-v1,a54742cc4785a1c57020713cb318b867bf332281940c4a836f44779c7cd99577,"[""Tabela1/L18-2.txt"",2,""job-grouping-sat"",""clique"",""free-initial-magazine-v1""]",cadical300,seqcounter,1200.0,"{""cardinality"":""seqcounter"",""configuration_version"":""job-grouping-sat-v1"",""objective_version"":""free-initial-magazine-v1"",""solver"":""cadical300"",""strength"":""clique"",""time_limit"":1200.0}"
Yanasse,Tabela1/L18-3.txt,3,job-grouping-sat,clique,free-initial-magazine-v1,OPTIMAL,8,8,25,15,10,27,20,20,8,6,5,1,7.955814140,0.047681783,0.000483485,8.077720659,1.630775823,447,4308,10517,225407,438496,60229253,7709,"[4, 1, 2, 6, 3, 7, 5, 0]",e08d0a88923b17d6af7d00a952dcebe75b5f7093c9a1ea7b88a47dc42f206ddc,job-grouping-sat-v1,a54742cc4785a1c57020713cb318b867bf332281940c4a836f44779c7cd99577,"[""Tabela1/L18-3.txt"",3,""job-grouping-sat"",""clique"",""free-initial-magazine-v1""]",cadical300,seqcounter,1200.0,"{""cardinality"":""seqcounter"",""configuration_version"":""job-grouping-sat-v1"",""objective_version"":""free-initial-magazine-v1"",""solver"":""cadical300"",""strength"":""clique"",""time_limit"":1200.0}"
Yanasse,Tabela1/L18-4.txt,4,job-grouping-sat,clique,free-initial-magazine-v1,OPTIMAL,8,8,25,15,10,34,21,21,8,5,4,1,5.706713089,0.046059117,0.000427690,5.817101327,2.353684828,447,4412,10707,171526,361122,42251591,6756,"[4, 2, 3, 6, 0, 1, 7, 5]",29651b54655633085cdb82caf31a83aec469a2f8560475e9b3f9b37a163c182a,job-grouping-sat-v1,a54742cc4785a1c57020713cb318b867bf332281940c4a836f44779c7cd99577,"[""Tabela1/L18-4.txt"",4,""job-grouping-sat"",""clique"",""free-initial-magazine-v1""]",cadical300,seqcounter,1200.0,"{""cardinality"":""seqcounter"",""configuration_version"":""job-grouping-sat-v1"",""objective_version"":""free-initial-magazine-v1"",""solver"":""cadical300"",""strength"":""clique"",""time_limit"":1200.0}"
Yanasse,Tabela1/L18-5.txt,5,job-grouping-sat,clique,free-initial-magazine-v1,OPTIMAL,8,8,25,15,10,28,20,20,8,6,5,1,6.694394686,0.057952582,0.000454105,6.829617578,1.426133940,447,4276,10405,242074,491470,43142079,7971,"[6, 2, 1, 7, 5, 4, 0, 3]",00a18d0f75edea77698c1c59501b26b7f195ebf80f409df87a90fb4132d693a2,job-grouping-sat-v1,a54742cc4785a1c57020713cb318b867bf332281940c4a836f44779c7cd99577,"[""Tabela1/L18-5.txt"",5,""job-grouping-sat"",""clique"",""free-initial-magazine-v1""]",cadical300,seqcounter,1200.0,"{""cardinality"":""seqcounter"",""configuration_version"":""job-grouping-sat-v1"",""objective_version"":""free-initial-magazine-v1"",""solver"":""cadical300"",""strength"":""clique"",""time_limit"":1200.0}"
Yanasse,Tabela1/L18-6.txt,6,job-grouping-sat,clique,free-initial-magazine-v1,OPTIMAL,8,8,25,15,10,30,21,21,8,7,6,1,9.280432246,0.065141426,0.000531911,9.440053376,5.109154340,447,4412,10699,286402,561251,68298007,9714,"[5, 1, 7, 4, 2, 0, 6, 3]",b548b51f702e6f88b41022c9a2cc85c9d4cf2f4079c415206e8880645b4fc5f5,job-grouping-sat-v1,a54742cc4785a1c57020713cb318b867bf332281940c4a836f44779c7cd99577,"[""Tabela1/L18-6.txt"",6,""job-grouping-sat"",""clique"",""free-initial-magazine-v1""]",cadical300,seqcounter,1200.0,"{""cardinality"":""seqcounter"",""configuration_version"":""job-grouping-sat-v1"",""objective_version"":""free-initial-magazine-v1"",""solver"":""cadical300"",""strength"":""clique"",""time_limit"":1200.0}"
Yanasse,Tabela1/L18-7.txt,7,job-grouping-sat,clique,free-initial-magazine-v1,OPTIMAL,8,8,25,15,10,29,21,21,8,5,4,1,5.694213825,0.045442516,0.000469779,5.803085415,2.352493739,447,4412,10715,176513,351584,41546547,5975,"[3, 0, 4, 7, 5, 6, 1, 2]",10c59ad01e4d90ae58c8b9381fd5a15d47d6a263f1e15b35e9123be2bd05f0ca,job-grouping-sat-v1,a54742cc4785a1c57020713cb318b867bf332281940c4a836f44779c7cd99577,"[""Tabela1/L18-7.txt"",7,""job-grouping-sat"",""clique"",""free-initial-magazine-v1""]",cadical300,seqcounter,1200.0,"{""cardinality"":""seqcounter"",""configuration_version"":""job-grouping-sat-v1"",""objective_version"":""free-initial-magazine-v1"",""solver"":""cadical300"",""strength"":""clique"",""time_limit"":1200.0}"
Yanasse,Tabela1/L18-8.txt,8,job-grouping-sat,clique,free-initial-magazine-v1,OPTIMAL,8,8,25,15,10,32,20,20,8,6,5,1,10.399823189,0.048661264,0.000451759,10.522041688,6.822689820,447,4276,10405,371255,730099,72304898,12215,"[3, 6, 7, 0, 2, 5, 4, 1]",fe8cffcbbf6bf1cf673e488cfb1f97e5bb0be7f55c3ae1a831d108ca5aa2dfcb,job-grouping-sat-v1,a54742cc4785a1c57020713cb318b867bf332281940c4a836f44779c7cd99577,"[""Tabela1/L18-8.txt"",8,""job-grouping-sat"",""clique"",""free-initial-magazine-v1""]",cadical300,seqcounter,1200.0,"{""cardinality"":""seqcounter"",""configuration_version"":""job-grouping-sat-v1"",""objective_version"":""free-initial-magazine-v1"",""solver"":""cadical300"",""strength"":""clique"",""time_limit"":1200.0}"
Yanasse,Tabela1/L18-9.txt,9,job-grouping-sat,clique,free-initial-magazine-v1,OPTIMAL,8,8,25,15,10,34,21,21,8,6,5,1,5.980809975,0.054953351,0.000457917,6.109709875,2.878612538,447,4412,10699,211903,449164,40287607,7806,"[1, 5, 0, 6, 7, 4, 2, 3]",928b4faa05df8e8efbfc4941b2a6d1afeede4c80b225c19544c01f78d5fed323,job-grouping-sat-v1,a54742cc4785a1c57020713cb318b867bf332281940c4a836f44779c7cd99577,"[""Tabela1/L18-9.txt"",9,""job-grouping-sat"",""clique"",""free-initial-magazine-v1""]",cadical300,seqcounter,1200.0,"{""cardinality"":""seqcounter"",""configuration_version"":""job-grouping-sat-v1"",""objective_version"":""free-initial-magazine-v1"",""solver"":""cadical300"",""strength"":""clique"",""time_limit"":1200.0}"
Yanasse,Tabela1/L19-1.txt,1,job-grouping-sat,clique,free-initial-magazine-v1,OPTIMAL,8,8,25,20,5,5,5,5,5,0,0,0,0.000000000,0.000000000,0.000196931,0.000247457,0.000196931,0,0,0,0,0,0,0,"[2, 5, 0, 7, 3, 1, 6, 4]",0de75b114b1592489c950f09c805aa201c0cfa59bf2e6584ff1f1c9981a72e28,job-grouping-sat-v1,a54742cc4785a1c57020713cb318b867bf332281940c4a836f44779c7cd99577,"[""Tabela1/L19-1.txt"",1,""job-grouping-sat"",""clique"",""free-initial-magazine-v1""]",cadical300,seqcounter,1200.0,"{""cardinality"":""seqcounter"",""configuration_version"":""job-grouping-sat-v1"",""objective_version"":""free-initial-magazine-v1"",""solver"":""cadical300"",""strength"":""clique"",""time_limit"":1200.0}"
Yanasse,Tabela1/L19-10.txt,10,job-grouping-sat,clique,free-initial-magazine-v1,OPTIMAL,8,8,25,20,5,5,5,5,4,0,0,0,0.000000000,0.000000000,0.000164537,0.000208338,0.000164537,0,0,0,0,0,0,0,"[2, 5, 1, 7, 0, 6, 3, 4]",6e513620431e6ebbd9c7b96ad08ebc03a297ca59f9dcdff4c649145e93e27eb1,job-grouping-sat-v1,a54742cc4785a1c57020713cb318b867bf332281940c4a836f44779c7cd99577,"[""Tabela1/L19-10.txt"",10,""job-grouping-sat"",""clique"",""free-initial-magazine-v1""]",cadical300,seqcounter,1200.0,"{""cardinality"":""seqcounter"",""configuration_version"":""job-grouping-sat-v1"",""objective_version"":""free-initial-magazine-v1"",""solver"":""cadical300"",""strength"":""clique"",""time_limit"":1200.0}"
Yanasse,Tabela1/L19-2.txt,2,job-grouping-sat,clique,free-initial-magazine-v1,OPTIMAL,8,8,25,20,5,5,5,5,5,0,0,0,0.000000000,0.000000000,0.000166909,0.000213673,0.000166909,0,0,0,0,0,0,0,"[2, 1, 5, 7, 0, 3, 6, 4]",ad7333b4852c7500ed55646106d61849fae69bef8c98aa4b3ff7ee0cba8723ef,job-grouping-sat-v1,a54742cc4785a1c57020713cb318b867bf332281940c4a836f44779c7cd99577,"[""Tabela1/L19-2.txt"",2,""job-grouping-sat"",""clique"",""free-initial-magazine-v1""]",cadical300,seqcounter,1200.0,"{""cardinality"":""seqcounter"",""configuration_version"":""job-grouping-sat-v1"",""objective_version"":""free-initial-magazine-v1"",""solver"":""cadical300"",""strength"":""clique"",""time_limit"":1200.0}"
Yanasse,Tabela1/L19-3.txt,3,job-grouping-sat,clique,free-initial-magazine-v1,OPTIMAL,8,8,25,20,5,5,5,5,4,0,0,0,0.000000000,0.000000000,0.000190466,0.000238159,0.000190466,0,0,0,0,0,0,0,"[3, 1, 7, 2, 6, 4, 0, 5]",fd9d484cc720e76623a2ed4b98b0a9bf8c5f6fbc4ed5cdde484823162c99c644,job-grouping-sat-v1,a54742cc4785a1c57020713cb318b867bf332281940c4a836f44779c7cd99577,"[""Tabela1/L19-3.txt"",3,""job-grouping-sat"",""clique"",""free-initial-magazine-v1""]",cadical300,seqcounter,1200.0,"{""cardinality"":""seqcounter"",""configuration_version"":""job-grouping-sat-v1"",""objective_version"":""free-initial-magazine-v1"",""solver"":""cadical300"",""strength"":""clique"",""time_limit"":1200.0}"
Yanasse,Tabela1/L19-4.txt,4,job-grouping-sat,clique,free-initial-magazine-v1,OPTIMAL,8,8,25,20,5,5,5,5,5,0,0,0,0.000000000,0.000000000,0.000176118,0.000224240,0.000176118,0,0,0,0,0,0,0,"[3, 7, 5, 6, 2, 1, 0, 4]",4d8e10c6be28765183c35929e449fa831983b6d87ab5098535e096d6858913aa,job-grouping-sat-v1,a54742cc4785a1c57020713cb318b867bf332281940c4a836f44779c7cd99577,"[""Tabela1/L19-4.txt"",4,""job-grouping-sat"",""clique"",""free-initial-magazine-v1""]",cadical300,seqcounter,1200.0,"{""cardinality"":""seqcounter"",""configuration_version"":""job-grouping-sat-v1"",""objective_version"":""free-initial-magazine-v1"",""solver"":""cadical300"",""strength"":""clique"",""time_limit"":1200.0}"
Yanasse,Tabela1/L19-5.txt,5,job-grouping-sat,clique,free-initial-magazine-v1,OPTIMAL,8,8,25,20,5,5,5,5,6,0,0,0,0.000000000,0.000000000,0.000177520,0.000223407,0.000177520,0,0,0,0,0,0,0,"[7, 3, 4, 1, 2, 5, 6, 0]",1ba7c3e688ebf1b5215b7814ff9405349fa4fe62e98b923408410fc7020054dc,job-grouping-sat-v1,a54742cc4785a1c57020713cb318b867bf332281940c4a836f44779c7cd99577,"[""Tabela1/L19-5.txt"",5,""job-grouping-sat"",""clique"",""free-initial-magazine-v1""]",cadical300,seqcounter,1200.0,"{""cardinality"":""seqcounter"",""configuration_version"":""job-grouping-sat-v1"",""objective_version"":""free-initial-magazine-v1"",""solver"":""cadical300"",""strength"":""clique"",""time_limit"":1200.0}"
Yanasse,Tabela1/L19-6.txt,6,job-grouping-sat,clique,free-initial-magazine-v1,OPTIMAL,8,8,25,20,5,5,5,5,5,0,0,0,0.000000000,0.000000000,0.000281508,0.000332101,0.000281508,0,0,0,0,0,0,0,"[4, 0, 3, 2, 6, 5, 1, 7]",bbfd440124afe22ac40fdc1dca9ed544d2c06e6b8185fd37a5da0112078b7bc4,job-grouping-sat-v1,a54742cc4785a1c57020713cb318b867bf332281940c4a836f44779c7cd99577,"[""Tabela1/L19-6.txt"",6,""job-grouping-sat"",""clique"",""free-initial-magazine-v1""]",cadical300,seqcounter,1200.0,"{""cardinality"":""seqcounter"",""configuration_version"":""job-grouping-sat-v1"",""objective_version"":""free-initial-magazine-v1"",""solver"":""cadical300"",""strength"":""clique"",""time_limit"":1200.0}"
Yanasse,Tabela1/L19-7.txt,7,job-grouping-sat,clique,free-initial-magazine-v1,OPTIMAL,8,8,25,20,5,5,5,5,5,0,0,0,0.000000000,0.000000000,0.000166480,0.000213671,0.000166480,0,0,0,0,0,0,0,"[2, 5, 7, 1, 6, 0, 3, 4]",ae4283dd4867f24b461ba9c3fe2399e7820a23352d9af02a1aa7cd9f96170a6f,job-grouping-sat-v1,a54742cc4785a1c57020713cb318b867bf332281940c4a836f44779c7cd99577,"[""Tabela1/L19-7.txt"",7,""job-grouping-sat"",""clique"",""free-initial-magazine-v1""]",cadical300,seqcounter,1200.0,"{""cardinality"":""seqcounter"",""configuration_version"":""job-grouping-sat-v1"",""objective_version"":""free-initial-magazine-v1"",""solver"":""cadical300"",""strength"":""clique"",""time_limit"":1200.0}"
Yanasse,Tabela1/L19-8.txt,8,job-grouping-sat,clique,free-initial-magazine-v1,OPTIMAL,8,8,25,20,5,5,5,5,3,0,0,0,0.000000000,0.000000000,0.000170334,0.000215899,0.000170334,0,0,0,0,0,0,0,"[7, 4, 0, 2, 6, 1, 5, 3]",845c7abded7e33fe770fddada9d86d60ec066fbc9b25cc4934c19f715a385e50,job-grouping-sat-v1,a54742cc4785a1c57020713cb318b867bf332281940c4a836f44779c7cd99577,"[""Tabela1/L19-8.txt"",8,""job-grouping-sat"",""clique"",""free-initial-magazine-v1""]",cadical300,seqcounter,1200.0,"{""cardinality"":""seqcounter"",""configuration_version"":""job-grouping-sat-v1"",""objective_version"":""free-initial-magazine-v1"",""solver"":""cadical300"",""strength"":""clique"",""time_limit"":1200.0}"
Yanasse,Tabela1/L19-9.txt,9,job-grouping-sat,clique,free-initial-magazine-v1,OPTIMAL,8,8,25,20,5,5,5,5,4,0,0,0,0.000000000,0.000000000,0.000161528,0.000207741,0.000161528,0,0,0,0,0,0,0,"[1, 3, 6, 7, 5, 4, 2, 0]",35ca93d2acb0d34289d9080d740814448fe5118f7bf256c1bfe49952eb993c1c,job-grouping-sat-v1,a54742cc4785a1c57020713cb318b867bf332281940c4a836f44779c7cd99577,"[""Tabela1/L19-9.txt"",9,""job-grouping-sat"",""clique"",""free-initial-magazine-v1""]",cadical300,seqcounter,1200.0,"{""cardinality"":""seqcounter"",""configuration_version"":""job-grouping-sat-v1"",""objective_version"":""free-initial-magazine-v1"",""solver"":""cadical300"",""strength"":""clique"",""time_limit"":1200.0}"
Yanasse,Tabela1/L2-1.txt,1,job-grouping-sat,clique,free-initial-magazine-v1,OPTIMAL,8,8,15,10,5,5,5,5,6,0,0,0,0.000000000,0.000000000,0.000130621,0.000162642,0.000130621,0,0,0,0,0,0,0,"[5, 0, 6, 2, 3, 4, 7, 1]",c235223f965abb6e5abcda0eb50ce477ca2559c0c325c8fc21b4bb1af4b44ef2,job-grouping-sat-v1,a54742cc4785a1c57020713cb318b867bf332281940c4a836f44779c7cd99577,"[""Tabela1/L2-1.txt"",1,""job-grouping-sat"",""clique"",""free-initial-magazine-v1""]",cadical300,seqcounter,1200.0,"{""cardinality"":""seqcounter"",""configuration_version"":""job-grouping-sat-v1"",""objective_version"":""free-initial-magazine-v1"",""solver"":""cadical300"",""strength"":""clique"",""time_limit"":1200.0}"
Yanasse,Tabela1/L2-10.txt,10,job-grouping-sat,clique,free-initial-magazine-v1,OPTIMAL,8,8,15,10,5,5,5,5,6,0,0,0,0.000000000,0.000000000,0.000133729,0.000193176,0.000133729,0,0,0,0,0,0,0,"[4, 3, 2, 5, 0, 6, 1, 7]",7a00380981e3ccdcdcd1c3376b928f714a7b94d051235abf5372d8836bf8b9ec,job-grouping-sat-v1,a54742cc4785a1c57020713cb318b867bf332281940c4a836f44779c7cd99577,"[""Tabela1/L2-10.txt"",10,""job-grouping-sat"",""clique"",""free-initial-magazine-v1""]",cadical300,seqcounter,1200.0,"{""cardinality"":""seqcounter"",""configuration_version"":""job-grouping-sat-v1"",""objective_version"":""free-initial-magazine-v1"",""solver"":""cadical300"",""strength"":""clique"",""time_limit"":1200.0}"
Yanasse,Tabela1/L2-2.txt,2,job-grouping-sat,clique,free-initial-magazine-v1,OPTIMAL,8,8,15,10,5,5,5,5,4,0,0,0,0.000000000,0.000000000,0.000132545,0.000237691,0.000132545,0,0,0,0,0,0,0,"[3, 6, 5, 1, 2, 7, 4, 0]",636a0a20bd6181602b1e731a136e123fe796d2befec7bbb8a6eadf58cf588427,job-grouping-sat-v1,a54742cc4785a1c57020713cb318b867bf332281940c4a836f44779c7cd99577,"[""Tabela1/L2-2.txt"",2,""job-grouping-sat"",""clique"",""free-initial-magazine-v1""]",cadical300,seqcounter,1200.0,"{""cardinality"":""seqcounter"",""configuration_version"":""job-grouping-sat-v1"",""objective_version"":""free-initial-magazine-v1"",""solver"":""cadical300"",""strength"":""clique"",""time_limit"":1200.0}"
Yanasse,Tabela1/L2-3.txt,3,job-grouping-sat,clique,free-initial-magazine-v1,OPTIMAL,8,8,15,10,5,5,5,5,4,0,0,0,0.000000000,0.000000000,0.000135444,0.000169686,0.000135444,0,0,0,0,0,0,0,"[1, 4, 2, 7, 0, 3, 5, 6]",6fc23ab10e2b7b1bb586f1713ab3998298062c7dc79b5c4a1c1cc2068871a3fe,job-grouping-sat-v1,a54742cc4785a1c57020713cb318b867bf332281940c4a836f44779c7cd99577,"[""Tabela1/L2-3.txt"",3,""job-grouping-sat"",""clique"",""free-initial-magazine-v1""]",cadical300,seqcounter,1200.0,"{""cardinality"":""seqcounter"",""configuration_version"":""job-grouping-sat-v1"",""objective_version"":""free-initial-magazine-v1"",""solver"":""cadical300"",""strength"":""clique"",""time_limit"":1200.0}"
Yanasse,Tabela1/L2-4.txt,4,job-grouping-sat,clique,free-initial-magazine-v1,OPTIMAL,8,8,15,10,5,5,5,5,5,0,0,0,0.000000000,0.000000000,0.000164493,0.000198211,0.000164493,0,0,0,0,0,0,0,"[1, 6, 2, 4, 3, 0, 5, 7]",9661550c8447159eeb634f4703eda559edb412c247e61b64307bc53036370a58,job-grouping-sat-v1,a54742cc4785a1c57020713cb318b867bf332281940c4a836f44779c7cd99577,"[""Tabela1/L2-4.txt"",4,""job-grouping-sat"",""clique"",""free-initial-magazine-v1""]",cadical300,seqcounter,1200.0,"{""cardinality"":""seqcounter"",""configuration_version"":""job-grouping-sat-v1"",""objective_version"":""free-initial-magazine-v1"",""solver"":""cadical300"",""strength"":""clique"",""time_limit"":1200.0}"
Yanasse,Tabela1/L2-5.txt,5,job-grouping-sat,clique,free-initial-magazine-v1,OPTIMAL,8,8,15,10,5,5,5,5,6,0,0,0,0.000000000,0.000000000,0.000133551,0.000165671,0.000133551,0,0,0,0,0,0,0,"[5, 0, 6, 2, 3, 4, 7, 1]",c235223f965abb6e5abcda0eb50ce477ca2559c0c325c8fc21b4bb1af4b44ef2,job-grouping-sat-v1,a54742cc4785a1c57020713cb318b867bf332281940c4a836f44779c7cd99577,"[""Tabela1/L2-5.txt"",5,""job-grouping-sat"",""clique"",""free-initial-magazine-v1""]",cadical300,seqcounter,1200.0,"{""cardinality"":""seqcounter"",""configuration_version"":""job-grouping-sat-v1"",""objective_version"":""free-initial-magazine-v1"",""solver"":""cadical300"",""strength"":""clique"",""time_limit"":1200.0}"
Yanasse,Tabela1/L2-6.txt,6,job-grouping-sat,clique,free-initial-magazine-v1,OPTIMAL,8,8,15,10,5,5,5,5,4,0,0,0,0.000000000,0.000000000,0.000157798,0.000191087,0.000157798,0,0,0,0,0,0,0,"[2, 5, 6, 7, 0, 1, 4, 3]",3a3918c1e5d9cdccd6e15dff10bd91867586ac962a465ca6af0c4d64a1b5406b,job-grouping-sat-v1,a54742cc4785a1c57020713cb318b867bf332281940c4a836f44779c7cd99577,"[""Tabela1/L2-6.txt"",6,""job-grouping-sat"",""clique"",""free-initial-magazine-v1""]",cadical300,seqcounter,1200.0,"{""cardinality"":""seqcounter"",""configuration_version"":""job-grouping-sat-v1"",""objective_version"":""free-initial-magazine-v1"",""solver"":""cadical300"",""strength"":""clique"",""time_limit"":1200.0}"
Yanasse,Tabela1/L2-7.txt,7,job-grouping-sat,clique,free-initial-magazine-v1,OPTIMAL,8,8,15,10,5,5,5,5,5,0,0,0,0.000000000,0.000000000,0.000131081,0.000164737,0.000131081,0,0,0,0,0,0,0,"[6, 1, 4, 5, 2, 7, 0, 3]",302b4fa6bbeed237a4d5ce7eb47368d3b528276a3670ff7f5952c9993fafea76,job-grouping-sat-v1,a54742cc4785a1c57020713cb318b867bf332281940c4a836f44779c7cd99577,"[""Tabela1/L2-7.txt"",7,""job-grouping-sat"",""clique"",""free-initial-magazine-v1""]",cadical300,seqcounter,1200.0,"{""cardinality"":""seqcounter"",""configuration_version"":""job-grouping-sat-v1"",""objective_version"":""free-initial-magazine-v1"",""solver"":""cadical300"",""strength"":""clique"",""time_limit"":1200.0}"
Yanasse,Tabela1/L2-8.txt,8,job-grouping-sat,clique,free-initial-magazine-v1,OPTIMAL,8,8,15,10,5,5,5,5,6,0,0,0,0.000000000,0.000000000,0.000131245,0.000163974,0.000131245,0,0,0,0,0,0,0,"[4, 0, 2, 3, 6, 5, 7, 1]",a12ab7c15f40028112b1b6f43cc5dd6c0d2abfd94bf842925c15d4fffc5291a1,job-grouping-sat-v1,a54742cc4785a1c57020713cb318b867bf332281940c4a836f44779c7cd99577,"[""Tabela1/L2-8.txt"",8,""job-grouping-sat"",""clique"",""free-initial-magazine-v1""]",cadical300,seqcounter,1200.0,"{""cardinality"":""seqcounter"",""configuration_version"":""job-grouping-sat-v1"",""objective_version"":""free-initial-magazine-v1"",""solver"":""cadical300"",""strength"":""clique"",""time_limit"":1200.0}"
Yanasse,Tabela1/L2-9.txt,9,job-grouping-sat,clique,free-initial-magazine-v1,OPTIMAL,8,8,15,10,5,5,5,5,5,0,0,0,0.000000000,0.000000000,0.000126950,0.000159590,0.000126950,0,0,0,0,0,0,0,"[7, 1, 5, 0, 4, 6, 3, 2]",e2a2c5804cff0d76621460c755170e5ab164701ef196b9c940defff9aaaa6134,job-grouping-sat-v1,a54742cc4785a1c57020713cb318b867bf332281940c4a836f44779c7cd99577,"[""Tabela1/L2-9.txt"",9,""job-grouping-sat"",""clique"",""free-initial-magazine-v1""]",cadical300,seqcounter,1200.0,"{""cardinality"":""seqcounter"",""configuration_version"":""job-grouping-sat-v1"",""objective_version"":""free-initial-magazine-v1"",""solver"":""cadical300"",""strength"":""clique"",""time_limit"":1200.0}"
Yanasse,Tabela1/L20-1.txt,1,job-grouping-sat,clique,free-initial-magazine-v1,OPTIMAL,8,8,25,20,5,8,5,5,3,1,1,0,0.011636074,0.005467575,0.000196437,0.025669099,0.025159185,447,2032,5653,116,3396,23239,1,"[1, 3, 4, 7, 0, 6, 2, 5]",9dc27d3fb2d1a7e0392d673831a332a86f1d8d3b5c0ff684a4f075898fefc765,job-grouping-sat-v1,a54742cc4785a1c57020713cb318b867bf332281940c4a836f44779c7cd99577,"[""Tabela1/L20-1.txt"",1,""job-grouping-sat"",""clique"",""free-initial-magazine-v1""]",cadical300,seqcounter,1200.0,"{""cardinality"":""seqcounter"",""configuration_version"":""job-grouping-sat-v1"",""objective_version"":""free-initial-magazine-v1"",""solver"":""cadical300"",""strength"":""clique"",""time_limit"":1200.0}"
Yanasse,Tabela1/L20-10.txt,10,job-grouping-sat,clique,free-initial-magazine-v1,OPTIMAL,8,8,25,20,5,8,5,5,3,2,2,0,0.017017413,0.008520338,0.000260723,0.040611558,0.040313342,329,1240,3627,713,2863,66687,7,"[2, 3, 4, 7, 1, 6, 0, 5]",092f1090f0f6d4de7a0bb5f52098ef0a4362500c788b649cd177ccd7126f8f1e,job-grouping-sat-v1,a54742cc4785a1c57020713cb318b867bf332281940c4a836f44779c7cd99577,"[""Tabela1/L20-10.txt"",10,""job-grouping-sat"",""clique"",""free-initial-magazine-v1""]",cadical300,seqcounter,1200.0,"{""cardinality"":""seqcounter"",""configuration_version"":""job-grouping-sat-v1"",""objective_version"":""free-initial-magazine-v1"",""solver"":""cadical300"",""strength"":""clique"",""time_limit"":1200.0}"
Yanasse,Tabela1/L20-2.txt,2,job-grouping-sat,clique,free-initial-magazine-v1,OPTIMAL,8,8,25,20,5,5,5,5,4,0,0,0,0.000000000,0.000000000,0.000183329,0.000239448,0.000183329,0,0,0,0,0,0,0,"[4, 6, 3, 0, 7, 2, 1, 5]",4c88d836e7319dd4628ed34dfee9145aa4699cad810eff3b91e5b555a893df30,job-grouping-sat-v1,a54742cc4785a1c57020713cb318b867bf332281940c4a836f44779c7cd99577,"[""Tabela1/L20-2.txt"",2,""job-grouping-sat"",""clique"",""free-initial-magazine-v1""]",cadical300,seqcounter,1200.0,"{""cardinality"":""seqcounter"",""configuration_version"":""job-grouping-sat-v1"",""objective_version"":""free-initial-magazine-v1"",""solver"":""cadical300"",""strength"":""clique"",""time_limit"":1200.0}"
Yanasse,Tabela1/L20-3.txt,3,job-grouping-sat,clique,free-initial-magazine-v1,OPTIMAL,8,8,25,20,5,8,5,5,6,1,1,0,0.029177558,0.005230382,0.000288425,0.043234592,0.042860285,447,2032,5653,1157,5296,151068,21,"[0, 1, 4, 3, 7, 5, 6, 2]",8725711cfa95db21b1b2070988df0adc89cd133d0bef7bd81095d7c4cce7c6b4,job-grouping-sat-v1,a54742cc4785a1c57020713cb318b867bf332281940c4a836f44779c7cd99577,"[""Tabela1/L20-3.txt"",3,""job-grouping-sat"",""clique"",""free-initial-magazine-v1""]",cadical300,seqcounter,1200.0,"{""cardinality"":""seqcounter"",""configuration_version"":""job-grouping-sat-v1"",""objective_version"":""free-initial-magazine-v1"",""solver"":""cadical300"",""strength"":""clique"",""time_limit"":1200.0}"
Yanasse,Tabela1/L20-4.txt,4,job-grouping-sat,clique,free-initial-magazine-v1,OPTIMAL,8,8,25,20,5,5,5,5,5,0,0,0,0.000000000,0.000000000,0.000185411,0.000230896,0.000185411,0,0,0,0,0,0,0,"[3, 5, 7, 1, 2, 6, 0, 4]",8f0c7afeccda25fa6ff372db1408afdbb4f31bd8b1fdd3f2c3ee4e4d37065f4c,job-grouping-sat-v1,a54742cc4785a1c57020713cb318b867bf332281940c4a836f44779c7cd99577,"[""Tabela1/L20-4.txt"",4,""job-grouping-sat"",""clique"",""free-initial-magazine-v1""]",cadical300,seqcounter,1200.0,"{""cardinality"":""seqcounter"",""configuration_version"":""job-grouping-sat-v1"",""objective_version"":""free-initial-magazine-v1"",""solver"":""cadical300"",""strength"":""clique"",""time_limit"":1200.0}"
Yanasse,Tabela1/L20-5.txt,5,job-grouping-sat,clique,free-initial-magazine-v1,OPTIMAL,8,8,25,20,5,8,5,5,2,2,2,0,0.021146958,0.008379984,0.000222797,0.043876816,0.043627953,329,1240,3585,138,5326,30449,2,"[0, 2, 4, 7, 1, 3, 5, 6]",eef1f5fc63a3c2f7841fb27c319f1527a72d47515c7a1beaee6210f0f46d15e0,job-grouping-sat-v1,a54742cc4785a1c57020713cb318b867bf332281940c4a836f44779c7cd99577,"[""Tabela1/L20-5.txt"",5,""job-grouping-sat"",""clique"",""free-initial-magazine-v1""]",cadical300,seqcounter,1200.0,"{""cardinality"":""seqcounter"",""configuration_version"":""job-grouping-sat-v1"",""objective_version"":""free-initial-magazine-v1"",""solver"":""cadical300"",""strength"":""clique"",""time_limit"":1200.0}"
Yanasse,Tabela1/L20-6.txt,6,job-grouping-sat,clique,free-initial-magazine-v1,OPTIMAL,8,8,25,20,5,5,5,5,5,0,0,0,0.000000000,0.000000000,0.000185416,0.000230479,0.000185416,0,0,0,0,0,0,0,"[4, 3, 7, 0, 5, 1, 2, 6]",2c9d8166a035a1b8289a370eace409c4c7720515f4561c873086c596f5754dde,job-grouping-sat-v1,a54742cc4785a1c57020713cb318b867bf332281940c4a836f44779c7cd99577,"[""Tabela1/L20-6.txt"",6,""job-grouping-sat"",""clique"",""free-initial-magazine-v1""]",cadical300,seqcounter,1200.0,"{""cardinality"":""seqcounter"",""configuration_version"":""job-grouping-sat-v1"",""objective_version"":""free-initial-magazine-v1"",""solver"":""cadical300"",""strength"":""clique"",""time_limit"":1200.0}"
Yanasse,Tabela1/L20-7.txt,7,job-grouping-sat,clique,free-initial-magazine-v1,OPTIMAL,8,8,25,20,5,8,5,5,5,3,3,0,0.234694597,0.017341566,0.000250763,0.272225900,0.271971727,329,1240,3729,12649,24817,1208219,153,"[0, 4, 5, 3, 7, 2, 1, 6]",054180bc668398c62bf046fd9244d39d3567b3fdfcf7586daa7651e9a137cbe9,job-grouping-sat-v1,a54742cc4785a1c57020713cb318b867bf332281940c4a836f44779c7cd99577,"[""Tabela1/L20-7.txt"",7,""job-grouping-sat"",""clique"",""free-initial-magazine-v1""]",cadical300,seqcounter,1200.0,"{""cardinality"":""seqcounter"",""configuration_version"":""job-grouping-sat-v1"",""objective_version"":""free-initial-magazine-v1"",""solver"":""cadical300"",""strength"":""clique"",""time_limit"":1200.0}"
Yanasse,Tabela1/L20-8.txt,8,job-grouping-sat,clique,free-initial-magazine-v1,OPTIMAL,8,8,25,20,5,7,5,5,5,2,2,0,0.024324052,0.007917008,0.000251496,0.044403866,0.044215306,329,1240,3675,654,5491,73094,9,"[2, 5, 7, 4, 0, 1, 3, 6]",ce0ed266671c18f924c55fc415213e56bf41c5eae07205b00d96c3dbf2d6d406,job-grouping-sat-v1,a54742cc4785a1c57020713cb318b867bf332281940c4a836f44779c7cd99577,"[""Tabela1/L20-8.txt"",8,""job-grouping-sat"",""clique"",""free-initial-magazine-v1""]",cadical300,seqcounter,1200.0,"{""cardinality"":""seqcounter"",""configuration_version"":""job-grouping-sat-v1"",""objective_version"":""free-initial-magazine-v1"",""solver"":""cadical300"",""strength"":""clique"",""time_limit"":1200.0}"
Yanasse,Tabela1/L20-9.txt,9,job-grouping-sat,clique,free-initial-magazine-v1,OPTIMAL,8,8,25,20,5,6,5,5,4,1,1,0,0.105098639,0.003165650,0.000200980,0.115190869,0.114594367,329,1240,3585,4481,7412,526179,35,"[3, 7, 1, 4, 6, 0, 2, 5]",d7a8e29608997eae474f4939c590d5921c6bbdb05a3d5b2b98d1276012fbf238,job-grouping-sat-v1,a54742cc4785a1c57020713cb318b867bf332281940c4a836f44779c7cd99577,"[""Tabela1/L20-9.txt"",9,""job-grouping-sat"",""clique"",""free-initial-magazine-v1""]",cadical300,seqcounter,1200.0,"{""cardinality"":""seqcounter"",""configuration_version"":""job-grouping-sat-v1"",""objective_version"":""free-initial-magazine-v1"",""solver"":""cadical300"",""strength"":""clique"",""time_limit"":1200.0}"
Yanasse,Tabela1/L21-1.txt,1,job-grouping-sat,clique,free-initial-magazine-v1,OPTIMAL,8,8,25,20,5,9,6,6,5,2,1,1,0.319523961,0.010415752,0.000283386,0.347202939,0.034667844,329,1264,3723,17222,32252,1612667,516,"[0, 2, 5, 7, 1, 3, 4, 6]",94ad0423546c2be20e59c0947f2ae0eb563f34d43f17a7217b7e19ed26149b17,job-grouping-sat-v1,a54742cc4785a1c57020713cb318b867bf332281940c4a836f44779c7cd99577,"[""Tabela1/L21-1.txt"",1,""job-grouping-sat"",""clique"",""free-initial-magazine-v1""]",cadical300,seqcounter,1200.0,"{""cardinality"":""seqcounter"",""configuration_version"":""job-grouping-sat-v1"",""objective_version"":""free-initial-magazine-v1"",""solver"":""cadical300"",""strength"":""clique"",""time_limit"":1200.0}"
Yanasse,Tabela1/L21-10.txt,10,job-grouping-sat,clique,free-initial-magazine-v1,OPTIMAL,8,8,25,20,5,11,7,7,7,4,3,1,0.562277904,0.024936858,0.000442303,0.626140996,0.334661309,388,1640,4804,25599,55155,3550051,715,"[2, 5, 6, 7, 4, 0, 1, 3]",c04d7fcebdaeb7f41a35342e6c45b4f2e3d035aae382a606a078d575a833f474,job-grouping-sat-v1,a54742cc4785a1c57020713cb318b867bf332281940c4a836f44779c7cd99577,"[""Tabela1/L21-10.txt"",10,""job-grouping-sat"",""clique"",""free-initial-magazine-v1""]",cadical300,seqcounter,1200.0,"{""cardinality"":""seqcounter"",""configuration_version"":""job-grouping-sat-v1"",""objective_version"":""free-initial-magazine-v1"",""solver"":""cadical300"",""strength"":""clique"",""time_limit"":1200.0}"
Yanasse,Tabela1/L21-2.txt,2,job-grouping-sat,clique,free-initial-magazine-v1,OPTIMAL,8,8,25,20,5,11,7,7,4,3,2,1,1.533859968,0.017891611,0.000336046,1.581190890,0.279149009,388,1647,4874,73995,132293,7462730,2533,"[0, 5, 1, 6, 7, 2, 3, 4]",fd9a09c8bfa213a5d5b51965664a1b7af144a9b649f744200deb44222d3c5165,job-grouping-sat-v1,a54742cc4785a1c57020713cb318b867bf332281940c4a836f44779c7cd99577,"[""Tabela1/L21-2.txt"",2,""job-grouping-sat"",""clique"",""free-initial-magazine-v1""]",cadical300,seqcounter,1200.0,"{""cardinality"":""seqcounter"",""configuration_version"":""job-grouping-sat-v1"",""objective_version"":""free-initial-magazine-v1"",""solver"":""cadical300"",""strength"":""clique"",""time_limit"":1200.0}"
Yanasse,Tabela1/L21-3.txt,3,job-grouping-sat,clique,free-initial-magazine-v1,OPTIMAL,8,8,25,20,5,10,7,7,4,2,1,1,1.248483369,0.015277311,0.000299561,1.281951776,0.034936934,388,1626,4797,57413,101397,5665184,1832,"[2, 3, 5, 1, 4, 6, 0, 7]",5fd796157ea728a3d6d5b4053e68d0f0321960f025b5427724b39e02ce4841a0,job-grouping-sat-v1,a54742cc4785a1c57020713cb318b867bf332281940c4a836f44779c7cd99577,"[""Tabela1/L21-3.txt"",3,""job-grouping-sat"",""clique"",""free-initial-magazine-v1""]",cadical300,seqcounter,1200.0,"{""cardinality"":""seqcounter"",""configuration_version"":""job-grouping-sat-v1"",""objective_version"":""free-initial-magazine-v1"",""solver"":""cadical300"",""strength"":""clique"",""time_limit"":1200.0}"
Yanasse,Tabela1/L21-4.txt,4,job-grouping-sat,clique,free-initial-magazine-v1,OPTIMAL,8,8,25,20,5,16,9,9,5,4,3,1,1.407510649,0.028837760,0.000348167,1.474829517,0.197747106,447,2256,6355,57489,107647,7840995,1734,"[3, 6, 0, 2, 1, 4, 5, 7]",4ae50d31192df406b3969cea29f8678d7001a0dfd9739d77053d84d479ebcdf4,job-grouping-sat-v1,a54742cc4785a1c57020713cb318b867bf332281940c4a836f44779c7cd99577,"[""Tabela1/L21-4.txt"",4,""job-grouping-sat"",""clique"",""free-initial-magazine-v1""]",cadical300,seqcounter,1200.0,"{""cardinality"":""seqcounter"",""configuration_version"":""job-grouping-sat-v1"",""objective_version"":""free-initial-magazine-v1"",""solver"":""cadical300"",""strength"":""clique"",""time_limit"":1200.0}"
Yanasse,Tabela1/L21-5.txt,5,job-grouping-sat,clique,free-initial-magazine-v1,OPTIMAL,8,8,25,20,5,8,5,5,3,1,1,0,0.013493450,0.005459721,0.000229220,0.029549217,0.029178696,447,2032,5645,93,3288,20100,1,"[1, 4, 0, 2, 3, 6, 5, 7]",b9a7b49f47725fdfd690ca7308c71296e02f37580eda6af991c82d22d86b09a3,job-grouping-sat-v1,a54742cc4785a1c57020713cb318b867bf332281940c4a836f44779c7cd99577,"[""Tabela1/L21-5.txt"",5,""job-grouping-sat"",""clique"",""free-initial-magazine-v1""]",cadical300,seqcounter,1200.0,"{""cardinality"":""seqcounter"",""configuration_version"":""job-grouping-sat-v1"",""objective_version"":""free-initial-magazine-v1"",""solver"":""cadical300"",""strength"":""clique"",""time_limit"":1200.0}"
Yanasse,Tabela1/L21-6.txt,6,job-grouping-sat,clique,free-initial-magazine-v1,OPTIMAL,8,8,25,20,5,6,5,5,4,1,1,0,0.213969167,0.003630975,0.000220844,0.225271113,0.225012051,329,1240,3777,11152,20401,1072313,292,"[0, 5, 7, 1, 4, 2, 3, 6]",fc945410a89002d25af15fd5838f045ab8e2ab9e04e09a52c457298b81fa7dda,job-grouping-sat-v1,a54742cc4785a1c57020713cb318b867bf332281940c4a836f44779c7cd99577,"[""Tabela1/L21-6.txt"",6,""job-grouping-sat"",""clique"",""free-initial-magazine-v1""]",cadical300,seqcounter,1200.0,"{""cardinality"":""seqcounter"",""configuration_version"":""job-grouping-sat-v1"",""objective_version"":""free-initial-magazine-v1"",""solver"":""cadical300"",""strength"":""clique"",""time_limit"":1200.0}"
Yanasse,Tabela1/L21-7.txt,7,job-grouping-sat,clique,free-initial-magazine-v1,OPTIMAL,8,8,25,20,5,16,10,10,7,4,3,1,2.387116913,0.029990891,0.000550890,2.460010490,1.134761386,447,2422,6765,92599,173037,14213168,2420,"[7, 2, 3, 4, 5, 0, 1, 6]",1c4342cb1b4abb440e24bd7cdf406c2cb6f24fb2030dfbf4ef1442f1ba13f649,job-grouping-sat-v1,a54742cc4785a1c57020713cb318b867bf332281940c4a836f44779c7cd99577,"[""Tabela1/L21-7.txt"",7,""job-grouping-sat"",""clique"",""free-initial-magazine-v1""]",cadical300,seqcounter,1200.0,"{""cardinality"":""seqcounter"",""configuration_version"":""job-grouping-sat-v1"",""objective_version"":""free-initial-magazine-v1"",""solver"":""cadical300"",""strength"":""clique"",""time_limit"":1200.0}"
Yanasse,Tabela1/L21-8.txt,8,job-grouping-sat,clique,free-initial-magazine-v1,OPTIMAL,8,8,25,20,5,12,8,8,8,4,3,1,2.066373231,0.030375925,0.000379265,2.134418233,1.428719592,447,2112,6109,82374,142285,12047339,1587,"[5, 3, 0, 4, 7, 2, 1, 6]",108ff8ab629f930eb46216a405b03062682b6eaeb83ab3a05562114420a4e3a3,job-grouping-sat-v1,a54742cc4785a1c57020713cb318b867bf332281940c4a836f44779c7cd99577,"[""Tabela1/L21-8.txt"",8,""job-grouping-sat"",""clique"",""free-initial-magazine-v1""]",cadical300,seqcounter,1200.0,"{""cardinality"":""seqcounter"",""configuration_version"":""job-grouping-sat-v1"",""objective_version"":""free-initial-magazine-v1"",""solver"":""cadical300"",""strength"":""clique"",""time_limit"":1200.0}"
Yanasse,Tabela1/L21-9.txt,9,job-grouping-sat,clique,free-initial-magazine-v1,OPTIMAL,8,8,25,20,5,11,5,5,6,3,3,0,0.062504572,0.020223335,0.000301403,0.112329068,0.111934967,447,2032,5725,2163,9844,336508,10,"[5, 1, 0, 6, 3, 2, 4, 7]",d4ac186b3ec3e35d716ad32942e0aedc830b00ce0991a2483fd2dec021907711,job-grouping-sat-v1,a54742cc4785a1c57020713cb318b867bf332281940c4a836f44779c7cd99577,"[""Tabela1/L21-9.txt"",9,""job-grouping-sat"",""clique"",""free-initial-magazine-v1""]",cadical300,seqcounter,1200.0,"{""cardinality"":""seqcounter"",""configuration_version"":""job-grouping-sat-v1"",""objective_version"":""free-initial-magazine-v1"",""solver"":""cadical300"",""strength"":""clique"",""time_limit"":1200.0}"
Yanasse,Tabela1/L22-1.txt,1,job-grouping-sat,clique,free-initial-magazine-v1,OPTIMAL,8,8,25,20,5,5,5,5,5,0,0,0,0.000000000,0.000000000,0.000262897,0.000323637,0.000262897,0,0,0,0,0,0,0,"[7, 3, 1, 4, 2, 5, 0, 6]",bf4e1597a89a386ac1603e2144a84c878fcd0fc1e62a3e290efab0a31a46c384,job-grouping-sat-v1,a54742cc4785a1c57020713cb318b867bf332281940c4a836f44779c7cd99577,"[""Tabela1/L22-1.txt"",1,""job-grouping-sat"",""clique"",""free-initial-magazine-v1""]",cadical300,seqcounter,1200.0,"{""cardinality"":""seqcounter"",""configuration_version"":""job-grouping-sat-v1"",""objective_version"":""free-initial-magazine-v1"",""solver"":""cadical300"",""strength"":""clique"",""time_limit"":1200.0}"
Yanasse,Tabela1/L22-10.txt,10,job-grouping-sat,clique,free-initial-magazine-v1,OPTIMAL,8,8,25,20,5,5,5,5,4,0,0,0,0.000000000,0.000000000,0.000184842,0.000235072,0.000184842,0,0,0,0,0,0,0,"[6, 4, 0, 3, 2, 7, 5, 1]",06a9a9ddd83423de92a6382f7f23d73702d6c0c7ad6b769225aeb7c98bece712,job-grouping-sat-v1,a54742cc4785a1c57020713cb318b867bf332281940c4a836f44779c7cd99577,"[""Tabela1/L22-10.txt"",10,""job-grouping-sat"",""clique"",""free-initial-magazine-v1""]",cadical300,seqcounter,1200.0,"{""cardinality"":""seqcounter"",""configuration_version"":""job-grouping-sat-v1"",""objective_version"":""free-initial-magazine-v1"",""solver"":""cadical300"",""strength"":""clique"",""time_limit"":1200.0}"
Yanasse,Tabela1/L22-2.txt,2,job-grouping-sat,clique,free-initial-magazine-v1,OPTIMAL,8,8,25,20,5,5,5,5,4,0,0,0,0.000000000,0.000000000,0.000270449,0.000327402,0.000270449,0,0,0,0,0,0,0,"[0, 2, 6, 5, 3, 1, 4, 7]",5cd56ac649e8ab66dffab4a2ffcee8acfc99c58252ad6ed2a3e28e6e6ff238de,job-grouping-sat-v1,a54742cc4785a1c57020713cb318b867bf332281940c4a836f44779c7cd99577,"[""Tabela1/L22-2.txt"",2,""job-grouping-sat"",""clique"",""free-initial-magazine-v1""]",cadical300,seqcounter,1200.0,"{""cardinality"":""seqcounter"",""configuration_version"":""job-grouping-sat-v1"",""objective_version"":""free-initial-magazine-v1"",""solver"":""cadical300"",""strength"":""clique"",""time_limit"":1200.0}"
Yanasse,Tabela1/L22-3.txt,3,job-grouping-sat,clique,free-initial-magazine-v1,OPTIMAL,8,8,25,20,5,5,5,5,5,0,0,0,0.000000000,0.000000000,0.000177217,0.000226388,0.000177217,0,0,0,0,0,0,0,"[5, 1, 6, 2, 3, 4, 0, 7]",1debe4442d312cdd39236ab68664a338a7da9270799b7a9ce3c7c1be8331fa42,job-grouping-sat-v1,a54742cc4785a1c57020713cb318b867bf332281940c4a836f44779c7cd99577,"[""Tabela1/L22-3.txt"",3,""job-grouping-sat"",""clique"",""free-initial-magazine-v1""]",cadical300,seqcounter,1200.0,"{""cardinality"":""seqcounter"",""configuration_version"":""job-grouping-sat-v1"",""objective_version"":""free-initial-magazine-v1"",""solver"":""cadical300"",""strength"":""clique"",""time_limit"":1200.0}"
Yanasse,Tabela1/L22-4.txt,4,job-grouping-sat,clique,free-initial-magazine-v1,OPTIMAL,8,8,25,20,5,5,5,5,4,0,0,0,0.000000000,0.000000000,0.000170316,0.000218425,0.000170316,0,0,0,0,0,0,0,"[6, 7, 5, 1, 3, 2, 0, 4]",3e376a12c381b941091c9db4a78f02b88fb6f13ccb5d43164f74111c1b55cc29,job-grouping-sat-v1,a54742cc4785a1c57020713cb318b867bf332281940c4a836f44779c7cd99577,"[""Tabela1/L22-4.txt"",4,""job-grouping-sat"",""clique"",""free-initial-magazine-v1""]",cadical300,seqcounter,1200.0,"{""cardinality"":""seqcounter"",""configuration_version"":""job-grouping-sat-v1"",""objective_version"":""free-initial-magazine-v1"",""solver"":""cadical300"",""strength"":""clique"",""time_limit"":1200.0}"
Yanasse,Tabela1/L22-5.txt,5,job-grouping-sat,clique,free-initial-magazine-v1,OPTIMAL,8,8,25,20,5,5,5,5,4,0,0,0,0.000000000,0.000000000,0.000171792,0.000217869,0.000171792,0,0,0,0,0,0,0,"[0, 6, 7, 1, 2, 3, 4, 5]",4a5a35866c247ef5d11873f6a77a7e206b63f89e5d9b78b7644c6c07e256f9f6,job-grouping-sat-v1,a54742cc4785a1c57020713cb318b867bf332281940c4a836f44779c7cd99577,"[""Tabela1/L22-5.txt"",5,""job-grouping-sat"",""clique"",""free-initial-magazine-v1""]",cadical300,seqcounter,1200.0,"{""cardinality"":""seqcounter"",""configuration_version"":""job-grouping-sat-v1"",""objective_version"":""free-initial-magazine-v1"",""solver"":""cadical300"",""strength"":""clique"",""time_limit"":1200.0}"
Yanasse,Tabela1/L22-6.txt,6,job-grouping-sat,clique,free-initial-magazine-v1,OPTIMAL,8,8,25,20,5,5,5,5,4,0,0,0,0.000000000,0.000000000,0.000174734,0.000221193,0.000174734,0,0,0,0,0,0,0,"[7, 0, 2, 6, 5, 1, 4, 3]",e225b4d43fbef6d9e67439f5c4bfe07022dae2b232b3d7cd6a7786d4d1eb1fb5,job-grouping-sat-v1,a54742cc4785a1c57020713cb318b867bf332281940c4a836f44779c7cd99577,"[""Tabela1/L22-6.txt"",6,""job-grouping-sat"",""clique"",""free-initial-magazine-v1""]",cadical300,seqcounter,1200.0,"{""cardinality"":""seqcounter"",""configuration_version"":""job-grouping-sat-v1"",""objective_version"":""free-initial-magazine-v1"",""solver"":""cadical300"",""strength"":""clique"",""time_limit"":1200.0}"
Yanasse,Tabela1/L22-7.txt,7,job-grouping-sat,clique,free-initial-magazine-v1,OPTIMAL,8,8,25,20,5,5,5,5,5,0,0,0,0.000000000,0.000000000,0.000209769,0.000273391,0.000209769,0,0,0,0,0,0,0,"[0, 4, 5, 6, 3, 7, 1, 2]",41f8545b88763b0316bfd110087fd74acd4dab7a2d5da9d823e2758a89723a67,job-grouping-sat-v1,a54742cc4785a1c57020713cb318b867bf332281940c4a836f44779c7cd99577,"[""Tabela1/L22-7.txt"",7,""job-grouping-sat"",""clique"",""free-initial-magazine-v1""]",cadical300,seqcounter,1200.0,"{""cardinality"":""seqcounter"",""configuration_version"":""job-grouping-sat-v1"",""objective_version"":""free-initial-magazine-v1"",""solver"":""cadical300"",""strength"":""clique"",""time_limit"":1200.0}"
Yanasse,Tabela1/L22-8.txt,8,job-grouping-sat,clique,free-initial-magazine-v1,OPTIMAL,8,8,25,20,5,5,5,5,5,0,0,0,0.000000000,0.000000000,0.000173811,0.000219818,0.000173811,0,0,0,0,0,0,0,"[1, 3, 5, 6, 4, 0, 7, 2]",43d52f09f4ed2282a48fdbe0690bd72b0334f1a0cf0362474653f85f1f0bd17c,job-grouping-sat-v1,a54742cc4785a1c57020713cb318b867bf332281940c4a836f44779c7cd99577,"[""Tabela1/L22-8.txt"",8,""job-grouping-sat"",""clique"",""free-initial-magazine-v1""]",cadical300,seqcounter,1200.0,"{""cardinality"":""seqcounter"",""configuration_version"":""job-grouping-sat-v1"",""objective_version"":""free-initial-magazine-v1"",""solver"":""cadical300"",""strength"":""clique"",""time_limit"":1200.0}"
Yanasse,Tabela1/L22-9.txt,9,job-grouping-sat,clique,free-initial-magazine-v1,OPTIMAL,8,8,25,20,5,5,5,5,4,0,0,0,0.000000000,0.000000000,0.000173619,0.000220761,0.000173619,0,0,0,0,0,0,0,"[1, 2, 6, 3, 7, 4, 0, 5]",cb7abfd6c5b9ef155230af8bdbce700ac2f89d389c85cd5b0b413c5aec00785f,job-grouping-sat-v1,a54742cc4785a1c57020713cb318b867bf332281940c4a836f44779c7cd99577,"[""Tabela1/L22-9.txt"",9,""job-grouping-sat"",""clique"",""free-initial-magazine-v1""]",cadical300,seqcounter,1200.0,"{""cardinality"":""seqcounter"",""configuration_version"":""job-grouping-sat-v1"",""objective_version"":""free-initial-magazine-v1"",""solver"":""cadical300"",""strength"":""clique"",""time_limit"":1200.0}"
Yanasse,Tabela1/L23-1.txt,1,job-grouping-sat,clique,free-initial-magazine-v1,OPTIMAL,8,8,25,20,5,10,6,6,6,3,2,1,3.836443649,0.014459445,0.000283663,3.872842898,1.525488689,329,1240,3747,175378,285379,16002800,5229,"[4, 5, 2, 7, 0, 1, 3, 6]",1cf295e6696ab7ee57fc9ac3c8b6179a1213c3a96c792a47470ad854d6f7396b,job-grouping-sat-v1,a54742cc4785a1c57020713cb318b867bf332281940c4a836f44779c7cd99577,"[""Tabela1/L23-1.txt"",1,""job-grouping-sat"",""clique"",""free-initial-magazine-v1""]",cadical300,seqcounter,1200.0,"{""cardinality"":""seqcounter"",""configuration_version"":""job-grouping-sat-v1"",""objective_version"":""free-initial-magazine-v1"",""solver"":""cadical300"",""strength"":""clique"",""time_limit"":1200.0}"
Yanasse,Tabela1/L23-10.txt,10,job-grouping-sat,clique,free-initial-magazine-v1,OPTIMAL,8,8,25,20,5,5,5,5,5,0,0,0,0.000000000,0.000000000,0.000186133,0.000235303,0.000186133,0,0,0,0,0,0,0,"[7, 0, 3, 5, 1, 2, 4, 6]",e31e574a6487a19945f1e459e9d3f4045b0289403f1058eefa0cf918e69eda9d,job-grouping-sat-v1,a54742cc4785a1c57020713cb318b867bf332281940c4a836f44779c7cd99577,"[""Tabela1/L23-10.txt"",10,""job-grouping-sat"",""clique"",""free-initial-magazine-v1""]",cadical300,seqcounter,1200.0,"{""cardinality"":""seqcounter"",""configuration_version"":""job-grouping-sat-v1"",""objective_version"":""free-initial-magazine-v1"",""solver"":""cadical300"",""strength"":""clique"",""time_limit"":1200.0}"
Yanasse,Tabela1/L23-2.txt,2,job-grouping-sat,clique,free-initial-magazine-v1,OPTIMAL,8,8,25,20,5,6,5,5,4,1,1,0,0.011087459,0.003487314,0.000177051,0.020600379,0.020398626,329,1240,3609,260,2347,31134,5,"[3, 5, 0, 4, 6, 1, 2, 7]",6763c088a197d3f8054b32d345da872ac5ad02398f8b17b6fa1408aa49f8ed18,job-grouping-sat-v1,a54742cc4785a1c57020713cb318b867bf332281940c4a836f44779c7cd99577,"[""Tabela1/L23-2.txt"",2,""job-grouping-sat"",""clique"",""free-initial-magazine-v1""]",cadical300,seqcounter,1200.0,"{""cardinality"":""seqcounter"",""configuration_version"":""job-grouping-sat-v1"",""objective_version"":""free-initial-magazine-v1"",""solver"":""cadical300"",""strength"":""clique"",""time_limit"":1200.0}"
Yanasse,Tabela1/L23-3.txt,3,job-grouping-sat,clique,free-initial-magazine-v1,OPTIMAL,8,8,25,20,5,5,5,5,4,0,0,0,0.000000000,0.000000000,0.000253957,0.000302056,0.000253957,0,0,0,0,0,0,0,"[3, 0, 1, 2, 5, 7, 4, 6]",4f27c6f05566ba12a70b8e22c9c29b1c1a09f4916cc50f300e57973f1f57cc72,job-grouping-sat-v1,a54742cc4785a1c57020713cb318b867bf332281940c4a836f44779c7cd99577,"[""Tabela1/L23-3.txt"",3,""job-grouping-sat"",""clique"",""free-initial-magazine-v1""]",cadical300,seqcounter,1200.0,"{""cardinality"":""seqcounter"",""configuration_version"":""job-grouping-sat-v1"",""objective_version"":""free-initial-magazine-v1"",""solver"":""cadical300"",""strength"":""clique"",""time_limit"":1200.0}"
Yanasse,Tabela1/L23-4.txt,4,job-grouping-sat,clique,free-initial-magazine-v1,OPTIMAL,8,8,25,20,5,5,5,5,5,0,0,0,0.000000000,0.000000000,0.000143825,0.000184435,0.000143825,0,0,0,0,0,0,0,"[0, 3, 2, 1, 6, 7, 4, 5]",b84baa1f387a0bebf0487a201b77766ab16043df76488f02ec6374567031ada4,job-grouping-sat-v1,a54742cc4785a1c57020713cb318b867bf332281940c4a836f44779c7cd99577,"[""Tabela1/L23-4.txt"",4,""job-grouping-sat"",""clique"",""free-initial-magazine-v1""]",cadical300,seqcounter,1200.0,"{""cardinality"":""seqcounter"",""configuration_version"":""job-grouping-sat-v1"",""objective_version"":""free-initial-magazine-v1"",""solver"":""cadical300"",""strength"":""clique"",""time_limit"":1200.0}"
Yanasse,Tabela1/L23-5.txt,5,job-grouping-sat,clique,free-initial-magazine-v1,OPTIMAL,8,8,25,20,5,5,5,5,5,0,0,0,0.000000000,0.000000000,0.000166343,0.000210747,0.000166343,0,0,0,0,0,0,0,"[1, 6, 5, 2, 4, 7, 3, 0]",567ba062ac2e8a3c8b6c68130095e50cef169820220a3cdbe7545f0032f939e8,job-grouping-sat-v1,a54742cc4785a1c57020713cb318b867bf332281940c4a836f44779c7cd99577,"[""Tabela1/L23-5.txt"",5,""job-grouping-sat"",""clique"",""free-initial-magazine-v1""]",cadical300,seqcounter,1200.0,"{""cardinality"":""seqcounter"",""configuration_version"":""job-grouping-sat-v1"",""objective_version"":""free-initial-magazine-v1"",""solver"":""cadical300"",""strength"":""clique"",""time_limit"":1200.0}"
Yanasse,Tabela1/L23-6.txt,6,job-grouping-sat,clique,free-initial-magazine-v1,OPTIMAL,8,8,25,20,5,6,5,5,5,1,1,0,0.194423726,0.003738366,0.000188860,0.205208217,0.204920673,329,1240,3705,10336,18811,981635,261,"[6, 4, 7, 1, 2, 5, 0, 3]",e394c8c6cfb43c032aae96c8906babcae8a70c9ccdd74d06797fa3990d63b1db,job-grouping-sat-v1,a54742cc4785a1c57020713cb318b867bf332281940c4a836f44779c7cd99577,"[""Tabela1/L23-6.txt"",6,""job-grouping-sat"",""clique"",""free-initial-magazine-v1""]",cadical300,seqcounter,1200.0,"{""cardinality"":""seqcounter"",""configuration_version"":""job-grouping-sat-v1"",""objective_version"":""free-initial-magazine-v1"",""solver"":""cadical300"",""strength"":""clique"",""time_limit"":1200.0}"
Yanasse,Tabela1/L23-7.txt,7,job-grouping-sat,clique,free-initial-magazine-v1,OPTIMAL,8,8,25,20,5,8,5,5,5,2,2,0,0.326722162,0.009344679,0.000258595,0.352348351,0.352035657,329,1240,3711,16628,30736,1528418,382,"[1, 5, 6, 2, 3, 4, 0, 7]",733971a48b2827cee9a5d114b2617dd63ecf67f378d2e8c20f561db66c9e30e2,job-grouping-sat-v1,a54742cc4785a1c57020713cb318b867bf332281940c4a836f44779c7cd99577,"[""Tabela1/L23-7.txt"",7,""job-grouping-sat"",""clique"",""free-initial-magazine-v1""]",cadical300,seqcounter,1200.0,"{""cardinality"":""seqcounter"",""configuration_version"":""job-grouping-sat-v1"",""objective_version"":""free-initial-magazine-v1"",""solver"":""cadical300"",""strength"":""clique"",""time_limit"":1200.0}"
Yanasse,Tabela1/L23-8.txt,8,job-grouping-sat,clique,free-initial-magazine-v1,OPTIMAL,8,8,25,20,5,6,5,5,3,1,1,0,0.010330550,0.003878933,0.000224234,0.020967343,0.020704550,329,1240,3615,84,2127,12842,2,"[0, 1, 2, 3, 7, 4, 6, 5]",18e64a2ca6fe030d4a4c5a031561866d64c13ebf43f0637796e4ad9019c43da1,job-grouping-sat-v1,a54742cc4785a1c57020713cb318b867bf332281940c4a836f44779c7cd99577,"[""Tabela1/L23-8.txt"",8,""job-grouping-sat"",""clique"",""free-initial-magazine-v1""]",cadical300,seqcounter,1200.0,"{""cardinality"":""seqcounter"",""configuration_version"":""job-grouping-sat-v1"",""objective_version"":""free-initial-magazine-v1"",""solver"":""cadical300"",""strength"":""clique"",""time_limit"":1200.0}"
Yanasse,Tabela1/L23-9.txt,9,job-grouping-sat,clique,free-initial-magazine-v1,OPTIMAL,8,8,25,20,5,6,5,5,4,1,1,0,0.020667568,0.003815424,0.000202360,0.032425570,0.032078024,329,1240,3675,869,5002,100059,72,"[1, 2, 6, 0, 7, 3, 4, 5]",cc1a99dbe7e0f92b940ed5cf0089f61b180290e4ce2380e3d2ce80d7c14095d2,job-grouping-sat-v1,a54742cc4785a1c57020713cb318b867bf332281940c4a836f44779c7cd99577,"[""Tabela1/L23-9.txt"",9,""job-grouping-sat"",""clique"",""free-initial-magazine-v1""]",cadical300,seqcounter,1200.0,"{""cardinality"":""seqcounter"",""configuration_version"":""job-grouping-sat-v1"",""objective_version"":""free-initial-magazine-v1"",""solver"":""cadical300"",""strength"":""clique"",""time_limit"":1200.0}"
Yanasse,Tabela1/L24-1.txt,1,job-grouping-sat,clique,free-initial-magazine-v1,OPTIMAL,8,8,25,20,5,13,8,8,7,4,3,1,2.396488189,0.034547553,0.000378440,2.470317967,1.276165477,447,2104,6141,100349,189429,12982359,2889,"[6, 7, 1, 3, 5, 2, 4, 0]",1b79f2243fc70093688991577bc008a51b267c05d5470ef63befa42d8be8e617,job-grouping-sat-v1,a54742cc4785a1c57020713cb318b867bf332281940c4a836f44779c7cd99577,"[""Tabela1/L24-1.txt"",1,""job-grouping-sat"",""clique"",""free-initial-magazine-v1""]",cadical300,seqcounter,1200.0,"{""cardinality"":""seqcounter"",""configuration_version"":""job-grouping-sat-v1"",""objective_version"":""free-initial-magazine-v1"",""solver"":""cadical300"",""strength"":""clique"",""time_limit"":1200.0}"
Yanasse,Tabela1/L24-10.txt,10,job-grouping-sat,clique,free-initial-magazine-v1,OPTIMAL,8,8,25,20,5,11,8,8,6,3,2,1,1.403103185,0.020133794,0.000364681,1.448457618,0.274786363,447,2104,6061,61229,106785,7667362,1322,"[4, 7, 3, 2, 1, 5, 0, 6]",3350c9bc2497bf066a094e623a7f7083d0aedc126e498aaf257cce1c5cf7433f,job-grouping-sat-v1,a54742cc4785a1c57020713cb318b867bf332281940c4a836f44779c7cd99577,"[""Tabela1/L24-10.txt"",10,""job-grouping-sat"",""clique"",""free-initial-magazine-v1""]",cadical300,seqcounter,1200.0,"{""cardinality"":""seqcounter"",""configuration_version"":""job-grouping-sat-v1"",""objective_version"":""free-initial-magazine-v1"",""solver"":""cadical300"",""strength"":""clique"",""time_limit"":1200.0}"
Yanasse,Tabela1/L24-2.txt,2,job-grouping-sat,clique,free-initial-magazine-v1,OPTIMAL,8,8,25,20,5,10,7,7,6,3,2,1,1.212602174,0.017685857,0.000302120,1.255050617,0.089841615,388,1626,4804,52690,83234,5292661,1157,"[0, 1, 3, 5, 4, 2, 6, 7]",76375e158d80212d3f7b633f9e48e1ff41e4a6cd7133ab25ab823ddcc25d87be,job-grouping-sat-v1,a54742cc4785a1c57020713cb318b867bf332281940c4a836f44779c7cd99577,"[""Tabela1/L24-2.txt"",2,""job-grouping-sat"",""clique"",""free-initial-magazine-v1""]",cadical300,seqcounter,1200.0,"{""cardinality"":""seqcounter"",""configuration_version"":""job-grouping-sat-v1"",""objective_version"":""free-initial-magazine-v1"",""solver"":""cadical300"",""strength"":""clique"",""time_limit"":1200.0}"
Yanasse,Tabela1/L24-3.txt,3,job-grouping-sat,clique,free-initial-magazine-v1,OPTIMAL,8,8,25,20,5,13,10,10,8,3,2,1,4.630391292,0.019938988,0.000340258,4.679100221,2.223087488,447,2446,6805,179466,322019,24586302,5174,"[3, 7, 0, 2, 1, 5, 6, 4]",e69f0adf4a902dfadb2a7a05a4c7bcbd77ea49b8bf0c863959f4a1057909df38,job-grouping-sat-v1,a54742cc4785a1c57020713cb318b867bf332281940c4a836f44779c7cd99577,"[""Tabela1/L24-3.txt"",3,""job-grouping-sat"",""clique"",""free-initial-magazine-v1""]",cadical300,seqcounter,1200.0,"{""cardinality"":""seqcounter"",""configuration_version"":""job-grouping-sat-v1"",""objective_version"":""free-initial-magazine-v1"",""solver"":""cadical300"",""strength"":""clique"",""time_limit"":1200.0}"
Yanasse,Tabela1/L24-4.txt,4,job-grouping-sat,clique,free-initial-magazine-v1,OPTIMAL,8,8,25,20,5,12,6,6,7,3,2,1,0.260645676,0.016240087,0.000312689,0.303011100,0.142643165,329,1264,3795,12428,24775,1422008,129,"[3, 4, 2, 7, 6, 0, 5, 1]",7d17e5ef293918751a51e5c218305a9c9b0dd2a28e92885282c01b5a5af45f53,job-grouping-sat-v1,a54742cc4785a1c57020713cb318b867bf332281940c4a836f44779c7cd99577,"[""Tabela1/L24-4.txt"",4,""job-grouping-sat"",""clique"",""free-initial-magazine-v1""]",cadical300,seqcounter,1200.0,"{""cardinality"":""seqcounter"",""configuration_version"":""job-grouping-sat-v1"",""objective_version"":""free-initial-magazine-v1"",""solver"":""cadical300"",""strength"":""clique"",""time_limit"":1200.0}"
Yanasse,Tabela1/L24-5.txt,5,job-grouping-sat,clique,free-initial-magazine-v1,OPTIMAL,8,8,25,20,5,8,6,6,5,3,2,1,1.050202704,0.019174321,0.000273264,1.090395106,0.225643906,329,1240,3699,52197,79562,4853751,706,"[4, 5, 7, 2, 0, 1, 3, 6]",741c091ee5016d3597666ad9bc97366450badef4ad4904fc62e693e964e2537e,job-grouping-sat-v1,a54742cc4785a1c57020713cb318b867bf332281940c4a836f44779c7cd99577,"[""Tabela1/L24-5.txt"",5,""job-grouping-sat"",""clique"",""free-initial-magazine-v1""]",cadical300,seqcounter,1200.0,"{""cardinality"":""seqcounter"",""configuration_version"":""job-grouping-sat-v1"",""objective_version"":""free-initial-magazine-v1"",""solver"":""cadical300"",""strength"":""clique"",""time_limit"":1200.0}"
Yanasse,Tabela1/L24-6.txt,6,job-grouping-sat,clique,free-initial-magazine-v1,OPTIMAL,8,8,25,20,5,5,5,5,5,0,0,0,0.000000000,0.000000000,0.000196951,0.000240653,0.000196951,0,0,0,0,0,0,0,"[1, 7, 3, 0, 2, 5, 4, 6]",47708d71be5838d8291ff5e8175cdfbd190ce55470f9de18a586b6695bc07ac5,job-grouping-sat-v1,a54742cc4785a1c57020713cb318b867bf332281940c4a836f44779c7cd99577,"[""Tabela1/L24-6.txt"",6,""job-grouping-sat"",""clique"",""free-initial-magazine-v1""]",cadical300,seqcounter,1200.0,"{""cardinality"":""seqcounter"",""configuration_version"":""job-grouping-sat-v1"",""objective_version"":""free-initial-magazine-v1"",""solver"":""cadical300"",""strength"":""clique"",""time_limit"":1200.0}"
Yanasse,Tabela1/L24-7.txt,7,job-grouping-sat,clique,free-initial-magazine-v1,OPTIMAL,8,8,25,20,5,11,7,7,4,2,1,1,1.000404126,0.012231493,0.000321384,1.030034731,0.031172782,388,1682,4916,48991,83325,4980298,1314,"[0, 1, 3, 2, 5, 4, 7, 6]",9433af30b9523a35b0776937f6d7df4a19a322ead62b863d6713d59452aed3cd,job-grouping-sat-v1,a54742cc4785a1c57020713cb318b867bf332281940c4a836f44779c7cd99577,"[""Tabela1/L24-7.txt"",7,""job-grouping-sat"",""clique"",""free-initial-magazine-v1""]",cadical300,seqcounter,1200.0,"{""cardinality"":""seqcounter"",""configuration_version"":""job-grouping-sat-v1"",""objective_version"":""free-initial-magazine-v1"",""solver"":""cadical300"",""strength"":""clique"",""time_limit"":1200.0}"
Yanasse,Tabela1/L24-8.txt,8,job-grouping-sat,clique,free-initial-magazine-v1,OPTIMAL,8,8,25,20,5,8,6,6,5,3,2,1,1.392355643,0.014114780,0.000342162,1.429656876,0.691005601,329,1264,3825,71490,121441,7240163,1926,"[1, 2, 4, 7, 5, 6, 0, 3]",7f55649eca24505516f9aa785e79f769db8e480b6a21c381b318a858daf6114b,job-grouping-sat-v1,a54742cc4785a1c57020713cb318b867bf332281940c4a836f44779c7cd99577,"[""Tabela1/L24-8.txt"",8,""job-grouping-sat"",""clique"",""free-initial-magazine-v1""]",cadical300,seqcounter,1200.0,"{""cardinality"":""seqcounter"",""configuration_version"":""job-grouping-sat-v1"",""objective_version"":""free-initial-magazine-v1"",""solver"":""cadical300"",""strength"":""clique"",""time_limit"":1200.0}"
Yanasse,Tabela1/L24-9.txt,9,job-grouping-sat,clique,free-initial-magazine-v1,OPTIMAL,8,8,25,20,5,12,7,7,6,4,3,1,1.869717868,0.023005901,0.000351709,1.928824459,1.304991823,388,1668,4944,84202,148282,9862686,2216,"[3, 6, 1, 2, 5, 4, 0, 7]",4728a049ca4eaac5cc56e5b6cdbc25d21ebcf1410e0dd7dd167c6639a72dbede,job-grouping-sat-v1,a54742cc4785a1c57020713cb318b867bf332281940c4a836f44779c7cd99577,"[""Tabela1/L24-9.txt"",9,""job-grouping-sat"",""clique"",""free-initial-magazine-v1""]",cadical300,seqcounter,1200.0,"{""cardinality"":""seqcounter"",""configuration_version"":""job-grouping-sat-v1"",""objective_version"":""free-initial-magazine-v1"",""solver"":""cadical300"",""strength"":""clique"",""time_limit"":1200.0}"
Yanasse,Tabela1/L25-1.txt,1,job-grouping-sat,clique,free-initial-magazine-v1,OPTIMAL,8,8,25,20,5,8,6,6,4,2,1,1,2.147306459,0.009436331,0.000243512,2.172238797,0.088863737,329,1240,3789,100433,153957,7886264,2998,"[0, 1, 4, 6, 2, 5, 3, 7]",75bf6325112b29cfaf6a3ee9d76166900c4aa57bf86fc5b7f5042fd409acad01,job-grouping-sat-v1,a54742cc4785a1c57020713cb318b867bf332281940c4a836f44779c7cd99577,"[""Tabela1/L25-1.txt"",1,""job-grouping-sat"",""clique"",""free-initial-magazine-v1""]",cadical300,seqcounter,1200.0,"{""cardinality"":""seqcounter"",""configuration_version"":""job-grouping-sat-v1"",""objective_version"":""free-initial-magazine-v1"",""solver"":""cadical300"",""strength"":""clique"",""time_limit"":1200.0}"
Yanasse,Tabela1/L25-10.txt,10,job-grouping-sat,clique,free-initial-magazine-v1,OPTIMAL,8,8,25,20,5,11,7,7,8,4,3,1,7.706320863,0.022072958,0.000311924,7.762255537,5.243311231,388,1633,4860,302575,481585,32858909,7660,"[2, 0, 7, 3, 1, 6, 4, 5]",3f0c933e3788b799a0bb60dad5aa5ca57dd67b3606a4d9825d99417059c0f39f,job-grouping-sat-v1,a54742cc4785a1c57020713cb318b867bf332281940c4a836f44779c7cd99577,"[""Tabela1/L25-10.txt"",10,""job-grouping-sat"",""clique"",""free-initial-magazine-v1""]",cadical300,seqcounter,1200.0,"{""cardinality"":""seqcounter"",""configuration_version"":""job-grouping-sat-v1"",""objective_version"":""free-initial-magazine-v1"",""solver"":""cadical300"",""strength"":""clique"",""time_limit"":1200.0}"
Yanasse,Tabela1/L25-2.txt,2,job-grouping-sat,clique,free-initial-magazine-v1,OPTIMAL,8,8,25,20,5,8,6,6,4,2,1,1,1.050190965,0.012908727,0.000273174,1.076803729,0.053118512,329,1252,3819,55759,91590,4727657,1895,"[0, 6, 1, 2, 3, 4, 5, 7]",43220ee2e493ed427b6cfda5c82a4e79c786ddf7fed3b0077f343b2d807ad894,job-grouping-sat-v1,a54742cc4785a1c57020713cb318b867bf332281940c4a836f44779c7cd99577,"[""Tabela1/L25-2.txt"",2,""job-grouping-sat"",""clique"",""free-initial-magazine-v1""]",cadical300,seqcounter,1200.0,"{""cardinality"":""seqcounter"",""configuration_version"":""job-grouping-sat-v1"",""objective_version"":""free-initial-magazine-v1"",""solver"":""cadical300"",""strength"":""clique"",""time_limit"":1200.0}"
Yanasse,Tabela1/L25-3.txt,3,job-grouping-sat,clique,free-initial-magazine-v1,OPTIMAL,8,8,25,20,5,9,6,6,3,3,2,1,2.154151928,0.015885796,0.000312320,2.196292237,0.107889614,329,1240,3789,104066,152332,8445025,2308,"[3, 4, 5, 6, 0, 1, 2, 7]",6f78e102a91dac88ab807391b8db105c1abd212925c28ca93f2a2ad446911197,job-grouping-sat-v1,a54742cc4785a1c57020713cb318b867bf332281940c4a836f44779c7cd99577,"[""Tabela1/L25-3.txt"",3,""job-grouping-sat"",""clique"",""free-initial-magazine-v1""]",cadical300,seqcounter,1200.0,"{""cardinality"":""seqcounter"",""configuration_version"":""job-grouping-sat-v1"",""objective_version"":""free-initial-magazine-v1"",""solver"":""cadical300"",""strength"":""clique"",""time_limit"":1200.0}"
Yanasse,Tabela1/L25-4.txt,4,job-grouping-sat,clique,free-initial-magazine-v1,OPTIMAL,8,8,25,20,5,8,5,5,5,2,2,0,0.055658740,0.010053748,0.000249580,0.079169818,0.078894937,329,1240,3801,2776,5125,305973,23,"[0, 2, 3, 5, 7, 6, 4, 1]",8c4ba8e6a3fd2508781274a53085aa64893486177d41c50087ee7f316cb6eaeb,job-grouping-sat-v1,a54742cc4785a1c57020713cb318b867bf332281940c4a836f44779c7cd99577,"[""Tabela1/L25-4.txt"",4,""job-grouping-sat"",""clique"",""free-initial-magazine-v1""]",cadical300,seqcounter,1200.0,"{""cardinality"":""seqcounter"",""configuration_version"":""job-grouping-sat-v1"",""objective_version"":""free-initial-magazine-v1"",""solver"":""cadical300"",""strength"":""clique"",""time_limit"":1200.0}"
Yanasse,Tabela1/L25-5.txt,5,job-grouping-sat,clique,free-initial-magazine-v1,OPTIMAL,8,8,25,20,5,6,5,5,5,1,1,0,0.036661317,0.003920754,0.000219359,0.047801781,0.047526758,329,1240,3735,1891,5623,225123,48,"[0, 3, 2, 6, 7, 5, 1, 4]",fc72cfb06e5b07f7dbbb231e6e3323190b9d53150a014baa88e40e325f54c503,job-grouping-sat-v1,a54742cc4785a1c57020713cb318b867bf332281940c4a836f44779c7cd99577,"[""Tabela1/L25-5.txt"",5,""job-grouping-sat"",""clique"",""free-initial-magazine-v1""]",cadical300,seqcounter,1200.0,"{""cardinality"":""seqcounter"",""configuration_version"":""job-grouping-sat-v1"",""objective_version"":""free-initial-magazine-v1"",""solver"":""cadical300"",""strength"":""clique"",""time_limit"":1200.0}"
Yanasse,Tabela1/L25-6.txt,6,job-grouping-sat,clique,free-initial-magazine-v1,OPTIMAL,8,8,25,20,5,9,6,6,6,3,2,1,0.968904190,0.017469421,0.000342028,1.009806709,0.442599690,329,1252,3849,50365,84829,4925113,1443,"[0, 1, 2, 4, 6, 5, 3, 7]",df690b5e2cc0393de0561b5b6e98c5af0c59f289ea1982ea03bc17fb35475b6e,job-grouping-sat-v1,a54742cc4785a1c57020713cb318b867bf332281940c4a836f44779c7cd99577,"[""Tabela1/L25-6.txt"",6,""job-grouping-sat"",""clique"",""free-initial-magazine-v1""]",cadical300,seqcounter,1200.0,"{""cardinality"":""seqcounter"",""configuration_version"":""job-grouping-sat-v1"",""objective_version"":""free-initial-magazine-v1"",""solver"":""cadical300"",""strength"":""clique"",""time_limit"":1200.0}"
Yanasse,Tabela1/L25-7.txt,7,job-grouping-sat,clique,free-initial-magazine-v1,OPTIMAL,8,8,25,20,5,12,7,7,7,3,2,1,5.118962597,0.018406993,0.000287107,5.162223095,0.077998867,388,1612,4811,206790,303229,19007611,4427,"[0, 3, 5, 7, 6, 2, 1, 4]",a62f822df6e07d5c0c745ef29aab0a63d8c10fafe0f8a944e0991cc85cfd0927,job-grouping-sat-v1,a54742cc4785a1c57020713cb318b867bf332281940c4a836f44779c7cd99577,"[""Tabela1/L25-7.txt"",7,""job-grouping-sat"",""clique"",""free-initial-magazine-v1""]",cadical300,seqcounter,1200.0,"{""cardinality"":""seqcounter"",""configuration_version"":""job-grouping-sat-v1"",""objective_version"":""free-initial-magazine-v1"",""solver"":""cadical300"",""strength"":""clique"",""time_limit"":1200.0}"
Yanasse,Tabela1/L25-8.txt,8,job-grouping-sat,clique,free-initial-magazine-v1,OPTIMAL,8,8,25,20,5,11,6,6,3,2,1,1,1.209955678,0.010633587,0.000253793,1.236967096,0.032918565,329,1240,3795,59983,93359,5308790,1458,"[4, 6, 0, 1, 7, 2, 3, 5]",d9296d4e03e1409f0282fe4cf8af7acec0c3afb72348b7acd5bbc7b8a039f038,job-grouping-sat-v1,a54742cc4785a1c57020713cb318b867bf332281940c4a836f44779c7cd99577,"[""Tabela1/L25-8.txt"",8,""job-grouping-sat"",""clique"",""free-initial-magazine-v1""]",cadical300,seqcounter,1200.0,"{""cardinality"":""seqcounter"",""configuration_version"":""job-grouping-sat-v1"",""objective_version"":""free-initial-magazine-v1"",""solver"":""cadical300"",""strength"":""clique"",""time_limit"":1200.0}"
Yanasse,Tabela1/L25-9.txt,9,job-grouping-sat,clique,free-initial-magazine-v1,OPTIMAL,8,8,25,20,5,7,5,5,4,1,1,0,0.046281527,0.004909734,0.000231834,0.060279708,0.059945179,388,1612,4706,1947,5437,238820,17,"[1, 2, 6, 3, 5, 7, 0, 4]",8d5b344a68d42fc298b2c47fb522cf344281025035d6caf949416514cf96b87c,job-grouping-sat-v1,a54742cc4785a1c57020713cb318b867bf332281940c4a836f44779c7cd99577,"[""Tabela1/L25-9.txt"",9,""job-grouping-sat"",""clique"",""free-initial-magazine-v1""]",cadical300,seqcounter,1200.0,"{""cardinality"":""seqcounter"",""configuration_version"":""job-grouping-sat-v1"",""objective_version"":""free-initial-magazine-v1"",""solver"":""cadical300"",""strength"":""clique"",""time_limit"":1200.0}"
Yanasse,Tabela1/L26-1.txt,1,job-grouping-sat,clique,free-initial-magazine-v1,OPTIMAL,8,8,25,20,5,13,9,9,4,2,1,1,3.885725270,0.021413499,0.000306495,3.928142995,0.044552653,447,2256,6395,146125,241221,17288035,3568,"[0, 5, 4, 7, 1, 2, 3, 6]",9da34cae5aeb7df8dcec68ac76a85de6247d50ce99cc4e5db2851af7316da1cd,job-grouping-sat-v1,a54742cc4785a1c57020713cb318b867bf332281940c4a836f44779c7cd99577,"[""Tabela1/L26-1.txt"",1,""job-grouping-sat"",""clique"",""free-initial-magazine-v1""]",cadical300,seqcounter,1200.0,"{""cardinality"":""seqcounter"",""configuration_version"":""job-grouping-sat-v1"",""objective_version"":""free-initial-magazine-v1"",""solver"":""cadical300"",""strength"":""clique"",""time_limit"":1200.0}"
Yanasse,Tabela1/L26-10.txt,10,job-grouping-sat,clique,free-initial-magazine-v1,OPTIMAL,8,8,25,20,5,18,11,11,7,6,5,1,3.893615719,0.041062267,0.000492541,3.991325784,2.562247359,447,2602,7243,150084,272531,25370219,3835,"[1, 6, 2, 5, 7, 3, 0, 4]",64c06f449a77c11fdcd5d2eeb391fcb2dc92ac91d99d4f02f3d9cff1899d00aa,job-grouping-sat-v1,a54742cc4785a1c57020713cb318b867bf332281940c4a836f44779c7cd99577,"[""Tabela1/L26-10.txt"",10,""job-grouping-sat"",""clique"",""free-initial-magazine-v1""]",cadical300,seqcounter,1200.0,"{""cardinality"":""seqcounter"",""configuration_version"":""job-grouping-sat-v1"",""objective_version"":""free-initial-magazine-v1"",""solver"":""cadical300"",""strength"":""clique"",""time_limit"":1200.0}"
Yanasse,Tabela1/L26-2.txt,2,job-grouping-sat,clique,free-initial-magazine-v1,OPTIMAL,8,8,25,20,5,14,8,8,6,3,2,1,1.640126614,0.019491174,0.000298349,1.684488038,0.368555945,447,2112,6141,76047,131558,9022647,2007,"[5, 6, 3, 4, 7, 1, 2, 0]",8feccb5400fdda41b3875e3dc5ab2ed14d14e8dcd498034bee93e6af8631879c,job-grouping-sat-v1,a54742cc4785a1c57020713cb318b867bf332281940c4a836f44779c7cd99577,"[""Tabela1/L26-2.txt"",2,""job-grouping-sat"",""clique"",""free-initial-magazine-v1""]",cadical300,seqcounter,1200.0,"{""cardinality"":""seqcounter"",""configuration_version"":""job-grouping-sat-v1"",""objective_version"":""free-initial-magazine-v1"",""solver"":""cadical300"",""strength"":""clique"",""time_limit"":1200.0}"
Yanasse,Tabela1/L26-3.txt,3,job-grouping-sat,clique,free-initial-magazine-v1,OPTIMAL,8,8,25,20,5,13,7,7,7,5,4,1,1.643928200,0.036298389,0.000529530,1.722333376,1.303498236,388,1689,5070,75105,142365,9776061,2278,"[5, 2, 3, 7, 6, 0, 1, 4]",c52860ce50ca2bfed6207298afe35eae0ac37fc8d1334cc22c54919f7ea3a584,job-grouping-sat-v1,a54742cc4785a1c57020713cb318b867bf332281940c4a836f44779c7cd99577,"[""Tabela1/L26-3.txt"",3,""job-grouping-sat"",""clique"",""free-initial-magazine-v1""]",cadical300,seqcounter,1200.0,"{""cardinality"":""seqcounter"",""configuration_version"":""job-grouping-sat-v1"",""objective_version"":""free-initial-magazine-v1"",""solver"":""cadical300"",""strength"":""clique"",""time_limit"":1200.0}"
Yanasse,Tabela1/L26-4.txt,4,job-grouping-sat,clique,free-initial-magazine-v1,OPTIMAL,8,8,25,20,5,11,7,7,6,4,3,1,4.842375661,0.024386259,0.000388600,4.898941325,2.656250769,388,1640,4874,210925,348001,22114456,5542,"[1, 7, 6, 0, 2, 4, 3, 5]",5a4b57ba8dd8415d7ca06ea168ef2fc743bd38c176d40ca3d532e1939ce2b898,job-grouping-sat-v1,a54742cc4785a1c57020713cb318b867bf332281940c4a836f44779c7cd99577,"[""Tabela1/L26-4.txt"",4,""job-grouping-sat"",""clique"",""free-initial-magazine-v1""]",cadical300,seqcounter,1200.0,"{""cardinality"":""seqcounter"",""configuration_version"":""job-grouping-sat-v1"",""objective_version"":""free-initial-magazine-v1"",""solver"":""cadical300"",""strength"":""clique"",""time_limit"":1200.0}"
Yanasse,Tabela1/L26-5.txt,5,job-grouping-sat,clique,free-initial-magazine-v1,OPTIMAL,8,8,25,20,5,12,7,7,6,4,3,1,0.669577206,0.025318447,0.000357775,0.730298695,0.340635533,388,1689,5098,33649,71722,4031517,966,"[2, 6, 1, 4, 3, 5, 7, 0]",69a3ea1311bec4a4bfa3f7d833c5c23ef1e8c002825fa3521218db697413d6ea,job-grouping-sat-v1,a54742cc4785a1c57020713cb318b867bf332281940c4a836f44779c7cd99577,"[""Tabela1/L26-5.txt"",5,""job-grouping-sat"",""clique"",""free-initial-magazine-v1""]",cadical300,seqcounter,1200.0,"{""cardinality"":""seqcounter"",""configuration_version"":""job-grouping-sat-v1"",""objective_version"":""free-initial-magazine-v1"",""solver"":""cadical300"",""strength"":""clique"",""time_limit"":1200.0}"
Yanasse,Tabela1/L26-6.txt,6,job-grouping-sat,clique,free-initial-magazine-v1,OPTIMAL,8,8,25,20,5,19,11,11,8,6,5,1,2.042140351,0.050535686,0.000502308,2.154610886,1.192356618,447,2618,7363,70907,121974,14634249,917,"[3, 2, 7, 4, 0, 6, 1, 5]",266127654b33db27ffa9b972ed8c81a4d33e3ace2b9e5c34bb09090400147dd3,job-grouping-sat-v1,a54742cc4785a1c57020713cb318b867bf332281940c4a836f44779c7cd99577,"[""Tabela1/L26-6.txt"",6,""job-grouping-sat"",""clique"",""free-initial-magazine-v1""]",cadical300,seqcounter,1200.0,"{""cardinality"":""seqcounter"",""configuration_version"":""job-grouping-sat-v1"",""objective_version"":""free-initial-magazine-v1"",""solver"":""cadical300"",""strength"":""clique"",""time_limit"":1200.0}"
Yanasse,Tabela1/L26-7.txt,7,job-grouping-sat,clique,free-initial-magazine-v1,OPTIMAL,8,8,25,20,5,15,9,9,8,4,3,1,2.892954047,0.028019930,0.000367057,2.958762203,0.438344190,447,2272,6507,113330,189482,13801515,2368,"[3, 4, 5, 0, 6, 2, 7, 1]",e0492839801437e48f87dd326ac43baf48f5102511f674474e77bd8a85a1d2eb,job-grouping-sat-v1,a54742cc4785a1c57020713cb318b867bf332281940c4a836f44779c7cd99577,"[""Tabela1/L26-7.txt"",7,""job-grouping-sat"",""clique"",""free-initial-magazine-v1""]",cadical300,seqcounter,1200.0,"{""cardinality"":""seqcounter"",""configuration_version"":""job-grouping-sat-v1"",""objective_version"":""free-initial-magazine-v1"",""solver"":""cadical300"",""strength"":""clique"",""time_limit"":1200.0}"
Yanasse,Tabela1/L26-8.txt,8,job-grouping-sat,clique,free-initial-magazine-v1,OPTIMAL,8,8,25,20,5,11,9,9,7,3,2,1,3.365344696,0.029092632,0.000400049,3.422362684,0.225609024,447,2280,6507,127660,207472,15100966,2755,"[2, 7, 1, 3, 0, 5, 4, 6]",867e35e3a5aa4fca0bb7b9af396724482c6a9b9b811b81d0eecf2a758be33a0a,job-grouping-sat-v1,a54742cc4785a1c57020713cb318b867bf332281940c4a836f44779c7cd99577,"[""Tabela1/L26-8.txt"",8,""job-grouping-sat"",""clique"",""free-initial-magazine-v1""]",cadical300,seqcounter,1200.0,"{""cardinality"":""seqcounter"",""configuration_version"":""job-grouping-sat-v1"",""objective_version"":""free-initial-magazine-v1"",""solver"":""cadical300"",""strength"":""clique"",""time_limit"":1200.0}"
Yanasse,Tabela1/L26-9.txt,9,job-grouping-sat,clique,free-initial-magazine-v1,OPTIMAL,8,8,25,20,5,19,10,10,6,4,3,1,2.992068927,0.028409488,0.000370936,3.056738275,0.391007367,447,2446,6901,107113,186332,14486637,2727,"[3, 6, 4, 7, 0, 1, 2, 5]",a618d1c2a6fd8456420d0727cb15d3a2ad8f95d5a5c53d40438839a7a5d01a22,job-grouping-sat-v1,a54742cc4785a1c57020713cb318b867bf332281940c4a836f44779c7cd99577,"[""Tabela1/L26-9.txt"",9,""job-grouping-sat"",""clique"",""free-initial-magazine-v1""]",cadical300,seqcounter,1200.0,"{""cardinality"":""seqcounter"",""configuration_version"":""job-grouping-sat-v1"",""objective_version"":""free-initial-magazine-v1"",""solver"":""cadical300"",""strength"":""clique"",""time_limit"":1200.0}"
Yanasse,Tabela1/L27-1.txt,1,job-grouping-sat,clique,free-initial-magazine-v1,OPTIMAL,8,8,25,20,5,23,15,15,8,7,6,1,3.341070311,0.067022284,0.000562675,3.491912218,1.227207195,447,3166,8475,93793,193568,19472923,2864,"[4, 0, 7, 6, 1, 3, 5, 2]",fecb78d2bfa6b746acf9a55535b4554131453e72b73f3bf9920c9074ff0ec348,job-grouping-sat-v1,a54742cc4785a1c57020713cb318b867bf332281940c4a836f44779c7cd99577,"[""Tabela1/L27-1.txt"",1,""job-grouping-sat"",""clique"",""free-initial-magazine-v1""]",cadical300,seqcounter,1200.0,"{""cardinality"":""seqcounter"",""configuration_version"":""job-grouping-sat-v1"",""objective_version"":""free-initial-magazine-v1"",""solver"":""cadical300"",""strength"":""clique"",""time_limit"":1200.0}"
Yanasse,Tabela1/L27-10.txt,10,job-grouping-sat,clique,free-initial-magazine-v1,OPTIMAL,8,8,25,20,5,16,13,13,8,4,3,1,2.812470467,0.030409147,0.000386638,2.884399633,1.566293710,447,2868,7899,94219,179011,17853222,3307,"[0, 6, 1, 4, 2, 7, 5, 3]",0ef2869aef51583555483ef91e4f0af5eb9239a2c50fa50527a3142ed44b6cbd,job-grouping-sat-v1,a54742cc4785a1c57020713cb318b867bf332281940c4a836f44779c7cd99577,"[""Tabela1/L27-10.txt"",10,""job-grouping-sat"",""clique"",""free-initial-magazine-v1""]",cadical300,seqcounter,1200.0,"{""cardinality"":""seqcounter"",""configuration_version"":""job-grouping-sat-v1"",""objective_version"":""free-initial-magazine-v1"",""solver"":""cadical300"",""strength"":""clique"",""time_limit"":1200.0}"
Yanasse,Tabela1/L27-2.txt,2,job-grouping-sat,clique,free-initial-magazine-v1,OPTIMAL,8,8,25,20,5,19,15,15,8,3,2,1,2.521204700,0.024119068,0.000352894,2.575330180,0.529695475,447,3230,8635,77245,147363,18745123,2682,"[2, 3, 5, 6, 1, 7, 0, 4]",39373ce3527b863ac4565e695c9a7541d8d966942b7b1c3ee2ec28171a7bc0ce,job-grouping-sat-v1,a54742cc4785a1c57020713cb318b867bf332281940c4a836f44779c7cd99577,"[""Tabela1/L27-2.txt"",2,""job-grouping-sat"",""clique"",""free-initial-magazine-v1""]",cadical300,seqcounter,1200.0,"{""cardinality"":""seqcounter"",""configuration_version"":""job-grouping-sat-v1"",""objective_version"":""free-initial-magazine-v1"",""solver"":""cadical300"",""strength"":""clique"",""time_limit"":1200.0}"
Yanasse,Tabela1/L27-3.txt,3,job-grouping-sat,clique,free-initial-magazine-v1,OPTIMAL,8,8,25,20,5,18,12,12,8,5,4,1,1.699072526,0.043316469,0.000433203,1.793666197,0.729102267,447,2716,7549,69236,143772,10442750,2144,"[0, 7, 4, 5, 2, 1, 3, 6]",639019951e4d3479b438ddb6b939e4e3e83a4610671893b6c84b374dbe813f4c,job-grouping-sat-v1,a54742cc4785a1c57020713cb318b867bf332281940c4a836f44779c7cd99577,"[""Tabela1/L27-3.txt"",3,""job-grouping-sat"",""clique"",""free-initial-magazine-v1""]",cadical300,seqcounter,1200.0,"{""cardinality"":""seqcounter"",""configuration_version"":""job-grouping-sat-v1"",""objective_version"":""free-initial-magazine-v1"",""solver"":""cadical300"",""strength"":""clique"",""time_limit"":1200.0}"
Yanasse,Tabela1/L27-4.txt,4,job-grouping-sat,clique,free-initial-magazine-v1,OPTIMAL,8,8,25,20,5,19,11,11,7,6,5,1,2.070197118,0.050871295,0.000507723,2.184789848,0.740622990,447,2586,7283,75698,149678,12872060,1948,"[5, 0, 1, 6, 4, 3, 2, 7]",71c2f4c2eaceb8cd310f579058d475656b3db874489f65f7bd44b9f957af15c6,job-grouping-sat-v1,a54742cc4785a1c57020713cb318b867bf332281940c4a836f44779c7cd99577,"[""Tabela1/L27-4.txt"",4,""job-grouping-sat"",""clique"",""free-initial-magazine-v1""]",cadical300,seqcounter,1200.0,"{""cardinality"":""seqcounter"",""configuration_version"":""job-grouping-sat-v1"",""objective_version"":""free-initial-magazine-v1"",""solver"":""cadical300"",""strength"":""clique"",""time_limit"":1200.0}"
Yanasse,Tabela1/L27-5.txt,5,job-grouping-sat,clique,free-initial-magazine-v1,OPTIMAL,8,8,25,20,5,16,10,10,7,5,4,1,2.181445023,0.040312745,0.000450298,2.272363655,0.994325317,447,2478,7101,84280,150529,13715340,2082,"[7, 1, 6, 3, 5, 2, 0, 4]",d82b112c74b5800b7b3b038097c5dab01485d2e27d662c3c484eccb19f6d737d,job-grouping-sat-v1,a54742cc4785a1c57020713cb318b867bf332281940c4a836f44779c7cd99577,"[""Tabela1/L27-5.txt"",5,""job-grouping-sat"",""clique"",""free-initial-magazine-v1""]",cadical300,seqcounter,1200.0,"{""cardinality"":""seqcounter"",""configuration_version"":""job-grouping-sat-v1"",""objective_version"":""free-initial-magazine-v1"",""solver"":""cadical300"",""strength"":""clique"",""time_limit"":1200.0}"
Yanasse,Tabela1/L27-6.txt,6,job-grouping-sat,clique,free-initial-magazine-v1,OPTIMAL,8,8,25,20,5,17,12,12,8,4,3,1,1.511403920,0.030229305,0.000404828,1.580016271,0.235125080,447,2756,7677,55244,108494,9656837,1698,"[3, 7, 2, 6, 5, 4, 0, 1]",4467a6b987903a9161c8e0b8805a7848263af6468cc78b1e012aed760fed8c15,job-grouping-sat-v1,a54742cc4785a1c57020713cb318b867bf332281940c4a836f44779c7cd99577,"[""Tabela1/L27-6.txt"",6,""job-grouping-sat"",""clique"",""free-initial-magazine-v1""]",cadical300,seqcounter,1200.0,"{""cardinality"":""seqcounter"",""configuration_version"":""job-grouping-sat-v1"",""objective_version"":""free-initial-magazine-v1"",""solver"":""cadical300"",""strength"":""clique"",""time_limit"":1200.0}"
Yanasse,Tabela1/L27-7.txt,7,job-grouping-sat,clique,free-initial-magazine-v1,OPTIMAL,8,8,25,20,5,19,12,12,8,6,5,1,3.771612339,0.051219511,0.000591432,3.886315366,2.575387307,447,2756,7661,141976,272832,23714570,4460,"[1, 3, 5, 2, 4, 7, 6, 0]",1f6955c1c3dfa218b693b84218c29020d00c50a31847fe5b690492e0c3681fe1,job-grouping-sat-v1,a54742cc4785a1c57020713cb318b867bf332281940c4a836f44779c7cd99577,"[""Tabela1/L27-7.txt"",7,""job-grouping-sat"",""clique"",""free-initial-magazine-v1""]",cadical300,seqcounter,1200.0,"{""cardinality"":""seqcounter"",""configuration_version"":""job-grouping-sat-v1"",""objective_version"":""free-initial-magazine-v1"",""solver"":""cadical300"",""strength"":""clique"",""time_limit"":1200.0}"
Yanasse,Tabela1/L27-8.txt,8,job-grouping-sat,clique,free-initial-magazine-v1,OPTIMAL,8,8,25,20,5,20,13,13,8,7,6,1,4.273845746,0.063625872,0.000602022,4.418903098,2.603132391,447,2868,7851,135289,263305,26785048,4137,"[5, 4, 0, 3, 6, 2, 7, 1]",cad85ccd75a3eccf5cdf5624e5c474930041c7555b66503b440e6d7bcc751562,job-grouping-sat-v1,a54742cc4785a1c57020713cb318b867bf332281940c4a836f44779c7cd99577,"[""Tabela1/L27-8.txt"",8,""job-grouping-sat"",""clique"",""free-initial-magazine-v1""]",cadical300,seqcounter,1200.0,"{""cardinality"":""seqcounter"",""configuration_version"":""job-grouping-sat-v1"",""objective_version"":""free-initial-magazine-v1"",""solver"":""cadical300"",""strength"":""clique"",""time_limit"":1200.0}"
Yanasse,Tabela1/L27-9.txt,9,job-grouping-sat,clique,free-initial-magazine-v1,OPTIMAL,8,8,25,20,5,15,11,11,8,5,4,1,3.224106834,0.036783923,0.000451396,3.310581357,0.983942149,447,2594,7275,121217,215757,17553745,2655,"[0, 7, 6, 3, 4, 5, 2, 1]",0ce00e9a92a0f33f4c3398001602f5c98ed0b9274cdd4699ef770ae0a5e5f6f1,job-grouping-sat-v1,a54742cc4785a1c57020713cb318b867bf332281940c4a836f44779c7cd99577,"[""Tabela1/L27-9.txt"",9,""job-grouping-sat"",""clique"",""free-initial-magazine-v1""]",cadical300,seqcounter,1200.0,"{""cardinality"":""seqcounter"",""configuration_version"":""job-grouping-sat-v1"",""objective_version"":""free-initial-magazine-v1"",""solver"":""cadical300"",""strength"":""clique"",""time_limit"":1200.0}"
Yanasse,Tabela1/L28-1.txt,1,job-grouping-sat,clique,free-initial-magazine-v1,OPTIMAL,8,8,25,5,20,21,20,20,8,1,1,0,0.133845646,0.009813584,0.000204681,0.155957459,0.155383919,447,4052,9611,4627,11395,997150,70,"[5, 1, 7, 3, 0, 6, 4, 2]",7c2126fc7e4b6f59b64cac6245195cffe9a81af66ec021375305ba1580e68acd,job-grouping-sat-v1,a54742cc4785a1c57020713cb318b867bf332281940c4a836f44779c7cd99577,"[""Tabela1/L28-1.txt"",1,""job-grouping-sat"",""clique"",""free-initial-magazine-v1""]",cadical300,seqcounter,1200.0,"{""cardinality"":""seqcounter"",""configuration_version"":""job-grouping-sat-v1"",""objective_version"":""free-initial-magazine-v1"",""solver"":""cadical300"",""strength"":""clique"",""time_limit"":1200.0}"
Yanasse,Tabela1/L28-10.txt,10,job-grouping-sat,clique,free-initial-magazine-v1,OPTIMAL,8,8,25,5,20,23,20,20,8,3,3,0,0.313856751,0.032453989,0.000300812,0.381429025,0.380869960,447,4076,9683,9979,30486,2707017,130,"[4, 6, 2, 5, 1, 7, 0, 3]",8f765e0483f8617c5d54eae6bc164268aa3b57a20c8e7c6a46f4ef5c73100841,job-grouping-sat-v1,a54742cc4785a1c57020713cb318b867bf332281940c4a836f44779c7cd99577,"[""Tabela1/L28-10.txt"",10,""job-grouping-sat"",""clique"",""free-initial-magazine-v1""]",cadical300,seqcounter,1200.0,"{""cardinality"":""seqcounter"",""configuration_version"":""job-grouping-sat-v1"",""objective_version"":""free-initial-magazine-v1"",""solver"":""cadical300"",""strength"":""clique"",""time_limit"":1200.0}"
Yanasse,Tabela1/L28-2.txt,2,job-grouping-sat,clique,free-initial-magazine-v1,OPTIMAL,8,8,25,5,20,20,20,20,8,0,0,0,0.000000000,0.000000000,0.000152085,0.000182668,0.000152085,0,0,0,0,0,0,0,"[1, 2, 3, 5, 0, 4, 6, 7]",b5587d6e21010420f0f1437bc895ccb78b0d8e35c48bb513a044f7eacdad822f,job-grouping-sat-v1,a54742cc4785a1c57020713cb318b867bf332281940c4a836f44779c7cd99577,"[""Tabela1/L28-2.txt"",2,""job-grouping-sat"",""clique"",""free-initial-magazine-v1""]",cadical300,seqcounter,1200.0,"{""cardinality"":""seqcounter"",""configuration_version"":""job-grouping-sat-v1"",""objective_version"":""free-initial-magazine-v1"",""solver"":""cadical300"",""strength"":""clique"",""time_limit"":1200.0}"
Yanasse,Tabela1/L28-3.txt,3,job-grouping-sat,clique,free-initial-magazine-v1,OPTIMAL,8,8,25,5,20,20,20,20,8,0,0,0,0.000000000,0.000000000,0.000122484,0.000151525,0.000122484,0,0,0,0,0,0,0,"[1, 4, 3, 7, 2, 5, 0, 6]",3ca7b89a5e2647c72056ddc7a49de4bbb676508b15a0bf77723163bfc10cf22e,job-grouping-sat-v1,a54742cc4785a1c57020713cb318b867bf332281940c4a836f44779c7cd99577,"[""Tabela1/L28-3.txt"",3,""job-grouping-sat"",""clique"",""free-initial-magazine-v1""]",cadical300,seqcounter,1200.0,"{""cardinality"":""seqcounter"",""configuration_version"":""job-grouping-sat-v1"",""objective_version"":""free-initial-magazine-v1"",""solver"":""cadical300"",""strength"":""clique"",""time_limit"":1200.0}"
Yanasse,Tabela1/L28-4.txt,4,job-grouping-sat,clique,free-initial-magazine-v1,OPTIMAL,8,8,25,5,20,24,22,22,8,2,1,1,3.837253668,0.016898639,0.000211320,3.876371505,0.040024349,447,4186,9901,86873,146473,34147538,2675,"[3, 7, 0, 4, 6, 2, 5, 1]",03a0d45d85aee334a704dba02198b955617dc30fd3fad41cece85631105574d1,job-grouping-sat-v1,a54742cc4785a1c57020713cb318b867bf332281940c4a836f44779c7cd99577,"[""Tabela1/L28-4.txt"",4,""job-grouping-sat"",""clique"",""free-initial-magazine-v1""]",cadical300,seqcounter,1200.0,"{""cardinality"":""seqcounter"",""configuration_version"":""job-grouping-sat-v1"",""objective_version"":""free-initial-magazine-v1"",""solver"":""cadical300"",""strength"":""clique"",""time_limit"":1200.0}"
Yanasse,Tabela1/L28-5.txt,5,job-grouping-sat,clique,free-initial-magazine-v1,OPTIMAL,8,8,25,5,20,24,20,20,8,3,3,0,0.039934682,0.028077409,0.000295361,0.105570710,0.104996322,447,4044,9587,355,11301,104976,2,"[7, 1, 3, 2, 0, 6, 4, 5]",cdf1f0093e1f0c4834b3e5acecbd7d50ef6ee6304abc6294415e03c2e33a98be,job-grouping-sat-v1,a54742cc4785a1c57020713cb318b867bf332281940c4a836f44779c7cd99577,"[""Tabela1/L28-5.txt"",5,""job-grouping-sat"",""clique"",""free-initial-magazine-v1""]",cadical300,seqcounter,1200.0,"{""cardinality"":""seqcounter"",""configuration_version"":""job-grouping-sat-v1"",""objective_version"":""free-initial-magazine-v1"",""solver"":""cadical300"",""strength"":""clique"",""time_limit"":1200.0}"
Yanasse,Tabela1/L28-6.txt,6,job-grouping-sat,clique,free-initial-magazine-v1,OPTIMAL,8,8,25,5,20,23,20,20,7,2,2,0,0.585568775,0.018432790,0.000262045,0.629860231,0.629302142,447,4052,9619,19817,42008,4817064,501,"[1, 5, 7, 0, 6, 4, 3, 2]",2e3cd811c6eabf53f9b4cebafb8b98de9e70626d05b5bbcf7182366f710cd202,job-grouping-sat-v1,a54742cc4785a1c57020713cb318b867bf332281940c4a836f44779c7cd99577,"[""Tabela1/L28-6.txt"",6,""job-grouping-sat"",""clique"",""free-initial-magazine-v1""]",cadical300,seqcounter,1200.0,"{""cardinality"":""seqcounter"",""configuration_version"":""job-grouping-sat-v1"",""objective_version"":""free-initial-magazine-v1"",""solver"":""cadical300"",""strength"":""clique"",""time_limit"":1200.0}"
Yanasse,Tabela1/L28-7.txt,7,job-grouping-sat,clique,free-initial-magazine-v1,OPTIMAL,8,8,25,5,19,25,19,19,8,3,3,0,0.389465424,0.036034954,0.000324174,0.463195766,0.462705024,432,3735,8935,13964,34718,3393350,424,"[2, 7, 3, 1, 0, 6, 5, 4]",22d372104483ab5f9a8cb08a19a64af188727575a430490ecc4d510709677cb7,job-grouping-sat-v1,a54742cc4785a1c57020713cb318b867bf332281940c4a836f44779c7cd99577,"[""Tabela1/L28-7.txt"",7,""job-grouping-sat"",""clique"",""free-initial-magazine-v1""]",cadical300,seqcounter,1200.0,"{""cardinality"":""seqcounter"",""configuration_version"":""job-grouping-sat-v1"",""objective_version"":""free-initial-magazine-v1"",""solver"":""cadical300"",""strength"":""clique"",""time_limit"":1200.0}"
Yanasse,Tabela1/L28-8.txt,8,job-grouping-sat,clique,free-initial-magazine-v1,OPTIMAL,8,8,25,5,20,26,20,20,8,2,2,0,0.054064083,0.024045633,0.000326247,0.107977430,0.107454494,447,4052,9627,1361,7279,391237,5,"[0, 1, 2, 4, 3, 5, 6, 7]",0c3471cbe1cb844e65f77c4423f2e4e390f8956e336de08ea5329345bfe05aca,job-grouping-sat-v1,a54742cc4785a1c57020713cb318b867bf332281940c4a836f44779c7cd99577,"[""Tabela1/L28-8.txt"",8,""job-grouping-sat"",""clique"",""free-initial-magazine-v1""]",cadical300,seqcounter,1200.0,"{""cardinality"":""seqcounter"",""configuration_version"":""job-grouping-sat-v1"",""objective_version"":""free-initial-magazine-v1"",""solver"":""cadical300"",""strength"":""clique"",""time_limit"":1200.0}"
Yanasse,Tabela1/L28-9.txt,9,job-grouping-sat,clique,free-initial-magazine-v1,OPTIMAL,8,8,25,5,20,23,20,20,8,3,3,0,0.528383639,0.031345866,0.000375653,0.602308400,0.601750242,447,4052,9627,14955,35714,4135521,114,"[6, 5, 2, 7, 0, 1, 4, 3]",d58efe8d8389835ca873be777132081c9ea9b9f9d0ce9aadec5e777699953e7e,job-grouping-sat-v1,a54742cc4785a1c57020713cb318b867bf332281940c4a836f44779c7cd99577,"[""Tabela1/L28-9.txt"",9,""job-grouping-sat"",""clique"",""free-initial-magazine-v1""]",cadical300,seqcounter,1200.0,"{""cardinality"":""seqcounter"",""configuration_version"":""job-grouping-sat-v1"",""objective_version"":""free-initial-magazine-v1"",""solver"":""cadical300"",""strength"":""clique"",""time_limit"":1200.0}"
Yanasse,Tabela1/L29-1.txt,1,job-grouping-sat,clique,free-initial-magazine-v1,OPTIMAL,8,8,25,10,15,15,15,15,7,0,0,0,0.000000000,0.000000000,0.000197555,0.000241897,0.000197555,0,0,0,0,0,0,0,"[7, 5, 2, 6, 3, 4, 0, 1]",90e97de615bb1ce75db34788a8540163aa5f6ea931c257ac1a8f4d3e8f7d5b00,job-grouping-sat-v1,a54742cc4785a1c57020713cb318b867bf332281940c4a836f44779c7cd99577,"[""Tabela1/L29-1.txt"",1,""job-grouping-sat"",""clique"",""free-initial-magazine-v1""]",cadical300,seqcounter,1200.0,"{""cardinality"":""seqcounter"",""configuration_version"":""job-grouping-sat-v1"",""objective_version"":""free-initial-magazine-v1"",""solver"":""cadical300"",""strength"":""clique"",""time_limit"":1200.0}"
Yanasse,Tabela1/L29-10.txt,10,job-grouping-sat,clique,free-initial-magazine-v1,OPTIMAL,8,8,25,10,15,15,15,15,7,0,0,0,0.000000000,0.000000000,0.000190907,0.000241306,0.000190907,0,0,0,0,0,0,0,"[2, 5, 1, 4, 0, 6, 7, 3]",2f9c9f757cc38af9e20640f2852eb1d7e2b2a781b83ccdec24a47964514d3b3c,job-grouping-sat-v1,a54742cc4785a1c57020713cb318b867bf332281940c4a836f44779c7cd99577,"[""Tabela1/L29-10.txt"",10,""job-grouping-sat"",""clique"",""free-initial-magazine-v1""]",cadical300,seqcounter,1200.0,"{""cardinality"":""seqcounter"",""configuration_version"":""job-grouping-sat-v1"",""objective_version"":""free-initial-magazine-v1"",""solver"":""cadical300"",""strength"":""clique"",""time_limit"":1200.0}"
Yanasse,Tabela1/L29-2.txt,2,job-grouping-sat,clique,free-initial-magazine-v1,OPTIMAL,8,8,25,10,15,15,15,15,7,0,0,0,0.000000000,0.000000000,0.000158621,0.000200279,0.000158621,0,0,0,0,0,0,0,"[1, 2, 3, 5, 0, 4, 6, 7]",9c70a2c2ff1ff8f3de3e1e09e45ae3513cb0f12c03bad41e40301f27d6f8110a,job-grouping-sat-v1,a54742cc4785a1c57020713cb318b867bf332281940c4a836f44779c7cd99577,"[""Tabela1/L29-2.txt"",2,""job-grouping-sat"",""clique"",""free-initial-magazine-v1""]",cadical300,seqcounter,1200.0,"{""cardinality"":""seqcounter"",""configuration_version"":""job-grouping-sat-v1"",""objective_version"":""free-initial-magazine-v1"",""solver"":""cadical300"",""strength"":""clique"",""time_limit"":1200.0}"
Yanasse,Tabela1/L29-3.txt,3,job-grouping-sat,clique,free-initial-magazine-v1,OPTIMAL,8,8,25,10,15,15,15,15,7,0,0,0,0.000000000,0.000000000,0.000261370,0.000308441,0.000261370,0,0,0,0,0,0,0,"[1, 4, 3, 7, 2, 5, 0, 6]",1f73114f5b88b51f7f2327d505dfb5f59df4b551dd0d9aa04a87a386849ce488,job-grouping-sat-v1,a54742cc4785a1c57020713cb318b867bf332281940c4a836f44779c7cd99577,"[""Tabela1/L29-3.txt"",3,""job-grouping-sat"",""clique"",""free-initial-magazine-v1""]",cadical300,seqcounter,1200.0,"{""cardinality"":""seqcounter"",""configuration_version"":""job-grouping-sat-v1"",""objective_version"":""free-initial-magazine-v1"",""solver"":""cadical300"",""strength"":""clique"",""time_limit"":1200.0}"
Yanasse,Tabela1/L29-4.txt,4,job-grouping-sat,clique,free-initial-magazine-v1,OPTIMAL,8,8,25,10,15,15,15,15,7,0,0,0,0.000000000,0.000000000,0.000180418,0.000228704,0.000180418,0,0,0,0,0,0,0,"[1, 3, 4, 5, 7, 0, 2, 6]",e5c05f237ec9e482af501e719dbade85c1d78eb62ed0d79533a2f66008f3be7d,job-grouping-sat-v1,a54742cc4785a1c57020713cb318b867bf332281940c4a836f44779c7cd99577,"[""Tabela1/L29-4.txt"",4,""job-grouping-sat"",""clique"",""free-initial-magazine-v1""]",cadical300,seqcounter,1200.0,"{""cardinality"":""seqcounter"",""configuration_version"":""job-grouping-sat-v1"",""objective_version"":""free-initial-magazine-v1"",""solver"":""cadical300"",""strength"":""clique"",""time_limit"":1200.0}"
Yanasse,Tabela1/L29-5.txt,5,job-grouping-sat,clique,free-initial-magazine-v1,OPTIMAL,8,8,25,10,15,15,15,15,7,0,0,0,0.000000000,0.000000000,0.000196990,0.000244888,0.000196990,0,0,0,0,0,0,0,"[2, 4, 7, 0, 3, 5, 1, 6]",f173d826e48284f28ef92d968aa5ff9980580053015741a49a5d2cfd5ba8c3e1,job-grouping-sat-v1,a54742cc4785a1c57020713cb318b867bf332281940c4a836f44779c7cd99577,"[""Tabela1/L29-5.txt"",5,""job-grouping-sat"",""clique"",""free-initial-magazine-v1""]",cadical300,seqcounter,1200.0,"{""cardinality"":""seqcounter"",""configuration_version"":""job-grouping-sat-v1"",""objective_version"":""free-initial-magazine-v1"",""solver"":""cadical300"",""strength"":""clique"",""time_limit"":1200.0}"
Yanasse,Tabela1/L29-6.txt,6,job-grouping-sat,clique,free-initial-magazine-v1,OPTIMAL,8,8,25,10,15,15,15,15,6,0,0,0,0.000000000,0.000000000,0.000164745,0.000208051,0.000164745,0,0,0,0,0,0,0,"[7, 1, 5, 4, 6, 0, 3, 2]",8685cbaaab4f2ebb8199e4db4e92a9991100c1c6d88be9a06a672a0f232846fb,job-grouping-sat-v1,a54742cc4785a1c57020713cb318b867bf332281940c4a836f44779c7cd99577,"[""Tabela1/L29-6.txt"",6,""job-grouping-sat"",""clique"",""free-initial-magazine-v1""]",cadical300,seqcounter,1200.0,"{""cardinality"":""seqcounter"",""configuration_version"":""job-grouping-sat-v1"",""objective_version"":""free-initial-magazine-v1"",""solver"":""cadical300"",""strength"":""clique"",""time_limit"":1200.0}"
Yanasse,Tabela1/L29-7.txt,7,job-grouping-sat,clique,free-initial-magazine-v1,OPTIMAL,8,8,25,10,15,15,15,15,6,0,0,0,0.000000000,0.000000000,0.000162608,0.000206233,0.000162608,0,0,0,0,0,0,0,"[0, 5, 7, 1, 3, 6, 2, 4]",c4cb56db8f26c6ecc64a87df677a57b25c0230943064d9b2d2a8229aeb468d3d,job-grouping-sat-v1,a54742cc4785a1c57020713cb318b867bf332281940c4a836f44779c7cd99577,"[""Tabela1/L29-7.txt"",7,""job-grouping-sat"",""clique"",""free-initial-magazine-v1""]",cadical300,seqcounter,1200.0,"{""cardinality"":""seqcounter"",""configuration_version"":""job-grouping-sat-v1"",""objective_version"":""free-initial-magazine-v1"",""solver"":""cadical300"",""strength"":""clique"",""time_limit"":1200.0}"
Yanasse,Tabela1/L29-8.txt,8,job-grouping-sat,clique,free-initial-magazine-v1,OPTIMAL,8,8,25,10,15,15,15,15,7,0,0,0,0.000000000,0.000000000,0.000166736,0.000210988,0.000166736,0,0,0,0,0,0,0,"[5, 1, 4, 7, 2, 3, 0, 6]",af6dc8c4e4b4d13d3a3adda79aea83447cd7da4f1440e20fd71a3b9f2f9b9c59,job-grouping-sat-v1,a54742cc4785a1c57020713cb318b867bf332281940c4a836f44779c7cd99577,"[""Tabela1/L29-8.txt"",8,""job-grouping-sat"",""clique"",""free-initial-magazine-v1""]",cadical300,seqcounter,1200.0,"{""cardinality"":""seqcounter"",""configuration_version"":""job-grouping-sat-v1"",""objective_version"":""free-initial-magazine-v1"",""solver"":""cadical300"",""strength"":""clique"",""time_limit"":1200.0}"
Yanasse,Tabela1/L29-9.txt,9,job-grouping-sat,clique,free-initial-magazine-v1,OPTIMAL,8,8,25,10,15,15,15,15,7,0,0,0,0.000000000,0.000000000,0.000167575,0.000211811,0.000167575,0,0,0,0,0,0,0,"[3, 0, 4, 6, 7, 1, 2, 5]",d06b596d306507bd4096a40d4356d666c6c16b3b4572322f3d8ecf2a7a6c8e23,job-grouping-sat-v1,a54742cc4785a1c57020713cb318b867bf332281940c4a836f44779c7cd99577,"[""Tabela1/L29-9.txt"",9,""job-grouping-sat"",""clique"",""free-initial-magazine-v1""]",cadical300,seqcounter,1200.0,"{""cardinality"":""seqcounter"",""configuration_version"":""job-grouping-sat-v1"",""objective_version"":""free-initial-magazine-v1"",""solver"":""cadical300"",""strength"":""clique"",""time_limit"":1200.0}"
Yanasse,Tabela1/L3-1.txt,1,job-grouping-sat,clique,free-initial-magazine-v1,OPTIMAL,8,8,15,10,5,14,7,7,6,5,4,1,0.317839169,0.030983964,0.000428332,0.386157527,0.191738284,258,965,2969,17681,34980,1498778,390,"[0, 2, 1, 5, 7, 6, 3, 4]",f30b784387399401feb10a486bd2165e0857c79fe8877b3854bbc22a73c00bec,job-grouping-sat-v1,a54742cc4785a1c57020713cb318b867bf332281940c4a836f44779c7cd99577,"[""Tabela1/L3-1.txt"",1,""job-grouping-sat"",""clique"",""free-initial-magazine-v1""]",cadical300,seqcounter,1200.0,"{""cardinality"":""seqcounter"",""configuration_version"":""job-grouping-sat-v1"",""objective_version"":""free-initial-magazine-v1"",""solver"":""cadical300"",""strength"":""clique"",""time_limit"":1200.0}"
Yanasse,Tabela1/L3-10.txt,10,job-grouping-sat,clique,free-initial-magazine-v1,OPTIMAL,8,8,15,10,5,12,8,8,7,3,2,1,0.357195263,0.013897807,0.000281498,0.390713291,0.034531581,297,1230,3601,19617,31012,1787218,362,"[7, 5, 1, 2, 6, 3, 4, 0]",ba42eba473ec9f60bf073b6a339fe704b88755644d76ee5d64c02f951ba43c2c,job-grouping-sat-v1,a54742cc4785a1c57020713cb318b867bf332281940c4a836f44779c7cd99577,"[""Tabela1/L3-10.txt"",10,""job-grouping-sat"",""clique"",""free-initial-magazine-v1""]",cadical300,seqcounter,1200.0,"{""cardinality"":""seqcounter"",""configuration_version"":""job-grouping-sat-v1"",""objective_version"":""free-initial-magazine-v1"",""solver"":""cadical300"",""strength"":""clique"",""time_limit"":1200.0}"
Yanasse,Tabela1/L3-2.txt,2,job-grouping-sat,clique,free-initial-magazine-v1,OPTIMAL,8,8,15,10,5,10,6,6,5,5,4,1,0.226786881,0.022016811,0.000325715,0.285461463,0.127782763,219,714,2225,13759,26141,1012480,120,"[0, 5, 7, 1, 3, 4, 2, 6]",25b763b1fbf50f9ad69b0e0ecbbddcc7d1bd7aea0b0808a0f7ccae64d4e3f1b0,job-grouping-sat-v1,a54742cc4785a1c57020713cb318b867bf332281940c4a836f44779c7cd99577,"[""Tabela1/L3-2.txt"",2,""job-grouping-sat"",""clique"",""free-initial-magazine-v1""]",cadical300,seqcounter,1200.0,"{""cardinality"":""seqcounter"",""configuration_version"":""job-grouping-sat-v1"",""objective_version"":""free-initial-magazine-v1"",""solver"":""cadical300"",""strength"":""clique"",""time_limit"":1200.0}"
Yanasse,Tabela1/L3-3.txt,3,job-grouping-sat,clique,free-initial-magazine-v1,OPTIMAL,8,8,15,10,5,7,6,6,6,2,1,1,0.110596412,0.008129051,0.000253825,0.130872462,0.049239087,219,762,2345,6560,11786,609032,206,"[2, 6, 7, 5, 3, 0, 1, 4]",28fdfecc1e68eb86d762ac332c290bbdaf198a024870b769da29c0d6dd884b93,job-grouping-sat-v1,a54742cc4785a1c57020713cb318b867bf332281940c4a836f44779c7cd99577,"[""Tabela1/L3-3.txt"",3,""job-grouping-sat"",""clique"",""free-initial-magazine-v1""]",cadical300,seqcounter,1200.0,"{""cardinality"":""seqcounter"",""configuration_version"":""job-grouping-sat-v1"",""objective_version"":""free-initial-magazine-v1"",""solver"":""cadical300"",""strength"":""clique"",""time_limit"":1200.0}"
Yanasse,Tabela1/L3-4.txt,4,job-grouping-sat,clique,free-initial-magazine-v1,OPTIMAL,8,8,15,10,5,11,6,6,6,3,2,1,0.197820538,0.012412648,0.000271827,0.230257338,0.107529573,219,732,2303,11543,19479,926210,167,"[0, 2, 1, 4, 7, 5, 3, 6]",1a581e5c020b341ee851584e4d8c4875c13e205b9de95d5694d74df9208b5052,job-grouping-sat-v1,a54742cc4785a1c57020713cb318b867bf332281940c4a836f44779c7cd99577,"[""Tabela1/L3-4.txt"",4,""job-grouping-sat"",""clique"",""free-initial-magazine-v1""]",cadical300,seqcounter,1200.0,"{""cardinality"":""seqcounter"",""configuration_version"":""job-grouping-sat-v1"",""objective_version"":""free-initial-magazine-v1"",""solver"":""cadical300"",""strength"":""clique"",""time_limit"":1200.0}"
Yanasse,Tabela1/L3-5.txt,5,job-grouping-sat,clique,free-initial-magazine-v1,OPTIMAL,8,8,15,10,5,5,5,5,6,0,0,0,0.000000000,0.000000000,0.000154867,0.000190216,0.000154867,0,0,0,0,0,0,0,"[3, 4, 6, 7, 1, 5, 2, 0]",b9db3686d8299069f5ee769ba767f7ed1005ea70d510130c5a9e76306b878cf7,job-grouping-sat-v1,a54742cc4785a1c57020713cb318b867bf332281940c4a836f44779c7cd99577,"[""Tabela1/L3-5.txt"",5,""job-grouping-sat"",""clique"",""free-initial-magazine-v1""]",cadical300,seqcounter,1200.0,"{""cardinality"":""seqcounter"",""configuration_version"":""job-grouping-sat-v1"",""objective_version"":""free-initial-magazine-v1"",""solver"":""cadical300"",""strength"":""clique"",""time_limit"":1200.0}"
Yanasse,Tabela1/L3-6.txt,6,job-grouping-sat,clique,free-initial-magazine-v1,OPTIMAL,8,8,15,10,5,13,9,9,7,3,2,1,0.682681686,0.015436669,0.000354214,0.721067005,0.255762978,297,1360,4003,34681,55618,3823113,861,"[1, 4, 5, 3, 6, 0, 2, 7]",acb8c38382c27ea0435e15e083810565bf6460dd95d29080272e6d1ceb2f3ab5,job-grouping-sat-v1,a54742cc4785a1c57020713cb318b867bf332281940c4a836f44779c7cd99577,"[""Tabela1/L3-6.txt"",6,""job-grouping-sat"",""clique"",""free-initial-magazine-v1""]",cadical300,seqcounter,1200.0,"{""cardinality"":""seqcounter"",""configuration_version"":""job-grouping-sat-v1"",""objective_version"":""free-initial-magazine-v1"",""solver"":""cadical300"",""strength"":""clique"",""time_limit"":1200.0}"
Yanasse,Tabela1/L3-7.txt,7,job-grouping-sat,clique,free-initial-magazine-v1,OPTIMAL,8,8,15,10,5,12,9,9,7,4,3,1,0.734932089,0.019737152,0.000313297,0.785312722,0.103109603,297,1312,3811,37161,59260,3633962,595,"[0, 1, 6, 5, 4, 3, 7, 2]",696bb5b86505de97853de50d1319b8f3098ff958a24451f5a977e09bd768d211,job-grouping-sat-v1,a54742cc4785a1c57020713cb318b867bf332281940c4a836f44779c7cd99577,"[""Tabela1/L3-7.txt"",7,""job-grouping-sat"",""clique"",""free-initial-magazine-v1""]",cadical300,seqcounter,1200.0,"{""cardinality"":""seqcounter"",""configuration_version"":""job-grouping-sat-v1"",""objective_version"":""free-initial-magazine-v1"",""solver"":""cadical300"",""strength"":""clique"",""time_limit"":1200.0}"
Yanasse,Tabela1/L3-8.txt,8,job-grouping-sat,clique,free-initial-magazine-v1,OPTIMAL,8,8,15,10,5,10,6,6,4,3,2,1,0.233863289,0.022952647,0.000598744,0.287935205,0.057228905,219,738,2303,13839,23593,938009,309,"[1, 4, 3, 6, 5, 0, 2, 7]",4f0e36164d04fe8d7ca71d021fbf07bb771d77bb87bad395acd83ea446824648,job-grouping-sat-v1,a54742cc4785a1c57020713cb318b867bf332281940c4a836f44779c7cd99577,"[""Tabela1/L3-8.txt"",8,""job-grouping-sat"",""clique"",""free-initial-magazine-v1""]",cadical300,seqcounter,1200.0,"{""cardinality"":""seqcounter"",""configuration_version"":""job-grouping-sat-v1"",""objective_version"":""free-initial-magazine-v1"",""solver"":""cadical300"",""strength"":""clique"",""time_limit"":1200.0}"
Yanasse,Tabela1/L3-9.txt,9,job-grouping-sat,clique,free-initial-magazine-v1,OPTIMAL,8,8,15,10,5,7,5,5,4,1,1,0,0.014120605,0.003804052,0.000186972,0.024193326,0.023979004,258,916,2759,670,2932,56723,39,"[3, 5, 7, 1, 4, 6, 0, 2]",ded3175e609ede1a1dc001733109b0003dce6bfcb5a84ca0f93bdd194293618f,job-grouping-sat-v1,a54742cc4785a1c57020713cb318b867bf332281940c4a836f44779c7cd99577,"[""Tabela1/L3-9.txt"",9,""job-grouping-sat"",""clique"",""free-initial-magazine-v1""]",cadical300,seqcounter,1200.0,"{""cardinality"":""seqcounter"",""configuration_version"":""job-grouping-sat-v1"",""objective_version"":""free-initial-magazine-v1"",""solver"":""cadical300"",""strength"":""clique"",""time_limit"":1200.0}"
Yanasse,Tabela1/L30-1.txt,1,job-grouping-sat,clique,free-initial-magazine-v1,OPTIMAL,8,8,25,15,10,10,10,10,5,0,0,0,0.000000000,0.000000000,0.000173140,0.000213183,0.000173140,0,0,0,0,0,0,0,"[7, 5, 2, 6, 3, 4, 0, 1]",e7ec9feb9377ffff11149ff0187e43bc198708d14c01b2a4367866ea263e80ea,job-grouping-sat-v1,a54742cc4785a1c57020713cb318b867bf332281940c4a836f44779c7cd99577,"[""Tabela1/L30-1.txt"",1,""job-grouping-sat"",""clique"",""free-initial-magazine-v1""]",cadical300,seqcounter,1200.0,"{""cardinality"":""seqcounter"",""configuration_version"":""job-grouping-sat-v1"",""objective_version"":""free-initial-magazine-v1"",""solver"":""cadical300"",""strength"":""clique"",""time_limit"":1200.0}"
Yanasse,Tabela1/L30-10.txt,10,job-grouping-sat,clique,free-initial-magazine-v1,OPTIMAL,8,8,25,15,10,10,10,10,6,0,0,0,0.000000000,0.000000000,0.000158578,0.000200800,0.000158578,0,0,0,0,0,0,0,"[2, 5, 1, 4, 0, 6, 7, 3]",f3eaebb9638d958a4643d2f3a75e90320d12dae6573e966ed7813e6c54ff8991,job-grouping-sat-v1,a54742cc4785a1c57020713cb318b867bf332281940c4a836f44779c7cd99577,"[""Tabela1/L30-10.txt"",10,""job-grouping-sat"",""clique"",""free-initial-magazine-v1""]",cadical300,seqcounter,1200.0,"{""cardinality"":""seqcounter"",""configuration_version"":""job-grouping-sat-v1"",""objective_version"":""free-initial-magazine-v1"",""solver"":""cadical300"",""strength"":""clique"",""time_limit"":1200.0}"
Yanasse,Tabela1/L30-2.txt,2,job-grouping-sat,clique,free-initial-magazine-v1,OPTIMAL,8,8,25,15,10,10,10,10,6,0,0,0,0.000000000,0.000000000,0.000147426,0.000185497,0.000147426,0,0,0,0,0,0,0,"[1, 2, 3, 5, 0, 4, 6, 7]",33f2193872e03fc8ae3126e78aad48bd49465d810856711b54f46b2a07e7e4d5,job-grouping-sat-v1,a54742cc4785a1c57020713cb318b867bf332281940c4a836f44779c7cd99577,"[""Tabela1/L30-2.txt"",2,""job-grouping-sat"",""clique"",""free-initial-magazine-v1""]",cadical300,seqcounter,1200.0,"{""cardinality"":""seqcounter"",""configuration_version"":""job-grouping-sat-v1"",""objective_version"":""free-initial-magazine-v1"",""solver"":""cadical300"",""strength"":""clique"",""time_limit"":1200.0}"
Yanasse,Tabela1/L30-3.txt,3,job-grouping-sat,clique,free-initial-magazine-v1,OPTIMAL,8,8,25,15,10,10,10,10,5,0,0,0,0.000000000,0.000000000,0.000150944,0.000189489,0.000150944,0,0,0,0,0,0,0,"[1, 4, 3, 7, 2, 5, 0, 6]",8f7f510f65f795ab16afd4fc54e885244b440f82fba7746082a10900d8f22b94,job-grouping-sat-v1,a54742cc4785a1c57020713cb318b867bf332281940c4a836f44779c7cd99577,"[""Tabela1/L30-3.txt"",3,""job-grouping-sat"",""clique"",""free-initial-magazine-v1""]",cadical300,seqcounter,1200.0,"{""cardinality"":""seqcounter"",""configuration_version"":""job-grouping-sat-v1"",""objective_version"":""free-initial-magazine-v1"",""solver"":""cadical300"",""strength"":""clique"",""time_limit"":1200.0}"
Yanasse,Tabela1/L30-4.txt,4,job-grouping-sat,clique,free-initial-magazine-v1,OPTIMAL,8,8,25,15,10,10,10,10,6,0,0,0,0.000000000,0.000000000,0.000153856,0.000194627,0.000153856,0,0,0,0,0,0,0,"[1, 3, 4, 5, 7, 0, 2, 6]",00050ea84b7989aa1a3f770c7d0ea037b738eb5b76871600d2f84a8f6c10d881,job-grouping-sat-v1,a54742cc4785a1c57020713cb318b867bf332281940c4a836f44779c7cd99577,"[""Tabela1/L30-4.txt"",4,""job-grouping-sat"",""clique"",""free-initial-magazine-v1""]",cadical300,seqcounter,1200.0,"{""cardinality"":""seqcounter"",""configuration_version"":""job-grouping-sat-v1"",""objective_version"":""free-initial-magazine-v1"",""solver"":""cadical300"",""strength"":""clique"",""time_limit"":1200.0}"
Yanasse,Tabela1/L30-5.txt,5,job-grouping-sat,clique,free-initial-magazine-v1,OPTIMAL,8,8,25,15,10,10,10,10,5,0,0,0,0.000000000,0.000000000,0.000146728,0.000185410,0.000146728,0,0,0,0,0,0,0,"[2, 4, 7, 0, 3, 5, 1, 6]",c7b027a25b83c92d7934a944abe5b78e091b247e46cda036b27873663eb7beb6,job-grouping-sat-v1,a54742cc4785a1c57020713cb318b867bf332281940c4a836f44779c7cd99577,"[""Tabela1/L30-5.txt"",5,""job-grouping-sat"",""clique"",""free-initial-magazine-v1""]",cadical300,seqcounter,1200.0,"{""cardinality"":""seqcounter"",""configuration_version"":""job-grouping-sat-v1"",""objective_version"":""free-initial-magazine-v1"",""solver"":""cadical300"",""strength"":""clique"",""time_limit"":1200.0}"
Yanasse,Tabela1/L30-6.txt,6,job-grouping-sat,clique,free-initial-magazine-v1,OPTIMAL,8,8,25,15,10,10,10,10,4,0,0,0,0.000000000,0.000000000,0.000150567,0.000190668,0.000150567,0,0,0,0,0,0,0,"[7, 1, 5, 4, 6, 0, 3, 2]",d1828b12752b1493bbc27036cea02e9b55ec8216e4cba6f7252109ba55837564,job-grouping-sat-v1,a54742cc4785a1c57020713cb318b867bf332281940c4a836f44779c7cd99577,"[""Tabela1/L30-6.txt"",6,""job-grouping-sat"",""clique"",""free-initial-magazine-v1""]",cadical300,seqcounter,1200.0,"{""cardinality"":""seqcounter"",""configuration_version"":""job-grouping-sat-v1"",""objective_version"":""free-initial-magazine-v1"",""solver"":""cadical300"",""strength"":""clique"",""time_limit"":1200.0}"
Yanasse,Tabela1/L30-7.txt,7,job-grouping-sat,clique,free-initial-magazine-v1,OPTIMAL,8,8,25,15,10,10,10,10,6,0,0,0,0.000000000,0.000000000,0.000151193,0.000192180,0.000151193,0,0,0,0,0,0,0,"[1, 3, 5, 6, 7, 0, 2, 4]",3d50da6fc2336560963da7981f74386c1dc3dfc9b5d7237bd59d5febb0500d84,job-grouping-sat-v1,a54742cc4785a1c57020713cb318b867bf332281940c4a836f44779c7cd99577,"[""Tabela1/L30-7.txt"",7,""job-grouping-sat"",""clique"",""free-initial-magazine-v1""]",cadical300,seqcounter,1200.0,"{""cardinality"":""seqcounter"",""configuration_version"":""job-grouping-sat-v1"",""objective_version"":""free-initial-magazine-v1"",""solver"":""cadical300"",""strength"":""clique"",""time_limit"":1200.0}"
Yanasse,Tabela1/L30-8.txt,8,job-grouping-sat,clique,free-initial-magazine-v1,OPTIMAL,8,8,25,15,10,10,10,10,6,0,0,0,0.000000000,0.000000000,0.000168058,0.000214642,0.000168058,0,0,0,0,0,0,0,"[5, 1, 4, 7, 2, 3, 0, 6]",843cc61227e6f13ddda71c67868605a6da5b0897e86ab7b868400d43f52b072b,job-grouping-sat-v1,a54742cc4785a1c57020713cb318b867bf332281940c4a836f44779c7cd99577,"[""Tabela1/L30-8.txt"",8,""job-grouping-sat"",""clique"",""free-initial-magazine-v1""]",cadical300,seqcounter,1200.0,"{""cardinality"":""seqcounter"",""configuration_version"":""job-grouping-sat-v1"",""objective_version"":""free-initial-magazine-v1"",""solver"":""cadical300"",""strength"":""clique"",""time_limit"":1200.0}"
Yanasse,Tabela1/L30-9.txt,9,job-grouping-sat,clique,free-initial-magazine-v1,OPTIMAL,8,8,25,15,10,10,10,10,6,0,0,0,0.000000000,0.000000000,0.000156201,0.000199012,0.000156201,0,0,0,0,0,0,0,"[3, 0, 4, 6, 7, 1, 2, 5]",b554af0ac6f245f480bbb88b7ffca05075d60aecabaee1e66ab3b268c3b545ce,job-grouping-sat-v1,a54742cc4785a1c57020713cb318b867bf332281940c4a836f44779c7cd99577,"[""Tabela1/L30-9.txt"",9,""job-grouping-sat"",""clique"",""free-initial-magazine-v1""]",cadical300,seqcounter,1200.0,"{""cardinality"":""seqcounter"",""configuration_version"":""job-grouping-sat-v1"",""objective_version"":""free-initial-magazine-v1"",""solver"":""cadical300"",""strength"":""clique"",""time_limit"":1200.0}"
Yanasse,Tabela1/L31-1.txt,1,job-grouping-sat,clique,free-initial-magazine-v1,OPTIMAL,8,8,25,20,5,5,5,5,3,0,0,0,0.000000000,0.000000000,0.000151294,0.000195595,0.000151294,0,0,0,0,0,0,0,"[7, 5, 2, 6, 3, 4, 0, 1]",aaefa13f176402cbcc807d81a3561ec5690626cabfbfa875445bf52e886fb3d4,job-grouping-sat-v1,a54742cc4785a1c57020713cb318b867bf332281940c4a836f44779c7cd99577,"[""Tabela1/L31-1.txt"",1,""job-grouping-sat"",""clique"",""free-initial-magazine-v1""]",cadical300,seqcounter,1200.0,"{""cardinality"":""seqcounter"",""configuration_version"":""job-grouping-sat-v1"",""objective_version"":""free-initial-magazine-v1"",""solver"":""cadical300"",""strength"":""clique"",""time_limit"":1200.0}"
Yanasse,Tabela1/L31-10.txt,10,job-grouping-sat,clique,free-initial-magazine-v1,OPTIMAL,8,8,25,20,5,5,5,5,4,0,0,0,0.000000000,0.000000000,0.000146208,0.000190875,0.000146208,0,0,0,0,0,0,0,"[2, 5, 1, 4, 0, 6, 7, 3]",123dd7399934ad383a500d535046fb7ebbab3476c0028aae52f017dec8fcf47a,job-grouping-sat-v1,a54742cc4785a1c57020713cb318b867bf332281940c4a836f44779c7cd99577,"[""Tabela1/L31-10.txt"",10,""job-grouping-sat"",""clique"",""free-initial-magazine-v1""]",cadical300,seqcounter,1200.0,"{""cardinality"":""seqcounter"",""configuration_version"":""job-grouping-sat-v1"",""objective_version"":""free-initial-magazine-v1"",""solver"":""cadical300"",""strength"":""clique"",""time_limit"":1200.0}"
Yanasse,Tabela1/L31-2.txt,2,job-grouping-sat,clique,free-initial-magazine-v1,OPTIMAL,8,8,25,20,5,5,5,5,4,0,0,0,0.000000000,0.000000000,0.000136492,0.000177507,0.000136492,0,0,0,0,0,0,0,"[1, 2, 3, 5, 0, 4, 6, 7]",a5ebf1a15963de1fcbe5e3e167cf7484be09a33dafa8fdca02678d70eee8221e,job-grouping-sat-v1,a54742cc4785a1c57020713cb318b867bf332281940c4a836f44779c7cd99577,"[""Tabela1/L31-2.txt"",2,""job-grouping-sat"",""clique"",""free-initial-magazine-v1""]",cadical300,seqcounter,1200.0,"{""cardinality"":""seqcounter"",""configuration_version"":""job-grouping-sat-v1"",""objective_version"":""free-initial-magazine-v1"",""solver"":""cadical300"",""strength"":""clique"",""time_limit"":1200.0}"
Yanasse,Tabela1/L31-3.txt,3,job-grouping-sat,clique,free-initial-magazine-v1,OPTIMAL,8,8,25,20,5,5,5,5,4,0,0,0,0.000000000,0.000000000,0.000148914,0.000193940,0.000148914,0,0,0,0,0,0,0,"[1, 4, 3, 7, 2, 5, 0, 6]",2063dbd3fda163b4519439c83c00ac35f7c62209476c7121d57bd167213ebf7e,job-grouping-sat-v1,a54742cc4785a1c57020713cb318b867bf332281940c4a836f44779c7cd99577,"[""Tabela1/L31-3.txt"",3,""job-grouping-sat"",""clique"",""free-initial-magazine-v1""]",cadical300,seqcounter,1200.0,"{""cardinality"":""seqcounter"",""configuration_version"":""job-grouping-sat-v1"",""objective_version"":""free-initial-magazine-v1"",""solver"":""cadical300"",""strength"":""clique"",""time_limit"":1200.0}"
Yanasse,Tabela1/L31-4.txt,4,job-grouping-sat,clique,free-initial-magazine-v1,OPTIMAL,8,8,25,20,5,5,5,5,3,0,0,0,0.000000000,0.000000000,0.000148319,0.000192935,0.000148319,0,0,0,0,0,0,0,"[1, 3, 4, 5, 7, 0, 2, 6]",1ce64781f008e63a48f413ae45b38cbdac25540008597b9c33ad50a8371a2930,job-grouping-sat-v1,a54742cc4785a1c57020713cb318b867bf332281940c4a836f44779c7cd99577,"[""Tabela1/L31-4.txt"",4,""job-grouping-sat"",""clique"",""free-initial-magazine-v1""]",cadical300,seqcounter,1200.0,"{""cardinality"":""seqcounter"",""configuration_version"":""job-grouping-sat-v1"",""objective_version"":""free-initial-magazine-v1"",""solver"":""cadical300"",""strength"":""clique"",""time_limit"":1200.0}"
Yanasse,Tabela1/L31-5.txt,5,job-grouping-sat,clique,free-initial-magazine-v1,OPTIMAL,8,8,25,20,5,5,5,5,4,0,0,0,0.000000000,0.000000000,0.000148059,0.000191456,0.000148059,0,0,0,0,0,0,0,"[2, 4, 7, 0, 3, 5, 1, 6]",f383972bcfccd70906f8c28ccaa52a72cd16052636d1eb24b0e2a9367da8b45b,job-grouping-sat-v1,a54742cc4785a1c57020713cb318b867bf332281940c4a836f44779c7cd99577,"[""Tabela1/L31-5.txt"",5,""job-grouping-sat"",""clique"",""free-initial-magazine-v1""]",cadical300,seqcounter,1200.0,"{""cardinality"":""seqcounter"",""configuration_version"":""job-grouping-sat-v1"",""objective_version"":""free-initial-magazine-v1"",""solver"":""cadical300"",""strength"":""clique"",""time_limit"":1200.0}"
Yanasse,Tabela1/L31-6.txt,6,job-grouping-sat,clique,free-initial-magazine-v1,OPTIMAL,8,8,25,20,5,5,5,5,3,0,0,0,0.000000000,0.000000000,0.000147507,0.000193000,0.000147507,0,0,0,0,0,0,0,"[7, 1, 5, 4, 6, 0, 3, 2]",b17bdc502ca0325ff22fdc47032a62062907d0eba3b1b3f7618a2faa95b2219b,job-grouping-sat-v1,a54742cc4785a1c57020713cb318b867bf332281940c4a836f44779c7cd99577,"[""Tabela1/L31-6.txt"",6,""job-grouping-sat"",""clique"",""free-initial-magazine-v1""]",cadical300,seqcounter,1200.0,"{""cardinality"":""seqcounter"",""configuration_version"":""job-grouping-sat-v1"",""objective_version"":""free-initial-magazine-v1"",""solver"":""cadical300"",""strength"":""clique"",""time_limit"":1200.0}"
Yanasse,Tabela1/L31-7.txt,7,job-grouping-sat,clique,free-initial-magazine-v1,OPTIMAL,8,8,25,20,5,5,5,5,4,0,0,0,0.000000000,0.000000000,0.000144533,0.000189085,0.000144533,0,0,0,0,0,0,0,"[3, 2, 4, 5, 6, 7, 0, 1]",4b9dce39b53cf042877d2ea55705aba4aa54417f130e43e61ecae69cd87cd101,job-grouping-sat-v1,a54742cc4785a1c57020713cb318b867bf332281940c4a836f44779c7cd99577,"[""Tabela1/L31-7.txt"",7,""job-grouping-sat"",""clique"",""free-initial-magazine-v1""]",cadical300,seqcounter,1200.0,"{""cardinality"":""seqcounter"",""configuration_version"":""job-grouping-sat-v1"",""objective_version"":""free-initial-magazine-v1"",""solver"":""cadical300"",""strength"":""clique"",""time_limit"":1200.0}"
Yanasse,Tabela1/L31-8.txt,8,job-grouping-sat,clique,free-initial-magazine-v1,OPTIMAL,8,8,25,20,5,5,5,5,3,0,0,0,0.000000000,0.000000000,0.000146231,0.000190175,0.000146231,0,0,0,0,0,0,0,"[5, 1, 4, 7, 2, 3, 0, 6]",a4906b081b78aea82eb3e6d3aa04c4e72a21d98830055fbe68a4c023026895a2,job-grouping-sat-v1,a54742cc4785a1c57020713cb318b867bf332281940c4a836f44779c7cd99577,"[""Tabela1/L31-8.txt"",8,""job-grouping-sat"",""clique"",""free-initial-magazine-v1""]",cadical300,seqcounter,1200.0,"{""cardinality"":""seqcounter"",""configuration_version"":""job-grouping-sat-v1"",""objective_version"":""free-initial-magazine-v1"",""solver"":""cadical300"",""strength"":""clique"",""time_limit"":1200.0}"
Yanasse,Tabela1/L31-9.txt,9,job-grouping-sat,clique,free-initial-magazine-v1,OPTIMAL,8,8,25,20,5,5,5,5,4,0,0,0,0.000000000,0.000000000,0.000140224,0.000183323,0.000140224,0,0,0,0,0,0,0,"[3, 0, 4, 6, 7, 1, 2, 5]",a0172e7fbc30526ba0acfd4774f9bfd6629340a9d5806e08b503283f523bc3d2,job-grouping-sat-v1,a54742cc4785a1c57020713cb318b867bf332281940c4a836f44779c7cd99577,"[""Tabela1/L31-9.txt"",9,""job-grouping-sat"",""clique"",""free-initial-magazine-v1""]",cadical300,seqcounter,1200.0,"{""cardinality"":""seqcounter"",""configuration_version"":""job-grouping-sat-v1"",""objective_version"":""free-initial-magazine-v1"",""solver"":""cadical300"",""strength"":""clique"",""time_limit"":1200.0}"
Yanasse,Tabela1/L32-1.txt,1,job-grouping-sat,clique,free-initial-magazine-v1,OPTIMAL,8,8,20,5,15,16,15,15,7,1,1,0,0.212628697,0.006557427,0.000152339,0.228348795,0.227962801,372,2627,6511,10131,21364,1591669,249,"[3, 2, 5, 1, 0, 7, 6, 4]",e05c5ec7f830eab69f1e2294c0f2c3f769529b3bdea0b30008be0036edd19f7a,job-grouping-sat-v1,a54742cc4785a1c57020713cb318b867bf332281940c4a836f44779c7cd99577,"[""Tabela1/L32-1.txt"",1,""job-grouping-sat"",""clique"",""free-initial-magazine-v1""]",cadical300,seqcounter,1200.0,"{""cardinality"":""seqcounter"",""configuration_version"":""job-grouping-sat-v1"",""objective_version"":""free-initial-magazine-v1"",""solver"":""cadical300"",""strength"":""clique"",""time_limit"":1200.0}"
Yanasse,Tabela1/L32-10.txt,10,job-grouping-sat,clique,free-initial-magazine-v1,OPTIMAL,8,8,20,5,15,20,16,16,6,4,3,1,4.732552745,0.027647277,0.000351266,4.796744218,0.285008766,372,2627,6527,149031,252681,34141939,4715,"[1, 0, 3, 6, 7, 5, 2, 4]",6cb51f8977dfaa20653109585c20e98b7c2d130a26ea2f97a50383518b22d8ea,job-grouping-sat-v1,a54742cc4785a1c57020713cb318b867bf332281940c4a836f44779c7cd99577,"[""Tabela1/L32-10.txt"",10,""job-grouping-sat"",""clique"",""free-initial-magazine-v1""]",cadical300,seqcounter,1200.0,"{""cardinality"":""seqcounter"",""configuration_version"":""job-grouping-sat-v1"",""objective_version"":""free-initial-magazine-v1"",""solver"":""cadical300"",""strength"":""clique"",""time_limit"":1200.0}"
Yanasse,Tabela1/L32-2.txt,2,job-grouping-sat,clique,free-initial-magazine-v1,OPTIMAL,8,8,20,5,15,22,17,17,8,5,4,1,3.518632520,0.035158307,0.000351135,3.598267815,0.244234740,372,2728,6751,105359,176592,27756659,2852,"[6, 1, 4, 7, 5, 0, 3, 2]",aef18250a2433d08dd5c4960510a82aad90b456f26ee6567000e833dd2a9ea6c,job-grouping-sat-v1,a54742cc4785a1c57020713cb318b867bf332281940c4a836f44779c7cd99577,"[""Tabela1/L32-2.txt"",2,""job-grouping-sat"",""clique"",""free-initial-magazine-v1""]",cadical300,seqcounter,1200.0,"{""cardinality"":""seqcounter"",""configuration_version"":""job-grouping-sat-v1"",""objective_version"":""free-initial-magazine-v1"",""solver"":""cadical300"",""strength"":""clique"",""time_limit"":1200.0}"
Yanasse,Tabela1/L32-3.txt,3,job-grouping-sat,clique,free-initial-magazine-v1,OPTIMAL,8,8,20,5,15,21,19,19,8,3,2,1,2.408028368,0.026477861,0.000288555,2.466665149,0.188323248,372,2908,7099,70841,112519,19644946,2109,"[7, 3, 0, 5, 1, 2, 6, 4]",e384f252085fc8cc2ce4f48485284a129903d09d35cfda1f1bd99580a3fe562a,job-grouping-sat-v1,a54742cc4785a1c57020713cb318b867bf332281940c4a836f44779c7cd99577,"[""Tabela1/L32-3.txt"",3,""job-grouping-sat"",""clique"",""free-initial-magazine-v1""]",cadical300,seqcounter,1200.0,"{""cardinality"":""seqcounter"",""configuration_version"":""job-grouping-sat-v1"",""objective_version"":""free-initial-magazine-v1"",""solver"":""cadical300"",""strength"":""clique"",""time_limit"":1200.0}"
Yanasse,Tabela1/L32-4.txt,4,job-grouping-sat,clique,free-initial-magazine-v1,OPTIMAL,8,8,20,5,15,17,15,15,8,2,2,0,2.931974000,0.014267145,0.000257224,2.965798302,2.965469302,372,2619,6519,103850,188214,20827977,3922,"[3, 2, 7, 5, 0, 4, 6, 1]",c714bb427a176dc6412540403d8c93c0664701210eb665825b437dc4ab361e30,job-grouping-sat-v1,a54742cc4785a1c57020713cb318b867bf332281940c4a836f44779c7cd99577,"[""Tabela1/L32-4.txt"",4,""job-grouping-sat"",""clique"",""free-initial-magazine-v1""]",cadical300,seqcounter,1200.0,"{""cardinality"":""seqcounter"",""configuration_version"":""job-grouping-sat-v1"",""objective_version"":""free-initial-magazine-v1"",""solver"":""cadical300"",""strength"":""clique"",""time_limit"":1200.0}"
Yanasse,Tabela1/L32-5.txt,5,job-grouping-sat,clique,free-initial-magazine-v1,OPTIMAL,8,8,20,5,15,19,16,16,7,4,3,1,2.956455047,0.026893192,0.000303229,3.019855958,0.381268792,372,2651,6615,96474,161827,22849729,2976,"[1, 5, 3, 7, 4, 0, 6, 2]",3a9ffda639ccf4f3756f0b90a59b8fcbccee9bd0473bc94580d7ddcdbaed1562,job-grouping-sat-v1,a54742cc4785a1c57020713cb318b867bf332281940c4a836f44779c7cd99577,"[""Tabela1/L32-5.txt"",5,""job-grouping-sat"",""clique"",""free-initial-magazine-v1""]",cadical300,seqcounter,1200.0,"{""cardinality"":""seqcounter"",""configuration_version"":""job-grouping-sat-v1"",""objective_version"":""free-initial-magazine-v1"",""solver"":""cadical300"",""strength"":""clique"",""time_limit"":1200.0}"
Yanasse,Tabela1/L32-6.txt,6,job-grouping-sat,clique,free-initial-magazine-v1,OPTIMAL,8,8,20,5,15,21,17,17,8,5,4,1,1.868509114,0.039043159,0.000332699,1.954593490,0.550641274,372,2696,6679,66949,118287,15175725,1924,"[4, 1, 3, 0, 5, 2, 6, 7]",790357897b9784b5918bcccd73e13fe7098044618e1eaea4e756879fb23f2cf0,job-grouping-sat-v1,a54742cc4785a1c57020713cb318b867bf332281940c4a836f44779c7cd99577,"[""Tabela1/L32-6.txt"",6,""job-grouping-sat"",""clique"",""free-initial-magazine-v1""]",cadical300,seqcounter,1200.0,"{""cardinality"":""seqcounter"",""configuration_version"":""job-grouping-sat-v1"",""objective_version"":""free-initial-magazine-v1"",""solver"":""cadical300"",""strength"":""clique"",""time_limit"":1200.0}"
Yanasse,Tabela1/L32-7.txt,7,job-grouping-sat,clique,free-initial-magazine-v1,OPTIMAL,8,8,20,5,15,23,19,19,8,4,3,1,2.075803053,0.031124793,0.000313315,2.144602279,0.297793301,372,2948,7219,56736,97069,18725134,1913,"[2, 5, 3, 4, 6, 1, 7, 0]",bf2b194c9de5af0b83c59a4f68ab36df0a1ff84a1d4c15ea5be42f815687760b,job-grouping-sat-v1,a54742cc4785a1c57020713cb318b867bf332281940c4a836f44779c7cd99577,"[""Tabela1/L32-7.txt"",7,""job-grouping-sat"",""clique"",""free-initial-magazine-v1""]",cadical300,seqcounter,1200.0,"{""cardinality"":""seqcounter"",""configuration_version"":""job-grouping-sat-v1"",""objective_version"":""free-initial-magazine-v1"",""solver"":""cadical300"",""strength"":""clique"",""time_limit"":1200.0}"
Yanasse,Tabela1/L32-8.txt,8,job-grouping-sat,clique,free-initial-magazine-v1,OPTIMAL,8,8,20,5,15,24,18,18,8,5,4,1,2.460505919,0.034217077,0.000343948,2.540162737,0.291592321,372,2867,7059,73235,109872,22572110,1547,"[3, 5, 1, 6, 2, 7, 4, 0]",6cc0517b795e23264ebb8eb54796e51e7a57e1da6848fa9371418b9e86c61546,job-grouping-sat-v1,a54742cc4785a1c57020713cb318b867bf332281940c4a836f44779c7cd99577,"[""Tabela1/L32-8.txt"",8,""job-grouping-sat"",""clique"",""free-initial-magazine-v1""]",cadical300,seqcounter,1200.0,"{""cardinality"":""seqcounter"",""configuration_version"":""job-grouping-sat-v1"",""objective_version"":""free-initial-magazine-v1"",""solver"":""cadical300"",""strength"":""clique"",""time_limit"":1200.0}"
Yanasse,Tabela1/L32-9.txt,9,job-grouping-sat,clique,free-initial-magazine-v1,OPTIMAL,8,8,20,5,15,21,16,16,8,5,4,1,2.141914995,0.036415278,0.000351694,2.222939824,1.005285395,372,2587,6455,82649,152613,15516851,3198,"[1, 5, 0, 6, 7, 3, 4, 2]",bd6a56b40d365da99a7521ada95a5fe279b6bf8f6f6b11255287ece71ba701a3,job-grouping-sat-v1,a54742cc4785a1c57020713cb318b867bf332281940c4a836f44779c7cd99577,"[""Tabela1/L32-9.txt"",9,""job-grouping-sat"",""clique"",""free-initial-magazine-v1""]",cadical300,seqcounter,1200.0,"{""cardinality"":""seqcounter"",""configuration_version"":""job-grouping-sat-v1"",""objective_version"":""free-initial-magazine-v1"",""solver"":""cadical300"",""strength"":""clique"",""time_limit"":1200.0}"
Yanasse,Tabela1/L33-1.txt,1,job-grouping-sat,clique,free-initial-magazine-v1,OPTIMAL,8,8,20,10,10,10,10,10,6,0,0,0,0.000000000,0.000000000,0.000150987,0.000184539,0.000150987,0,0,0,0,0,0,0,"[1, 5, 2, 7, 3, 0, 4, 6]",01d4b1c63158b9d3d8b2aa754f74080c861f9599684bbf774188758d02033e2a,job-grouping-sat-v1,a54742cc4785a1c57020713cb318b867bf332281940c4a836f44779c7cd99577,"[""Tabela1/L33-1.txt"",1,""job-grouping-sat"",""clique"",""free-initial-magazine-v1""]",cadical300,seqcounter,1200.0,"{""cardinality"":""seqcounter"",""configuration_version"":""job-grouping-sat-v1"",""objective_version"":""free-initial-magazine-v1"",""solver"":""cadical300"",""strength"":""clique"",""time_limit"":1200.0}"
Yanasse,Tabela1/L33-10.txt,10,job-grouping-sat,clique,free-initial-magazine-v1,OPTIMAL,8,8,20,10,10,10,10,10,6,0,0,0,0.000000000,0.000000000,0.000137056,0.000173883,0.000137056,0,0,0,0,0,0,0,"[1, 6, 7, 2, 3, 5, 0, 4]",48656f7cc1f1504038d2366996857f7a60fbd4d098406f34d2049ae49cde19be,job-grouping-sat-v1,a54742cc4785a1c57020713cb318b867bf332281940c4a836f44779c7cd99577,"[""Tabela1/L33-10.txt"",10,""job-grouping-sat"",""clique"",""free-initial-magazine-v1""]",cadical300,seqcounter,1200.0,"{""cardinality"":""seqcounter"",""configuration_version"":""job-grouping-sat-v1"",""objective_version"":""free-initial-magazine-v1"",""solver"":""cadical300"",""strength"":""clique"",""time_limit"":1200.0}"
Yanasse,Tabela1/L33-2.txt,2,job-grouping-sat,clique,free-initial-magazine-v1,OPTIMAL,8,8,20,10,10,10,10,10,6,0,0,0,0.000000000,0.000000000,0.000129894,0.000165564,0.000129894,0,0,0,0,0,0,0,"[4, 7, 3, 6, 5, 1, 2, 0]",d18cc89256664ce34083f03327e3444171a511a560e52442faccace260e8ea0e,job-grouping-sat-v1,a54742cc4785a1c57020713cb318b867bf332281940c4a836f44779c7cd99577,"[""Tabela1/L33-2.txt"",2,""job-grouping-sat"",""clique"",""free-initial-magazine-v1""]",cadical300,seqcounter,1200.0,"{""cardinality"":""seqcounter"",""configuration_version"":""job-grouping-sat-v1"",""objective_version"":""free-initial-magazine-v1"",""solver"":""cadical300"",""strength"":""clique"",""time_limit"":1200.0}"
Yanasse,Tabela1/L33-3.txt,3,job-grouping-sat,clique,free-initial-magazine-v1,OPTIMAL,8,8,20,10,10,10,10,10,6,0,0,0,0.000000000,0.000000000,0.000131638,0.000165638,0.000131638,0,0,0,0,0,0,0,"[3, 5, 0, 4, 6, 1, 7, 2]",3de4acf4bcb19d50c09966f0d41dad2e17bd0bb28efd7160adbf405625a313eb,job-grouping-sat-v1,a54742cc4785a1c57020713cb318b867bf332281940c4a836f44779c7cd99577,"[""Tabela1/L33-3.txt"",3,""job-grouping-sat"",""clique"",""free-initial-magazine-v1""]",cadical300,seqcounter,1200.0,"{""cardinality"":""seqcounter"",""configuration_version"":""job-grouping-sat-v1"",""objective_version"":""free-initial-magazine-v1"",""solver"":""cadical300"",""strength"":""clique"",""time_limit"":1200.0}"
Yanasse,Tabela1/L33-4.txt,4,job-grouping-sat,clique,free-initial-magazine-v1,OPTIMAL,8,8,20,10,10,10,10,10,5,0,0,0,0.000000000,0.000000000,0.000131360,0.000165113,0.000131360,0,0,0,0,0,0,0,"[4, 6, 1, 5, 3, 7, 0, 2]",49286a543e196fe936f1655a5889dda062ce98bb1a2bcc16a441274882f1f1b6,job-grouping-sat-v1,a54742cc4785a1c57020713cb318b867bf332281940c4a836f44779c7cd99577,"[""Tabela1/L33-4.txt"",4,""job-grouping-sat"",""clique"",""free-initial-magazine-v1""]",cadical300,seqcounter,1200.0,"{""cardinality"":""seqcounter"",""configuration_version"":""job-grouping-sat-v1"",""objective_version"":""free-initial-magazine-v1"",""solver"":""cadical300"",""strength"":""clique"",""time_limit"":1200.0}"
Yanasse,Tabela1/L33-5.txt,5,job-grouping-sat,clique,free-initial-magazine-v1,OPTIMAL,8,8,20,10,10,10,10,10,6,0,0,0,0.000000000,0.000000000,0.000135315,0.000172441,0.000135315,0,0,0,0,0,0,0,"[4, 7, 0, 3, 6, 5, 1, 2]",072f6abddd51a39e85c96da4faeba66c26aa8309a11c73cb59dd096e2ae84091,job-grouping-sat-v1,a54742cc4785a1c57020713cb318b867bf332281940c4a836f44779c7cd99577,"[""Tabela1/L33-5.txt"",5,""job-grouping-sat"",""clique"",""free-initial-magazine-v1""]",cadical300,seqcounter,1200.0,"{""cardinality"":""seqcounter"",""configuration_version"":""job-grouping-sat-v1"",""objective_version"":""free-initial-magazine-v1"",""solver"":""cadical300"",""strength"":""clique"",""time_limit"":1200.0}"
Yanasse,Tabela1/L33-6.txt,6,job-grouping-sat,clique,free-initial-magazine-v1,OPTIMAL,8,8,20,10,10,10,10,10,6,0,0,0,0.000000000,0.000000000,0.000130536,0.000165305,0.000130536,0,0,0,0,0,0,0,"[0, 6, 2, 3, 4, 5, 7, 1]",2b52ff6020ffd1a76e0e97811d292c43e2d7380648b329b131a1a68064491207,job-grouping-sat-v1,a54742cc4785a1c57020713cb318b867bf332281940c4a836f44779c7cd99577,"[""Tabela1/L33-6.txt"",6,""job-grouping-sat"",""clique"",""free-initial-magazine-v1""]",cadical300,seqcounter,1200.0,"{""cardinality"":""seqcounter"",""configuration_version"":""job-grouping-sat-v1"",""objective_version"":""free-initial-magazine-v1"",""solver"":""cadical300"",""strength"":""clique"",""time_limit"":1200.0}"
Yanasse,Tabela1/L33-7.txt,7,job-grouping-sat,clique,free-initial-magazine-v1,OPTIMAL,8,8,20,10,10,10,10,10,6,0,0,0,0.000000000,0.000000000,0.000165341,0.000203576,0.000165341,0,0,0,0,0,0,0,"[4, 1, 2, 5, 3, 7, 6, 0]",2e451d897aa47a953804f5e1d3e8b2f6bd19eeffb9581deeb997b9bc8b03e0e2,job-grouping-sat-v1,a54742cc4785a1c57020713cb318b867bf332281940c4a836f44779c7cd99577,"[""Tabela1/L33-7.txt"",7,""job-grouping-sat"",""clique"",""free-initial-magazine-v1""]",cadical300,seqcounter,1200.0,"{""cardinality"":""seqcounter"",""configuration_version"":""job-grouping-sat-v1"",""objective_version"":""free-initial-magazine-v1"",""solver"":""cadical300"",""strength"":""clique"",""time_limit"":1200.0}"
Yanasse,Tabela1/L33-8.txt,8,job-grouping-sat,clique,free-initial-magazine-v1,OPTIMAL,8,8,20,10,10,10,10,10,6,0,0,0,0.000000000,0.000000000,0.000142533,0.000179730,0.000142533,0,0,0,0,0,0,0,"[2, 0, 5, 7, 3, 1, 6, 4]",85345ea88b5b4d5c6bcd24ea3e731268a38f9e3a8c1140b57ac8d2b16070e3a5,job-grouping-sat-v1,a54742cc4785a1c57020713cb318b867bf332281940c4a836f44779c7cd99577,"[""Tabela1/L33-8.txt"",8,""job-grouping-sat"",""clique"",""free-initial-magazine-v1""]",cadical300,seqcounter,1200.0,"{""cardinality"":""seqcounter"",""configuration_version"":""job-grouping-sat-v1"",""objective_version"":""free-initial-magazine-v1"",""solver"":""cadical300"",""strength"":""clique"",""time_limit"":1200.0}"
Yanasse,Tabela1/L33-9.txt,9,job-grouping-sat,clique,free-initial-magazine-v1,OPTIMAL,8,8,20,10,10,10,10,10,7,0,0,0,0.000000000,0.000000000,0.000140430,0.000175982,0.000140430,0,0,0,0,0,0,0,"[3, 1, 2, 6, 7, 0, 4, 5]",c78f55837640872375a0d71625c2f0249f227b5915df9557eda0185ae82896c3,job-grouping-sat-v1,a54742cc4785a1c57020713cb318b867bf332281940c4a836f44779c7cd99577,"[""Tabela1/L33-9.txt"",9,""job-grouping-sat"",""clique"",""free-initial-magazine-v1""]",cadical300,seqcounter,1200.0,"{""cardinality"":""seqcounter"",""configuration_version"":""job-grouping-sat-v1"",""objective_version"":""free-initial-magazine-v1"",""solver"":""cadical300"",""strength"":""clique"",""time_limit"":1200.0}"
Yanasse,Tabela1/L34-1.txt,1,job-grouping-sat,clique,free-initial-magazine-v1,OPTIMAL,8,8,20,15,5,5,5,5,3,0,0,0,0.000000000,0.000000000,0.000137754,0.000175070,0.000137754,0,0,0,0,0,0,0,"[1, 5, 2, 7, 3, 0, 4, 6]",cffde50fe2fa1224d1da71a1a040bdef912632c263639a2fa857172f74d3f439,job-grouping-sat-v1,a54742cc4785a1c57020713cb318b867bf332281940c4a836f44779c7cd99577,"[""Tabela1/L34-1.txt"",1,""job-grouping-sat"",""clique"",""free-initial-magazine-v1""]",cadical300,seqcounter,1200.0,"{""cardinality"":""seqcounter"",""configuration_version"":""job-grouping-sat-v1"",""objective_version"":""free-initial-magazine-v1"",""solver"":""cadical300"",""strength"":""clique"",""time_limit"":1200.0}"
Yanasse,Tabela1/L34-10.txt,10,job-grouping-sat,clique,free-initial-magazine-v1,OPTIMAL,8,8,20,15,5,5,5,5,5,0,0,0,0.000000000,0.000000000,0.000141564,0.000181321,0.000141564,0,0,0,0,0,0,0,"[1, 6, 7, 2, 3, 5, 0, 4]",6f93345e6db00af8f1cb75562ecbda653f6d219da17862b62cc73a6eb6124d70,job-grouping-sat-v1,a54742cc4785a1c57020713cb318b867bf332281940c4a836f44779c7cd99577,"[""Tabela1/L34-10.txt"",10,""job-grouping-sat"",""clique"",""free-initial-magazine-v1""]",cadical300,seqcounter,1200.0,"{""cardinality"":""seqcounter"",""configuration_version"":""job-grouping-sat-v1"",""objective_version"":""free-initial-magazine-v1"",""solver"":""cadical300"",""strength"":""clique"",""time_limit"":1200.0}"
Yanasse,Tabela1/L34-2.txt,2,job-grouping-sat,clique,free-initial-magazine-v1,OPTIMAL,8,8,20,15,5,5,5,5,4,0,0,0,0.000000000,0.000000000,0.000164683,0.000204365,0.000164683,0,0,0,0,0,0,0,"[4, 7, 3, 6, 5, 1, 2, 0]",ad89298bd3b124e93561c329dfe10ca58529e1b20fb586bcbdadd5393362ef6e,job-grouping-sat-v1,a54742cc4785a1c57020713cb318b867bf332281940c4a836f44779c7cd99577,"[""Tabela1/L34-2.txt"",2,""job-grouping-sat"",""clique"",""free-initial-magazine-v1""]",cadical300,seqcounter,1200.0,"{""cardinality"":""seqcounter"",""configuration_version"":""job-grouping-sat-v1"",""objective_version"":""free-initial-magazine-v1"",""solver"":""cadical300"",""strength"":""clique"",""time_limit"":1200.0}"
Yanasse,Tabela1/L34-3.txt,3,job-grouping-sat,clique,free-initial-magazine-v1,OPTIMAL,8,8,20,15,5,5,5,5,4,0,0,0,0.000000000,0.000000000,0.000150547,0.000191349,0.000150547,0,0,0,0,0,0,0,"[3, 5, 0, 4, 6, 1, 7, 2]",20ab495a96431c21dbda15cda2d499c0760d36efd4f8596592892307bda2670a,job-grouping-sat-v1,a54742cc4785a1c57020713cb318b867bf332281940c4a836f44779c7cd99577,"[""Tabela1/L34-3.txt"",3,""job-grouping-sat"",""clique"",""free-initial-magazine-v1""]",cadical300,seqcounter,1200.0,"{""cardinality"":""seqcounter"",""configuration_version"":""job-grouping-sat-v1"",""objective_version"":""free-initial-magazine-v1"",""solver"":""cadical300"",""strength"":""clique"",""time_limit"":1200.0}"
Yanasse,Tabela1/L34-4.txt,4,job-grouping-sat,clique,free-initial-magazine-v1,OPTIMAL,8,8,20,15,5,5,5,5,4,0,0,0,0.000000000,0.000000000,0.000143052,0.000204519,0.000143052,0,0,0,0,0,0,0,"[4, 6, 1, 5, 3, 7, 0, 2]",a06f40d8fefc7e438f7d58738b416130d9e6a405d321b63fa176ed30e55923b1,job-grouping-sat-v1,a54742cc4785a1c57020713cb318b867bf332281940c4a836f44779c7cd99577,"[""Tabela1/L34-4.txt"",4,""job-grouping-sat"",""clique"",""free-initial-magazine-v1""]",cadical300,seqcounter,1200.0,"{""cardinality"":""seqcounter"",""configuration_version"":""job-grouping-sat-v1"",""objective_version"":""free-initial-magazine-v1"",""solver"":""cadical300"",""strength"":""clique"",""time_limit"":1200.0}"
Yanasse,Tabela1/L34-5.txt,5,job-grouping-sat,clique,free-initial-magazine-v1,OPTIMAL,8,8,20,15,5,5,5,5,4,0,0,0,0.000000000,0.000000000,0.000139167,0.000176598,0.000139167,0,0,0,0,0,0,0,"[4, 7, 0, 3, 6, 5, 1, 2]",c3ff7a0c91ac3ceb59558a2318fc9eeda8edfe81548495f4edf0cdab45f76c5f,job-grouping-sat-v1,a54742cc4785a1c57020713cb318b867bf332281940c4a836f44779c7cd99577,"[""Tabela1/L34-5.txt"",5,""job-grouping-sat"",""clique"",""free-initial-magazine-v1""]",cadical300,seqcounter,1200.0,"{""cardinality"":""seqcounter"",""configuration_version"":""job-grouping-sat-v1"",""objective_version"":""free-initial-magazine-v1"",""solver"":""cadical300"",""strength"":""clique"",""time_limit"":1200.0}"
Yanasse,Tabela1/L34-6.txt,6,job-grouping-sat,clique,free-initial-magazine-v1,OPTIMAL,8,8,20,15,5,5,5,5,3,0,0,0,0.000000000,0.000000000,0.000143791,0.000184109,0.000143791,0,0,0,0,0,0,0,"[0, 6, 2, 3, 4, 5, 7, 1]",33fcb426d3d8baf6edf60b94b9225d5ea7d9c6a601d70ff98542c8964b7c46d3,job-grouping-sat-v1,a54742cc4785a1c57020713cb318b867bf332281940c4a836f44779c7cd99577,"[""Tabela1/L34-6.txt"",6,""job-grouping-sat"",""clique"",""free-initial-magazine-v1""]",cadical300,seqcounter,1200.0,"{""cardinality"":""seqcounter"",""configuration_version"":""job-grouping-sat-v1"",""objective_version"":""free-initial-magazine-v1"",""solver"":""cadical300"",""strength"":""clique"",""time_limit"":1200.0}"
Yanasse,Tabela1/L34-7.txt,7,job-grouping-sat,clique,free-initial-magazine-v1,OPTIMAL,8,8,20,15,5,5,5,5,3,0,0,0,0.000000000,0.000000000,0.000141789,0.000181927,0.000141789,0,0,0,0,0,0,0,"[4, 1, 2, 5, 3, 7, 6, 0]",a9a21942852efe125231274ba798e8c38b0ca721ccc51cbb7f5bcda2267f32e6,job-grouping-sat-v1,a54742cc4785a1c57020713cb318b867bf332281940c4a836f44779c7cd99577,"[""Tabela1/L34-7.txt"",7,""job-grouping-sat"",""clique"",""free-initial-magazine-v1""]",cadical300,seqcounter,1200.0,"{""cardinality"":""seqcounter"",""configuration_version"":""job-grouping-sat-v1"",""objective_version"":""free-initial-magazine-v1"",""solver"":""cadical300"",""strength"":""clique"",""time_limit"":1200.0}"
Yanasse,Tabela1/L34-8.txt,8,job-grouping-sat,clique,free-initial-magazine-v1,OPTIMAL,8,8,20,15,5,5,5,5,4,0,0,0,0.000000000,0.000000000,0.000143780,0.000185540,0.000143780,0,0,0,0,0,0,0,"[2, 0, 5, 7, 3, 1, 6, 4]",0c29d9e0acf983e8939875f793e97c1f3c62768c2f449e1a914e3aabffb68b60,job-grouping-sat-v1,a54742cc4785a1c57020713cb318b867bf332281940c4a836f44779c7cd99577,"[""Tabela1/L34-8.txt"",8,""job-grouping-sat"",""clique"",""free-initial-magazine-v1""]",cadical300,seqcounter,1200.0,"{""cardinality"":""seqcounter"",""configuration_version"":""job-grouping-sat-v1"",""objective_version"":""free-initial-magazine-v1"",""solver"":""cadical300"",""strength"":""clique"",""time_limit"":1200.0}"
Yanasse,Tabela1/L34-9.txt,9,job-grouping-sat,clique,free-initial-magazine-v1,OPTIMAL,8,8,20,15,5,5,5,5,4,0,0,0,0.000000000,0.000000000,0.000147079,0.000189321,0.000147079,0,0,0,0,0,0,0,"[3, 1, 2, 6, 7, 0, 4, 5]",e093a90250f42fe705e393e051d90486fe720d0ed79fa65bfaaed168ce6639fd,job-grouping-sat-v1,a54742cc4785a1c57020713cb318b867bf332281940c4a836f44779c7cd99577,"[""Tabela1/L34-9.txt"",9,""job-grouping-sat"",""clique"",""free-initial-magazine-v1""]",cadical300,seqcounter,1200.0,"{""cardinality"":""seqcounter"",""configuration_version"":""job-grouping-sat-v1"",""objective_version"":""free-initial-magazine-v1"",""solver"":""cadical300"",""strength"":""clique"",""time_limit"":1200.0}"
Yanasse,Tabela1/L4-1.txt,1,job-grouping-sat,clique,free-initial-magazine-v1,OPTIMAL,8,8,15,10,5,11,7,7,4,3,2,1,0.498579938,0.014062693,0.000231255,0.531237923,0.031831640,258,958,2934,28644,45214,2034027,862,"[1, 4, 0, 2, 5, 3, 6, 7]",419ccbbd7bdcaa816f22711379ee14c6854ea549c3aeb0db4ddd0749a62ceb80,job-grouping-sat-v1,a54742cc4785a1c57020713cb318b867bf332281940c4a836f44779c7cd99577,"[""Tabela1/L4-1.txt"",1,""job-grouping-sat"",""clique"",""free-initial-magazine-v1""]",cadical300,seqcounter,1200.0,"{""cardinality"":""seqcounter"",""configuration_version"":""job-grouping-sat-v1"",""objective_version"":""free-initial-magazine-v1"",""solver"":""cadical300"",""strength"":""clique"",""time_limit"":1200.0}"
Yanasse,Tabela1/L4-10.txt,10,job-grouping-sat,clique,free-initial-magazine-v1,OPTIMAL,8,8,15,10,5,11,8,8,7,3,2,1,0.893864270,0.014443022,0.000260470,0.928259991,0.388683266,297,1246,3697,49442,78228,4598671,1297,"[2, 5, 3, 1, 0, 7, 4, 6]",aa7464aa12e52a72e525e1cd8b443464e37d20f95d4ada3157c158e15e86921d,job-grouping-sat-v1,a54742cc4785a1c57020713cb318b867bf332281940c4a836f44779c7cd99577,"[""Tabela1/L4-10.txt"",10,""job-grouping-sat"",""clique"",""free-initial-magazine-v1""]",cadical300,seqcounter,1200.0,"{""cardinality"":""seqcounter"",""configuration_version"":""job-grouping-sat-v1"",""objective_version"":""free-initial-magazine-v1"",""solver"":""cadical300"",""strength"":""clique"",""time_limit"":1200.0}"
Yanasse,Tabela1/L4-2.txt,2,job-grouping-sat,clique,free-initial-magazine-v1,OPTIMAL,8,8,15,10,5,10,8,8,7,3,2,1,0.427134592,0.014505431,0.000269230,0.461903195,0.080428492,297,1246,3737,25923,41954,2331854,545,"[0, 4, 7, 2, 3, 5, 1, 6]",f0ef95308fe78e73b0db4a32da9c524383673324f3af6c02016909095b4d239f,job-grouping-sat-v1,a54742cc4785a1c57020713cb318b867bf332281940c4a836f44779c7cd99577,"[""Tabela1/L4-2.txt"",2,""job-grouping-sat"",""clique"",""free-initial-magazine-v1""]",cadical300,seqcounter,1200.0,"{""cardinality"":""seqcounter"",""configuration_version"":""job-grouping-sat-v1"",""objective_version"":""free-initial-magazine-v1"",""solver"":""cadical300"",""strength"":""clique"",""time_limit"":1200.0}"
Yanasse,Tabela1/L4-3.txt,3,job-grouping-sat,clique,free-initial-magazine-v1,OPTIMAL,8,8,15,10,5,14,8,8,4,4,3,1,0.636862131,0.021632398,0.000314513,0.686128891,0.141438445,297,1254,3721,34034,56782,3039958,742,"[4, 0, 3, 6, 7, 1, 2, 5]",9da8431d377b8296c9f80fd1f2d535181f86545abf3292cdae889aa8df05afe3,job-grouping-sat-v1,a54742cc4785a1c57020713cb318b867bf332281940c4a836f44779c7cd99577,"[""Tabela1/L4-3.txt"",3,""job-grouping-sat"",""clique"",""free-initial-magazine-v1""]",cadical300,seqcounter,1200.0,"{""cardinality"":""seqcounter"",""configuration_version"":""job-grouping-sat-v1"",""objective_version"":""free-initial-magazine-v1"",""solver"":""cadical300"",""strength"":""clique"",""time_limit"":1200.0}"
Yanasse,Tabela1/L4-4.txt,4,job-grouping-sat,clique,free-initial-magazine-v1,OPTIMAL,8,8,15,10,5,14,9,9,8,5,4,1,0.849181172,0.028622363,0.000445902,0.913578029,0.460123637,297,1328,3923,45409,80880,5093587,1436,"[3, 4, 0, 7, 2, 6, 5, 1]",2da795f6758fc6d4a62c5bc88a484fe4fdd24a7f0e5a8bf122bc219f4589f1a3,job-grouping-sat-v1,a54742cc4785a1c57020713cb318b867bf332281940c4a836f44779c7cd99577,"[""Tabela1/L4-4.txt"",4,""job-grouping-sat"",""clique"",""free-initial-magazine-v1""]",cadical300,seqcounter,1200.0,"{""cardinality"":""seqcounter"",""configuration_version"":""job-grouping-sat-v1"",""objective_version"":""free-initial-magazine-v1"",""solver"":""cadical300"",""strength"":""clique"",""time_limit"":1200.0}"
Yanasse,Tabela1/L4-5.txt,5,job-grouping-sat,clique,free-initial-magazine-v1,OPTIMAL,8,8,15,10,5,16,12,12,7,4,3,1,1.471097929,0.020686251,0.000346442,1.521815158,0.318000079,297,1602,4473,67302,108271,8417171,1615,"[4, 7, 0, 6, 5, 3, 1, 2]",21c51127467319acc634fb1faabcd778566f172458b02dc51b242a074f966242,job-grouping-sat-v1,a54742cc4785a1c57020713cb318b867bf332281940c4a836f44779c7cd99577,"[""Tabela1/L4-5.txt"",5,""job-grouping-sat"",""clique"",""free-initial-magazine-v1""]",cadical300,seqcounter,1200.0,"{""cardinality"":""seqcounter"",""configuration_version"":""job-grouping-sat-v1"",""objective_version"":""free-initial-magazine-v1"",""solver"":""cadical300"",""strength"":""clique"",""time_limit"":1200.0}"
Yanasse,Tabela1/L4-6.txt,6,job-grouping-sat,clique,free-initial-magazine-v1,OPTIMAL,8,8,15,10,5,9,8,8,5,2,1,1,0.355991561,0.010328921,0.000214026,0.378418723,0.025442302,297,1254,3745,19778,33791,1798898,478,"[1, 5, 0, 2, 3, 7, 6, 4]",e76c50e177e43ec3ab287e6b67e1d7161c98d6f6564b671c6b8ce5b83afc3a0f,job-grouping-sat-v1,a54742cc4785a1c57020713cb318b867bf332281940c4a836f44779c7cd99577,"[""Tabela1/L4-6.txt"",6,""job-grouping-sat"",""clique"",""free-initial-magazine-v1""]",cadical300,seqcounter,1200.0,"{""cardinality"":""seqcounter"",""configuration_version"":""job-grouping-sat-v1"",""objective_version"":""free-initial-magazine-v1"",""solver"":""cadical300"",""strength"":""clique"",""time_limit"":1200.0}"
Yanasse,Tabela1/L4-7.txt,7,job-grouping-sat,clique,free-initial-magazine-v1,OPTIMAL,8,8,15,10,5,14,8,8,7,5,4,1,0.448241449,0.024326557,0.000506503,0.505018141,0.139430697,297,1246,3745,24956,40708,2303987,431,"[2, 3, 5, 6, 4, 0, 7, 1]",2c38da04ddba3e535b4e910d86288644664a66d3f5cba1c8a59ab77a4e1984bd,job-grouping-sat-v1,a54742cc4785a1c57020713cb318b867bf332281940c4a836f44779c7cd99577,"[""Tabela1/L4-7.txt"",7,""job-grouping-sat"",""clique"",""free-initial-magazine-v1""]",cadical300,seqcounter,1200.0,"{""cardinality"":""seqcounter"",""configuration_version"":""job-grouping-sat-v1"",""objective_version"":""free-initial-magazine-v1"",""solver"":""cadical300"",""strength"":""clique"",""time_limit"":1200.0}"
Yanasse,Tabela1/L4-8.txt,8,job-grouping-sat,clique,free-initial-magazine-v1,OPTIMAL,8,8,15,10,5,14,10,10,7,3,2,1,0.599443725,0.016499364,0.000332914,0.639333745,0.096937583,297,1400,4081,28253,45827,3386569,683,"[5, 7, 1, 0, 3, 4, 6, 2]",70312d9e441702a45386f06d92c565b735f948a1783e67ef3f087e2c61a0a05f,job-grouping-sat-v1,a54742cc4785a1c57020713cb318b867bf332281940c4a836f44779c7cd99577,"[""Tabela1/L4-8.txt"",8,""job-grouping-sat"",""clique"",""free-initial-magazine-v1""]",cadical300,seqcounter,1200.0,"{""cardinality"":""seqcounter"",""configuration_version"":""job-grouping-sat-v1"",""objective_version"":""free-initial-magazine-v1"",""solver"":""cadical300"",""strength"":""clique"",""time_limit"":1200.0}"
Yanasse,Tabela1/L4-9.txt,9,job-grouping-sat,clique,free-initial-magazine-v1,OPTIMAL,8,8,15,10,5,14,10,10,8,4,3,1,1.381634371,0.021157935,0.000415023,1.435296724,0.514166744,297,1400,4057,68319,113303,6573577,1961,"[2, 7, 4, 6, 5, 3, 0, 1]",43ea1ee4caa1e91b22285d44a5c6c53b4b0f1c1dc69c0cd0c8314d2624046ac2,job-grouping-sat-v1,a54742cc4785a1c57020713cb318b867bf332281940c4a836f44779c7cd99577,"[""Tabela1/L4-9.txt"",9,""job-grouping-sat"",""clique"",""free-initial-magazine-v1""]",cadical300,seqcounter,1200.0,"{""cardinality"":""seqcounter"",""configuration_version"":""job-grouping-sat-v1"",""objective_version"":""free-initial-magazine-v1"",""solver"":""cadical300"",""strength"":""clique"",""time_limit"":1200.0}"
Yanasse,Tabela1/L5-1.txt,1,job-grouping-sat,clique,free-initial-magazine-v1,OPTIMAL,8,8,20,10,10,28,20,20,8,6,5,1,3.584235723,0.057761335,0.000450185,3.704917334,0.804120401,372,3211,7911,96015,167657,27231318,2483,"[2, 7, 4, 1, 6, 3, 0, 5]",0b6d6cd9c3c39a9bfc5cd54c56f4a67e53989eb3718e4f43ba691a6b27784a30,job-grouping-sat-v1,a54742cc4785a1c57020713cb318b867bf332281940c4a836f44779c7cd99577,"[""Tabela1/L5-1.txt"",1,""job-grouping-sat"",""clique"",""free-initial-magazine-v1""]",cadical300,seqcounter,1200.0,"{""cardinality"":""seqcounter"",""configuration_version"":""job-grouping-sat-v1"",""objective_version"":""free-initial-magazine-v1"",""solver"":""cadical300"",""strength"":""clique"",""time_limit"":1200.0}"
Yanasse,Tabela1/L5-10.txt,10,job-grouping-sat,clique,free-initial-magazine-v1,OPTIMAL,8,8,20,10,10,19,15,15,8,3,2,1,2.853949795,0.021677473,0.000260730,2.901882043,0.249305607,372,2716,6859,97464,161635,19860351,2375,"[0, 6, 4, 1, 7, 3, 5, 2]",feda70a38dc75be2afc64ecd740df162fc549950bb8d3bb26a492db8c2ab6401,job-grouping-sat-v1,a54742cc4785a1c57020713cb318b867bf332281940c4a836f44779c7cd99577,"[""Tabela1/L5-10.txt"",10,""job-grouping-sat"",""clique"",""free-initial-magazine-v1""]",cadical300,seqcounter,1200.0,"{""cardinality"":""seqcounter"",""configuration_version"":""job-grouping-sat-v1"",""objective_version"":""free-initial-magazine-v1"",""solver"":""cadical300"",""strength"":""clique"",""time_limit"":1200.0}"
Yanasse,Tabela1/L5-2.txt,2,job-grouping-sat,clique,free-initial-magazine-v1,OPTIMAL,8,8,20,10,10,13,11,11,4,2,1,1,6.459933395,0.013742455,0.000220473,6.489890390,0.026083957,372,2252,5803,249513,404082,31084348,7975,"[0, 3, 5, 7, 4, 1, 6, 2]",779798ce17a53c47b2c05309d5e5f37212f4fe61454fa4d9bae0443eb06aa164,job-grouping-sat-v1,a54742cc4785a1c57020713cb318b867bf332281940c4a836f44779c7cd99577,"[""Tabela1/L5-2.txt"",2,""job-grouping-sat"",""clique"",""free-initial-magazine-v1""]",cadical300,seqcounter,1200.0,"{""cardinality"":""seqcounter"",""configuration_version"":""job-grouping-sat-v1"",""objective_version"":""free-initial-magazine-v1"",""solver"":""cadical300"",""strength"":""clique"",""time_limit"":1200.0}"
Yanasse,Tabela1/L5-3.txt,3,job-grouping-sat,clique,free-initial-magazine-v1,OPTIMAL,8,8,20,10,10,18,13,13,7,5,4,1,3.535184073,0.043664148,0.000388152,3.628243029,1.564515378,372,2520,6471,135478,229849,22442114,3311,"[6, 2, 1, 0, 4, 7, 3, 5]",d1b0110a6dff342a589f444a723565db904aa1c182f750ccb6ca88c9749621ca,job-grouping-sat-v1,a54742cc4785a1c57020713cb318b867bf332281940c4a836f44779c7cd99577,"[""Tabela1/L5-3.txt"",3,""job-grouping-sat"",""clique"",""free-initial-magazine-v1""]",cadical300,seqcounter,1200.0,"{""cardinality"":""seqcounter"",""configuration_version"":""job-grouping-sat-v1"",""objective_version"":""free-initial-magazine-v1"",""solver"":""cadical300"",""strength"":""clique"",""time_limit"":1200.0}"
Yanasse,Tabela1/L5-4.txt,4,job-grouping-sat,clique,free-initial-magazine-v1,OPTIMAL,8,8,20,10,10,20,13,13,6,3,2,1,6.114119321,0.023346117,0.000289150,6.167906718,0.623501435,372,2472,6359,231390,385551,32199430,6800,"[1, 4, 0, 2, 7, 3, 6, 5]",0fe88fc04b82245aca941af01b9c5ebc9a0db27a800742133bd2d4a0fad4415d,job-grouping-sat-v1,a54742cc4785a1c57020713cb318b867bf332281940c4a836f44779c7cd99577,"[""Tabela1/L5-4.txt"",4,""job-grouping-sat"",""clique"",""free-initial-magazine-v1""]",cadical300,seqcounter,1200.0,"{""cardinality"":""seqcounter"",""configuration_version"":""job-grouping-sat-v1"",""objective_version"":""free-initial-magazine-v1"",""solver"":""cadical300"",""strength"":""clique"",""time_limit"":1200.0}"
Yanasse,Tabela1/L5-5.txt,5,job-grouping-sat,clique,free-initial-magazine-v1,OPTIMAL,8,8,20,10,10,14,11,11,6,4,3,1,5.464067908,0.029870855,0.000461389,5.530608947,0.983824351,372,2236,5787,235852,399251,29347349,7018,"[1, 7, 0, 4, 6, 5, 2, 3]",3f63d8b629436358eded4247778741030196b5ef6e5a00248237154e279b5169,job-grouping-sat-v1,a54742cc4785a1c57020713cb318b867bf332281940c4a836f44779c7cd99577,"[""Tabela1/L5-5.txt"",5,""job-grouping-sat"",""clique"",""free-initial-magazine-v1""]",cadical300,seqcounter,1200.0,"{""cardinality"":""seqcounter"",""configuration_version"":""job-grouping-sat-v1"",""objective_version"":""free-initial-magazine-v1"",""solver"":""cadical300"",""strength"":""clique"",""time_limit"":1200.0}"
Yanasse,Tabela1/L5-6.txt,6,job-grouping-sat,clique,free-initial-magazine-v1,OPTIMAL,8,8,20,10,10,24,16,16,8,6,5,1,3.843907476,0.050873837,0.000437261,3.953845110,1.050885209,372,2827,7127,146255,263481,24932753,4489,"[1, 5, 2, 4, 7, 6, 3, 0]",dbd842f244f100fb3bc8c0e1ac8ea5220999a7d1835ab0ebcdae8684b8e30920,job-grouping-sat-v1,a54742cc4785a1c57020713cb318b867bf332281940c4a836f44779c7cd99577,"[""Tabela1/L5-6.txt"",6,""job-grouping-sat"",""clique"",""free-initial-magazine-v1""]",cadical300,seqcounter,1200.0,"{""cardinality"":""seqcounter"",""configuration_version"":""job-grouping-sat-v1"",""objective_version"":""free-initial-magazine-v1"",""solver"":""cadical300"",""strength"":""clique"",""time_limit"":1200.0}"
Yanasse,Tabela1/L5-7.txt,7,job-grouping-sat,clique,free-initial-magazine-v1,OPTIMAL,8,8,20,10,10,15,12,12,5,2,1,1,3.039521611,0.014817560,0.000236347,3.070920747,0.034269673,372,2355,6087,109860,185703,15931056,3211,"[6, 0, 2, 1, 3, 4, 5, 7]",d4ab0984f1fcabcbe15086ea51d145c21c4235079f89817c40f13c38a77d44e8,job-grouping-sat-v1,a54742cc4785a1c57020713cb318b867bf332281940c4a836f44779c7cd99577,"[""Tabela1/L5-7.txt"",7,""job-grouping-sat"",""clique"",""free-initial-magazine-v1""]",cadical300,seqcounter,1200.0,"{""cardinality"":""seqcounter"",""configuration_version"":""job-grouping-sat-v1"",""objective_version"":""free-initial-magazine-v1"",""solver"":""cadical300"",""strength"":""clique"",""time_limit"":1200.0}"
Yanasse,Tabela1/L5-8.txt,8,job-grouping-sat,clique,free-initial-magazine-v1,OPTIMAL,8,8,20,10,10,16,11,11,6,2,1,1,8.534435873,0.014063563,0.000275421,8.569887977,0.034090579,372,2212,5747,354088,588105,38813449,11537,"[0, 6, 1, 4, 5, 2, 7, 3]",c3b8d3b89d7b6a0852306b55cd4dce33b20db6a4da6da766a82816ad2ab49ea7,job-grouping-sat-v1,a54742cc4785a1c57020713cb318b867bf332281940c4a836f44779c7cd99577,"[""Tabela1/L5-8.txt"",8,""job-grouping-sat"",""clique"",""free-initial-magazine-v1""]",cadical300,seqcounter,1200.0,"{""cardinality"":""seqcounter"",""configuration_version"":""job-grouping-sat-v1"",""objective_version"":""free-initial-magazine-v1"",""solver"":""cadical300"",""strength"":""clique"",""time_limit"":1200.0}"
Yanasse,Tabela1/L5-9.txt,9,job-grouping-sat,clique,free-initial-magazine-v1,OPTIMAL,8,8,20,10,10,27,18,18,8,6,5,1,6.873649557,0.054405356,0.000435461,6.992132567,3.869971085,372,3067,7619,188458,311557,51050308,5069,"[2, 1, 7, 3, 6, 0, 4, 5]",43cb39fb4ddac2c80769acce098d8c1d4baa6183fc5ada42f0721988335c229a,job-grouping-sat-v1,a54742cc4785a1c57020713cb318b867bf332281940c4a836f44779c7cd99577,"[""Tabela1/L5-9.txt"",9,""job-grouping-sat"",""clique"",""free-initial-magazine-v1""]",cadical300,seqcounter,1200.0,"{""cardinality"":""seqcounter"",""configuration_version"":""job-grouping-sat-v1"",""objective_version"":""free-initial-magazine-v1"",""solver"":""cadical300"",""strength"":""clique"",""time_limit"":1200.0}"
Yanasse,Tabela1/L6-1.txt,1,job-grouping-sat,clique,free-initial-magazine-v1,OPTIMAL,8,8,20,10,10,20,19,19,8,2,1,1,4.697928696,0.015248175,0.000242204,4.733026531,1.212650561,372,3148,7787,142730,233921,34271789,4087,"[4, 5, 0, 1, 2, 6, 3, 7]",68642ea4648d8206b5f439730916c5848deee10c977b0b226b7c9d3772cb6e36,job-grouping-sat-v1,a54742cc4785a1c57020713cb318b867bf332281940c4a836f44779c7cd99577,"[""Tabela1/L6-1.txt"",1,""job-grouping-sat"",""clique"",""free-initial-magazine-v1""]",cadical300,seqcounter,1200.0,"{""cardinality"":""seqcounter"",""configuration_version"":""job-grouping-sat-v1"",""objective_version"":""free-initial-magazine-v1"",""solver"":""cadical300"",""strength"":""clique"",""time_limit"":1200.0}"
Yanasse,Tabela1/L6-10.txt,10,job-grouping-sat,clique,free-initial-magazine-v1,OPTIMAL,8,8,20,10,10,20,13,13,6,4,3,1,10.880222561,0.030470975,0.000320048,10.946420038,0.337439990,372,2504,6431,398325,639664,45885290,12103,"[5, 6, 7, 2, 1, 0, 3, 4]",c4e9f62768d0f30f5ccae6188188990222bfec8ee24eed0a159a945ed2af349b,job-grouping-sat-v1,a54742cc4785a1c57020713cb318b867bf332281940c4a836f44779c7cd99577,"[""Tabela1/L6-10.txt"",10,""job-grouping-sat"",""clique"",""free-initial-magazine-v1""]",cadical300,seqcounter,1200.0,"{""cardinality"":""seqcounter"",""configuration_version"":""job-grouping-sat-v1"",""objective_version"":""free-initial-magazine-v1"",""solver"":""cadical300"",""strength"":""clique"",""time_limit"":1200.0}"
Yanasse,Tabela1/L6-2.txt,2,job-grouping-sat,clique,free-initial-magazine-v1,OPTIMAL,8,8,20,10,10,17,14,14,8,3,2,1,10.292781997,0.023600827,0.000406498,10.347329758,0.563330017,372,2611,6643,351735,584896,49848758,10514,"[4, 1, 3, 5, 2, 6, 0, 7]",589a1bf4ec206c8b1772d4da9a6adbeee1676da00e6bd8497f019d69d9f1c5f0,job-grouping-sat-v1,a54742cc4785a1c57020713cb318b867bf332281940c4a836f44779c7cd99577,"[""Tabela1/L6-2.txt"",2,""job-grouping-sat"",""clique"",""free-initial-magazine-v1""]",cadical300,seqcounter,1200.0,"{""cardinality"":""seqcounter"",""configuration_version"":""job-grouping-sat-v1"",""objective_version"":""free-initial-magazine-v1"",""solver"":""cadical300"",""strength"":""clique"",""time_limit"":1200.0}"
Yanasse,Tabela1/L6-3.txt,3,job-grouping-sat,clique,free-initial-magazine-v1,OPTIMAL,8,8,20,10,10,19,14,14,7,4,3,1,4.693883808,0.035600003,0.000361493,4.769257208,0.964281963,372,2619,6667,170606,289788,28140299,4793,"[3, 5, 2, 0, 7, 4, 1, 6]",c3e171fa357080b69c4451d4949ee4d257a4e98a78952e1681aca4bb214a4e43,job-grouping-sat-v1,a54742cc4785a1c57020713cb318b867bf332281940c4a836f44779c7cd99577,"[""Tabela1/L6-3.txt"",3,""job-grouping-sat"",""clique"",""free-initial-magazine-v1""]",cadical300,seqcounter,1200.0,"{""cardinality"":""seqcounter"",""configuration_version"":""job-grouping-sat-v1"",""objective_version"":""free-initial-magazine-v1"",""solver"":""cadical300"",""strength"":""clique"",""time_limit"":1200.0}"
Yanasse,Tabela1/L6-4.txt,4,job-grouping-sat,clique,free-initial-magazine-v1,OPTIMAL,8,8,20,10,10,24,16,16,8,6,5,1,5.736708181,0.044178012,0.000428249,5.841347519,3.036120942,372,2827,7119,212281,410496,37779280,7704,"[2, 4, 0, 3, 1, 5, 6, 7]",57781ce1c6579d82a6f97a5e7f29cd73842853ee985dd23f34577bbee1e12313,job-grouping-sat-v1,a54742cc4785a1c57020713cb318b867bf332281940c4a836f44779c7cd99577,"[""Tabela1/L6-4.txt"",4,""job-grouping-sat"",""clique"",""free-initial-magazine-v1""]",cadical300,seqcounter,1200.0,"{""cardinality"":""seqcounter"",""configuration_version"":""job-grouping-sat-v1"",""objective_version"":""free-initial-magazine-v1"",""solver"":""cadical300"",""strength"":""clique"",""time_limit"":1200.0}"
Yanasse,Tabela1/L6-5.txt,5,job-grouping-sat,clique,free-initial-magazine-v1,OPTIMAL,8,8,20,10,10,20,14,14,8,3,2,1,2.938846955,0.025712458,0.000280765,2.990403839,0.428403331,372,2611,6691,107711,191144,20151191,3590,"[5, 7, 2, 3, 4, 1, 0, 6]",0bb9980d9a2c23a46e59f61a96eb19e11a73ddcd215c19bf9020e74a310d47a3,job-grouping-sat-v1,a54742cc4785a1c57020713cb318b867bf332281940c4a836f44779c7cd99577,"[""Tabela1/L6-5.txt"",5,""job-grouping-sat"",""clique"",""free-initial-magazine-v1""]",cadical300,seqcounter,1200.0,"{""cardinality"":""seqcounter"",""configuration_version"":""job-grouping-sat-v1"",""objective_version"":""free-initial-magazine-v1"",""solver"":""cadical300"",""strength"":""clique"",""time_limit"":1200.0}"
Yanasse,Tabela1/L6-6.txt,6,job-grouping-sat,clique,free-initial-magazine-v1,OPTIMAL,8,8,20,10,10,23,15,15,8,5,4,1,5.816854722,0.039220214,0.000403072,5.906945951,0.735160655,372,2708,6859,232792,440484,33278380,8136,"[1, 5, 4, 3, 0, 6, 2, 7]",587ed107783d6fe7222f126998f22d335ed94feb457ccd44dee6982a30f1fad5,job-grouping-sat-v1,a54742cc4785a1c57020713cb318b867bf332281940c4a836f44779c7cd99577,"[""Tabela1/L6-6.txt"",6,""job-grouping-sat"",""clique"",""free-initial-magazine-v1""]",cadical300,seqcounter,1200.0,"{""cardinality"":""seqcounter"",""configuration_version"":""job-grouping-sat-v1"",""objective_version"":""free-initial-magazine-v1"",""solver"":""cadical300"",""strength"":""clique"",""time_limit"":1200.0}"
Yanasse,Tabela1/L6-7.txt,7,job-grouping-sat,clique,free-initial-magazine-v1,OPTIMAL,8,8,20,10,10,18,13,13,8,4,3,1,13.248769744,0.027962655,0.000355709,13.313031921,6.255932548,372,2512,6463,498256,854532,69108182,16021,"[2, 3, 5, 4, 6, 0, 7, 1]",029eb7775eaab1fbc99e3ebb7cec22981d687eae38dd3f03e44a133e682e28e5,job-grouping-sat-v1,a54742cc4785a1c57020713cb318b867bf332281940c4a836f44779c7cd99577,"[""Tabela1/L6-7.txt"",7,""job-grouping-sat"",""clique"",""free-initial-magazine-v1""]",cadical300,seqcounter,1200.0,"{""cardinality"":""seqcounter"",""configuration_version"":""job-grouping-sat-v1"",""objective_version"":""free-initial-magazine-v1"",""solver"":""cadical300"",""strength"":""clique"",""time_limit"":1200.0}"
Yanasse,Tabela1/L6-8.txt,8,job-grouping-sat,clique,free-initial-magazine-v1,OPTIMAL,8,8,20,10,10,17,13,13,7,4,3,1,4.919821250,0.036154852,0.000337154,4.992099142,0.235769778,372,2528,6503,185902,322320,28084509,5900,"[0, 1, 3, 6, 4, 5, 2, 7]",551081b2f016bfdfc051a33287f2f39e6915f03b16f106bf5583ae224f6196c9,job-grouping-sat-v1,a54742cc4785a1c57020713cb318b867bf332281940c4a836f44779c7cd99577,"[""Tabela1/L6-8.txt"",8,""job-grouping-sat"",""clique"",""free-initial-magazine-v1""]",cadical300,seqcounter,1200.0,"{""cardinality"":""seqcounter"",""configuration_version"":""job-grouping-sat-v1"",""objective_version"":""free-initial-magazine-v1"",""solver"":""cadical300"",""strength"":""clique"",""time_limit"":1200.0}"
Yanasse,Tabela1/L6-9.txt,9,job-grouping-sat,clique,free-initial-magazine-v1,OPTIMAL,8,8,20,10,10,27,21,21,8,5,4,1,3.012708217,0.037917353,0.000377288,3.102326823,0.365727258,372,3312,8103,88604,162293,21591802,2653,"[4, 7, 1, 2, 5, 6, 3, 0]",90f8960043991fa32980cdb3d5572e080dbbd835c7b2532de861c9ef9afb4385,job-grouping-sat-v1,a54742cc4785a1c57020713cb318b867bf332281940c4a836f44779c7cd99577,"[""Tabela1/L6-9.txt"",9,""job-grouping-sat"",""clique"",""free-initial-magazine-v1""]",cadical300,seqcounter,1200.0,"{""cardinality"":""seqcounter"",""configuration_version"":""job-grouping-sat-v1"",""objective_version"":""free-initial-magazine-v1"",""solver"":""cadical300"",""strength"":""clique"",""time_limit"":1200.0}"
Yanasse,Tabela1/L7-1.txt,1,job-grouping-sat,clique,free-initial-magazine-v1,OPTIMAL,8,8,20,15,5,5,5,5,4,0,0,0,0.000000000,0.000000000,0.000165323,0.000203293,0.000165323,0,0,0,0,0,0,0,"[5, 3, 1, 7, 4, 0, 6, 2]",813baa5ee57e07286e8de588b3a2154ff68a0d7daa32f4fdfd3973494756f155,job-grouping-sat-v1,a54742cc4785a1c57020713cb318b867bf332281940c4a836f44779c7cd99577,"[""Tabela1/L7-1.txt"",1,""job-grouping-sat"",""clique"",""free-initial-magazine-v1""]",cadical300,seqcounter,1200.0,"{""cardinality"":""seqcounter"",""configuration_version"":""job-grouping-sat-v1"",""objective_version"":""free-initial-magazine-v1"",""solver"":""cadical300"",""strength"":""clique"",""time_limit"":1200.0}"
Yanasse,Tabela1/L7-10.txt,10,job-grouping-sat,clique,free-initial-magazine-v1,OPTIMAL,8,8,20,15,5,8,5,5,3,1,1,0,0.009856954,0.005833032,0.000163730,0.022373521,0.022139324,372,1587,4439,54,2582,13172,2,"[0, 1, 2, 3, 6, 4, 5, 7]",de5f4a913c6a3ebe321d3c9fc80a91a32bed6c8b780a9efabc3d18ffe951d3dd,job-grouping-sat-v1,a54742cc4785a1c57020713cb318b867bf332281940c4a836f44779c7cd99577,"[""Tabela1/L7-10.txt"",10,""job-grouping-sat"",""clique"",""free-initial-magazine-v1""]",cadical300,seqcounter,1200.0,"{""cardinality"":""seqcounter"",""configuration_version"":""job-grouping-sat-v1"",""objective_version"":""free-initial-magazine-v1"",""solver"":""cadical300"",""strength"":""clique"",""time_limit"":1200.0}"
Yanasse,Tabela1/L7-2.txt,2,job-grouping-sat,clique,free-initial-magazine-v1,OPTIMAL,8,8,20,15,5,5,5,5,5,0,0,0,0.000000000,0.000000000,0.000164435,0.000206044,0.000164435,0,0,0,0,0,0,0,"[0, 7, 1, 2, 5, 6, 4, 3]",82a90ef1882aaf988970edf37af6dbeb65f53e2566f1ebd61f53ccec48c7fa13,job-grouping-sat-v1,a54742cc4785a1c57020713cb318b867bf332281940c4a836f44779c7cd99577,"[""Tabela1/L7-2.txt"",2,""job-grouping-sat"",""clique"",""free-initial-magazine-v1""]",cadical300,seqcounter,1200.0,"{""cardinality"":""seqcounter"",""configuration_version"":""job-grouping-sat-v1"",""objective_version"":""free-initial-magazine-v1"",""solver"":""cadical300"",""strength"":""clique"",""time_limit"":1200.0}"
Yanasse,Tabela1/L7-3.txt,3,job-grouping-sat,clique,free-initial-magazine-v1,OPTIMAL,8,8,20,15,5,5,5,5,5,0,0,0,0.000000000,0.000000000,0.000137956,0.000175650,0.000137956,0,0,0,0,0,0,0,"[7, 5, 4, 1, 6, 2, 3, 0]",683d79b539a3d941775c6ba07d768a694439b99f83e14194ea557d550db9f0c8,job-grouping-sat-v1,a54742cc4785a1c57020713cb318b867bf332281940c4a836f44779c7cd99577,"[""Tabela1/L7-3.txt"",3,""job-grouping-sat"",""clique"",""free-initial-magazine-v1""]",cadical300,seqcounter,1200.0,"{""cardinality"":""seqcounter"",""configuration_version"":""job-grouping-sat-v1"",""objective_version"":""free-initial-magazine-v1"",""solver"":""cadical300"",""strength"":""clique"",""time_limit"":1200.0}"
Yanasse,Tabela1/L7-4.txt,4,job-grouping-sat,clique,free-initial-magazine-v1,OPTIMAL,8,8,20,15,5,8,5,5,3,1,1,0,0.011578720,0.005767395,0.000151160,0.024512772,0.024255602,372,1587,4503,248,2847,26254,1,"[1, 5, 7, 2, 6, 0, 3, 4]",cbcd7766ea7e309c012801aa5f2a1ba4b3dde9753277a026d2ebe872292538cd,job-grouping-sat-v1,a54742cc4785a1c57020713cb318b867bf332281940c4a836f44779c7cd99577,"[""Tabela1/L7-4.txt"",4,""job-grouping-sat"",""clique"",""free-initial-magazine-v1""]",cadical300,seqcounter,1200.0,"{""cardinality"":""seqcounter"",""configuration_version"":""job-grouping-sat-v1"",""objective_version"":""free-initial-magazine-v1"",""solver"":""cadical300"",""strength"":""clique"",""time_limit"":1200.0}"
Yanasse,Tabela1/L7-5.txt,5,job-grouping-sat,clique,free-initial-magazine-v1,OPTIMAL,8,8,20,15,5,5,5,5,5,0,0,0,0.000000000,0.000000000,0.000158214,0.000196770,0.000158214,0,0,0,0,0,0,0,"[0, 4, 5, 3, 7, 1, 2, 6]",493e27c5f8242f9e130e09e715e824112ed831e9c38893803ffad6f8a53cc645,job-grouping-sat-v1,a54742cc4785a1c57020713cb318b867bf332281940c4a836f44779c7cd99577,"[""Tabela1/L7-5.txt"",5,""job-grouping-sat"",""clique"",""free-initial-magazine-v1""]",cadical300,seqcounter,1200.0,"{""cardinality"":""seqcounter"",""configuration_version"":""job-grouping-sat-v1"",""objective_version"":""free-initial-magazine-v1"",""solver"":""cadical300"",""strength"":""clique"",""time_limit"":1200.0}"
Yanasse,Tabela1/L7-6.txt,6,job-grouping-sat,clique,free-initial-magazine-v1,OPTIMAL,8,8,20,15,5,5,5,5,5,0,0,0,0.000000000,0.000000000,0.000143796,0.000184078,0.000143796,0,0,0,0,0,0,0,"[0, 5, 6, 2, 3, 1, 4, 7]",b6d92f42dd55410033d4dcd7224e540e992ae1df095d6c70641579cbb4f75d40,job-grouping-sat-v1,a54742cc4785a1c57020713cb318b867bf332281940c4a836f44779c7cd99577,"[""Tabela1/L7-6.txt"",6,""job-grouping-sat"",""clique"",""free-initial-magazine-v1""]",cadical300,seqcounter,1200.0,"{""cardinality"":""seqcounter"",""configuration_version"":""job-grouping-sat-v1"",""objective_version"":""free-initial-magazine-v1"",""solver"":""cadical300"",""strength"":""clique"",""time_limit"":1200.0}"
Yanasse,Tabela1/L7-7.txt,7,job-grouping-sat,clique,free-initial-magazine-v1,OPTIMAL,8,8,20,15,5,5,5,5,4,0,0,0,0.000000000,0.000000000,0.000141392,0.000178701,0.000141392,0,0,0,0,0,0,0,"[1, 4, 5, 3, 0, 6, 2, 7]",0a1fe8d3830f4427d4955a9ef652b9d374b801bcfe221d1a16af9abafbba3a54,job-grouping-sat-v1,a54742cc4785a1c57020713cb318b867bf332281940c4a836f44779c7cd99577,"[""Tabela1/L7-7.txt"",7,""job-grouping-sat"",""clique"",""free-initial-magazine-v1""]",cadical300,seqcounter,1200.0,"{""cardinality"":""seqcounter"",""configuration_version"":""job-grouping-sat-v1"",""objective_version"":""free-initial-magazine-v1"",""solver"":""cadical300"",""strength"":""clique"",""time_limit"":1200.0}"
Yanasse,Tabela1/L7-8.txt,8,job-grouping-sat,clique,free-initial-magazine-v1,OPTIMAL,8,8,20,15,5,5,5,5,4,0,0,0,0.000000000,0.000000000,0.000133586,0.000169342,0.000133586,0,0,0,0,0,0,0,"[0, 6, 5, 2, 3, 7, 1, 4]",eab7b82688fdd753011d9ab1b251fd5ae0e810628e0ec42244ea12feee261f8c,job-grouping-sat-v1,a54742cc4785a1c57020713cb318b867bf332281940c4a836f44779c7cd99577,"[""Tabela1/L7-8.txt"",8,""job-grouping-sat"",""clique"",""free-initial-magazine-v1""]",cadical300,seqcounter,1200.0,"{""cardinality"":""seqcounter"",""configuration_version"":""job-grouping-sat-v1"",""objective_version"":""free-initial-magazine-v1"",""solver"":""cadical300"",""strength"":""clique"",""time_limit"":1200.0}"
Yanasse,Tabela1/L7-9.txt,9,job-grouping-sat,clique,free-initial-magazine-v1,OPTIMAL,8,8,20,15,5,5,5,5,4,0,0,0,0.000000000,0.000000000,0.000134077,0.000172147,0.000134077,0,0,0,0,0,0,0,"[5, 4, 3, 6, 1, 7, 0, 2]",9405dd90534f1fbab3d79cb03ef5c57868888affa7740196db75013524bf2402,job-grouping-sat-v1,a54742cc4785a1c57020713cb318b867bf332281940c4a836f44779c7cd99577,"[""Tabela1/L7-9.txt"",9,""job-grouping-sat"",""clique"",""free-initial-magazine-v1""]",cadical300,seqcounter,1200.0,"{""cardinality"":""seqcounter"",""configuration_version"":""job-grouping-sat-v1"",""objective_version"":""free-initial-magazine-v1"",""solver"":""cadical300"",""strength"":""clique"",""time_limit"":1200.0}"
Yanasse,Tabela1/L8-1.txt,1,job-grouping-sat,clique,free-initial-magazine-v1,OPTIMAL,8,8,20,15,5,5,5,5,5,0,0,0,0.000000000,0.000000000,0.000137084,0.000178214,0.000137084,0,0,0,0,0,0,0,"[3, 7, 1, 6, 5, 2, 4, 0]",5a4b7fd829281dbad3cd0128440f3d676ad9c399faae64adec109bf4c927c0fa,job-grouping-sat-v1,a54742cc4785a1c57020713cb318b867bf332281940c4a836f44779c7cd99577,"[""Tabela1/L8-1.txt"",1,""job-grouping-sat"",""clique"",""free-initial-magazine-v1""]",cadical300,seqcounter,1200.0,"{""cardinality"":""seqcounter"",""configuration_version"":""job-grouping-sat-v1"",""objective_version"":""free-initial-magazine-v1"",""solver"":""cadical300"",""strength"":""clique"",""time_limit"":1200.0}"
Yanasse,Tabela1/L8-10.txt,10,job-grouping-sat,clique,free-initial-magazine-v1,OPTIMAL,8,8,20,15,5,7,6,6,4,2,1,1,0.256550255,0.008744402,0.000186819,0.277697506,0.062223664,274,983,2971,15912,26154,1357446,296,"[1, 2, 3, 4, 7, 0, 5, 6]",f271b87bb61458be13c6245de457453fd47b8a285621e394e31d430139827112,job-grouping-sat-v1,a54742cc4785a1c57020713cb318b867bf332281940c4a836f44779c7cd99577,"[""Tabela1/L8-10.txt"",10,""job-grouping-sat"",""clique"",""free-initial-magazine-v1""]",cadical300,seqcounter,1200.0,"{""cardinality"":""seqcounter"",""configuration_version"":""job-grouping-sat-v1"",""objective_version"":""free-initial-magazine-v1"",""solver"":""cadical300"",""strength"":""clique"",""time_limit"":1200.0}"
Yanasse,Tabela1/L8-2.txt,2,job-grouping-sat,clique,free-initial-magazine-v1,OPTIMAL,8,8,20,15,5,11,7,7,6,3,2,1,1.749385165,0.024611339,0.000297748,1.796037444,0.129143098,323,1285,3771,85770,139494,7347746,2578,"[1, 7, 6, 0, 4, 2, 3, 5]",108f56e5984ebfff2576b169081c8619144aee2f72c12d2e3288d0a857b85438,job-grouping-sat-v1,a54742cc4785a1c57020713cb318b867bf332281940c4a836f44779c7cd99577,"[""Tabela1/L8-2.txt"",2,""job-grouping-sat"",""clique"",""free-initial-magazine-v1""]",cadical300,seqcounter,1200.0,"{""cardinality"":""seqcounter"",""configuration_version"":""job-grouping-sat-v1"",""objective_version"":""free-initial-magazine-v1"",""solver"":""cadical300"",""strength"":""clique"",""time_limit"":1200.0}"
Yanasse,Tabela1/L8-3.txt,3,job-grouping-sat,clique,free-initial-magazine-v1,OPTIMAL,8,8,20,15,5,10,7,7,6,3,2,1,0.588318047,0.019159649,0.000295328,0.628502055,0.339724460,323,1341,4037,30349,61521,3071897,1272,"[1, 6, 0, 3, 4, 5, 7, 2]",1fa70fd5e45e810ecb906ccea4377ba4fde2b6fb7019ca5ac2fda28fdd2f979b,job-grouping-sat-v1,a54742cc4785a1c57020713cb318b867bf332281940c4a836f44779c7cd99577,"[""Tabela1/L8-3.txt"",3,""job-grouping-sat"",""clique"",""free-initial-magazine-v1""]",cadical300,seqcounter,1200.0,"{""cardinality"":""seqcounter"",""configuration_version"":""job-grouping-sat-v1"",""objective_version"":""free-initial-magazine-v1"",""solver"":""cadical300"",""strength"":""clique"",""time_limit"":1200.0}"
Yanasse,Tabela1/L8-4.txt,4,job-grouping-sat,clique,free-initial-magazine-v1,OPTIMAL,8,8,20,15,5,7,6,6,5,2,1,1,0.129515069,0.011620480,0.000239181,0.155435503,0.035370495,274,989,2983,7504,14705,735624,208,"[6, 7, 3, 0, 2, 1, 4, 5]",1f26954d0838ba6296554b5e0ad829237527c8beeed912f09f2c74fca47e34f8,job-grouping-sat-v1,a54742cc4785a1c57020713cb318b867bf332281940c4a836f44779c7cd99577,"[""Tabela1/L8-4.txt"",4,""job-grouping-sat"",""clique"",""free-initial-magazine-v1""]",cadical300,seqcounter,1200.0,"{""cardinality"":""seqcounter"",""configuration_version"":""job-grouping-sat-v1"",""objective_version"":""free-initial-magazine-v1"",""solver"":""cadical300"",""strength"":""clique"",""time_limit"":1200.0}"
Yanasse,Tabela1/L8-5.txt,5,job-grouping-sat,clique,free-initial-magazine-v1,OPTIMAL,8,8,20,15,5,12,7,7,6,4,3,1,0.321226979,0.025977254,0.000320641,0.378301578,0.150552585,323,1327,3995,16508,33863,1990191,299,"[0, 2, 3, 6, 4, 7, 1, 5]",4499f9152e2ea5e05d580f8e7d16a5af6ec3a3bdb2877df75b456073d5d1cc4c,job-grouping-sat-v1,a54742cc4785a1c57020713cb318b867bf332281940c4a836f44779c7cd99577,"[""Tabela1/L8-5.txt"",5,""job-grouping-sat"",""clique"",""free-initial-magazine-v1""]",cadical300,seqcounter,1200.0,"{""cardinality"":""seqcounter"",""configuration_version"":""job-grouping-sat-v1"",""objective_version"":""free-initial-magazine-v1"",""solver"":""cadical300"",""strength"":""clique"",""time_limit"":1200.0}"
Yanasse,Tabela1/L8-6.txt,6,job-grouping-sat,clique,free-initial-magazine-v1,OPTIMAL,8,8,20,15,5,9,6,6,6,3,2,1,0.313617417,0.017903567,0.000342179,0.351555677,0.222271887,274,1037,3151,17652,32425,1876263,420,"[4, 6, 7, 3, 5, 2, 0, 1]",035107fab9b7165fd2f45b721679af5faf4d7319991b14166a924dd1c2d14b4a,job-grouping-sat-v1,a54742cc4785a1c57020713cb318b867bf332281940c4a836f44779c7cd99577,"[""Tabela1/L8-6.txt"",6,""job-grouping-sat"",""clique"",""free-initial-magazine-v1""]",cadical300,seqcounter,1200.0,"{""cardinality"":""seqcounter"",""configuration_version"":""job-grouping-sat-v1"",""objective_version"":""free-initial-magazine-v1"",""solver"":""cadical300"",""strength"":""clique"",""time_limit"":1200.0}"
Yanasse,Tabela1/L8-7.txt,7,job-grouping-sat,clique,free-initial-magazine-v1,OPTIMAL,8,8,20,15,5,8,7,7,6,2,1,1,1.711138090,0.011797929,0.000253032,1.736360146,0.056009455,323,1285,3813,80262,128822,7191723,2557,"[3, 1, 2, 5, 7, 4, 6, 0]",5f38998481b21bcbd691eb4eda2857cdc5b8933fb2be5b3c92e7cf3a886c8302,job-grouping-sat-v1,a54742cc4785a1c57020713cb318b867bf332281940c4a836f44779c7cd99577,"[""Tabela1/L8-7.txt"",7,""job-grouping-sat"",""clique"",""free-initial-magazine-v1""]",cadical300,seqcounter,1200.0,"{""cardinality"":""seqcounter"",""configuration_version"":""job-grouping-sat-v1"",""objective_version"":""free-initial-magazine-v1"",""solver"":""cadical300"",""strength"":""clique"",""time_limit"":1200.0}"
Yanasse,Tabela1/L8-8.txt,8,job-grouping-sat,clique,free-initial-magazine-v1,OPTIMAL,8,8,20,15,5,20,12,12,7,4,3,1,2.291340334,0.040045040,0.000556596,2.372568579,1.044457555,372,2187,6079,77309,111192,14364695,1061,"[4, 7, 0, 2, 3, 1, 5, 6]",45618cee87145efbcec2f9b1ef6f20b2113bddf96d73d49f6f2a165ad4d4a12e,job-grouping-sat-v1,a54742cc4785a1c57020713cb318b867bf332281940c4a836f44779c7cd99577,"[""Tabela1/L8-8.txt"",8,""job-grouping-sat"",""clique"",""free-initial-magazine-v1""]",cadical300,seqcounter,1200.0,"{""cardinality"":""seqcounter"",""configuration_version"":""job-grouping-sat-v1"",""objective_version"":""free-initial-magazine-v1"",""solver"":""cadical300"",""strength"":""clique"",""time_limit"":1200.0}"
Yanasse,Tabela1/L8-9.txt,9,job-grouping-sat,clique,free-initial-magazine-v1,OPTIMAL,8,8,20,15,5,8,6,6,7,3,2,1,0.448751006,0.017037789,0.000292339,0.488338469,0.310493689,274,1013,3115,24478,45310,2471431,857,"[2, 1, 7, 0, 6, 4, 3, 5]",815d62df6e725c09457203a3ec551da4e53ab9b7c9e58e260e65e9dcf545e453,job-grouping-sat-v1,a54742cc4785a1c57020713cb318b867bf332281940c4a836f44779c7cd99577,"[""Tabela1/L8-9.txt"",9,""job-grouping-sat"",""clique"",""free-initial-magazine-v1""]",cadical300,seqcounter,1200.0,"{""cardinality"":""seqcounter"",""configuration_version"":""job-grouping-sat-v1"",""objective_version"":""free-initial-magazine-v1"",""solver"":""cadical300"",""strength"":""clique"",""time_limit"":1200.0}"
Yanasse,Tabela1/L9-1.txt,1,job-grouping-sat,clique,free-initial-magazine-v1,OPTIMAL,8,8,20,15,5,8,5,5,4,3,3,0,0.188548805,0.016119454,0.000251435,0.223617278,0.223286669,274,965,2983,11070,24014,903542,326,"[0, 5, 3, 7, 1, 2, 4, 6]",593da743fc26c23e4be206817823a4dcb01eada753bd6a219b60b48d6f0e3ee1,job-grouping-sat-v1,a54742cc4785a1c57020713cb318b867bf332281940c4a836f44779c7cd99577,"[""Tabela1/L9-1.txt"",1,""job-grouping-sat"",""clique"",""free-initial-magazine-v1""]",cadical300,seqcounter,1200.0,"{""cardinality"":""seqcounter"",""configuration_version"":""job-grouping-sat-v1"",""objective_version"":""free-initial-magazine-v1"",""solver"":""cadical300"",""strength"":""clique"",""time_limit"":1200.0}"
Yanasse,Tabela1/L9-10.txt,10,job-grouping-sat,clique,free-initial-magazine-v1,OPTIMAL,8,8,20,15,5,6,5,5,4,1,1,0,0.010411560,0.003817658,0.000183576,0.020743939,0.020533156,274,965,2875,357,2096,29608,7,"[5, 6, 4, 0, 1, 7, 2, 3]",689c5bf799a9ef4ae6359e7a2dd06b2897a00d914a1267401fb6789508dd3dbc,job-grouping-sat-v1,a54742cc4785a1c57020713cb318b867bf332281940c4a836f44779c7cd99577,"[""Tabela1/L9-10.txt"",10,""job-grouping-sat"",""clique"",""free-initial-magazine-v1""]",cadical300,seqcounter,1200.0,"{""cardinality"":""seqcounter"",""configuration_version"":""job-grouping-sat-v1"",""objective_version"":""free-initial-magazine-v1"",""solver"":""cadical300"",""strength"":""clique"",""time_limit"":1200.0}"
Yanasse,Tabela1/L9-2.txt,2,job-grouping-sat,clique,free-initial-magazine-v1,OPTIMAL,8,8,20,15,5,8,5,5,4,2,2,0,0.022076438,0.010830629,0.000228962,0.048512220,0.048277596,274,965,2905,467,5120,54307,30,"[1, 2, 4, 5, 6, 3, 0, 7]",24398c94a08e55e5f77abe022850b51c959976b7ae147b8d21968b49684a6efb,job-grouping-sat-v1,a54742cc4785a1c57020713cb318b867bf332281940c4a836f44779c7cd99577,"[""Tabela1/L9-2.txt"",2,""job-grouping-sat"",""clique"",""free-initial-magazine-v1""]",cadical300,seqcounter,1200.0,"{""cardinality"":""seqcounter"",""configuration_version"":""job-grouping-sat-v1"",""objective_version"":""free-initial-magazine-v1"",""solver"":""cadical300"",""strength"":""clique"",""time_limit"":1200.0}"
Yanasse,Tabela1/L9-3.txt,3,job-grouping-sat,clique,free-initial-magazine-v1,OPTIMAL,8,8,20,15,5,5,5,5,5,0,0,0,0.000000000,0.000000000,0.000182593,0.000223799,0.000182593,0,0,0,0,0,0,0,"[5, 7, 3, 1, 6, 0, 4, 2]",0b2e1ad96f250f00a3dc4f7988881baa4bab2a8a1419db41babbc79a6b017b12,job-grouping-sat-v1,a54742cc4785a1c57020713cb318b867bf332281940c4a836f44779c7cd99577,"[""Tabela1/L9-3.txt"",3,""job-grouping-sat"",""clique"",""free-initial-magazine-v1""]",cadical300,seqcounter,1200.0,"{""cardinality"":""seqcounter"",""configuration_version"":""job-grouping-sat-v1"",""objective_version"":""free-initial-magazine-v1"",""solver"":""cadical300"",""strength"":""clique"",""time_limit"":1200.0}"
Yanasse,Tabela1/L9-4.txt,4,job-grouping-sat,clique,free-initial-magazine-v1,OPTIMAL,8,8,20,15,5,9,5,5,6,3,3,0,0.194729076,0.016791210,0.000231872,0.233631898,0.233416853,274,965,2893,11221,24293,870822,431,"[2, 4, 7, 1, 0, 3, 5, 6]",22fbaef752ff5ff82d0c28e837397bddcb450db1c931b6f39bfda40276a7ae4a,job-grouping-sat-v1,a54742cc4785a1c57020713cb318b867bf332281940c4a836f44779c7cd99577,"[""Tabela1/L9-4.txt"",4,""job-grouping-sat"",""clique"",""free-initial-magazine-v1""]",cadical300,seqcounter,1200.0,"{""cardinality"":""seqcounter"",""configuration_version"":""job-grouping-sat-v1"",""objective_version"":""free-initial-magazine-v1"",""solver"":""cadical300"",""strength"":""clique"",""time_limit"":1200.0}"
Yanasse,Tabela1/L9-5.txt,5,job-grouping-sat,clique,free-initial-magazine-v1,OPTIMAL,8,8,20,15,5,7,5,5,4,2,2,0,0.069128550,0.009182921,0.000222043,0.090609301,0.090404484,274,965,2929,3741,11691,395347,210,"[0, 7, 5, 1, 2, 3, 4, 6]",5c4db943e48429b354cbbf47c6bdb0bc68e77f17f668f225bffaa35991912b03,job-grouping-sat-v1,a54742cc4785a1c57020713cb318b867bf332281940c4a836f44779c7cd99577,"[""Tabela1/L9-5.txt"",5,""job-grouping-sat"",""clique"",""free-initial-magazine-v1""]",cadical300,seqcounter,1200.0,"{""cardinality"":""seqcounter"",""configuration_version"":""job-grouping-sat-v1"",""objective_version"":""free-initial-magazine-v1"",""solver"":""cadical300"",""strength"":""clique"",""time_limit"":1200.0}"
Yanasse,Tabela1/L9-6.txt,6,job-grouping-sat,clique,free-initial-magazine-v1,OPTIMAL,8,8,20,15,5,7,5,5,3,1,1,0,0.009566533,0.005427446,0.000200365,0.021274558,0.021048414,323,1257,3680,166,2152,17306,1,"[0, 3, 4, 5, 6, 2, 1, 7]",f2ec2021970b15d5e20da7a160bca849725984a5a9b99cabac780bdecf22d83c,job-grouping-sat-v1,a54742cc4785a1c57020713cb318b867bf332281940c4a836f44779c7cd99577,"[""Tabela1/L9-6.txt"",6,""job-grouping-sat"",""clique"",""free-initial-magazine-v1""]",cadical300,seqcounter,1200.0,"{""cardinality"":""seqcounter"",""configuration_version"":""job-grouping-sat-v1"",""objective_version"":""free-initial-magazine-v1"",""solver"":""cadical300"",""strength"":""clique"",""time_limit"":1200.0}"
Yanasse,Tabela1/L9-7.txt,7,job-grouping-sat,clique,free-initial-magazine-v1,OPTIMAL,8,8,20,15,5,9,5,5,4,2,2,0,0.090644390,0.012773953,0.000251699,0.118477359,0.118268387,274,965,2983,4864,13250,439716,209,"[4, 6, 3, 5, 0, 1, 2, 7]",b8161b73134638de12873954ba1af9fc07cb2cbd2f470126ce73e99f2bc44ae0,job-grouping-sat-v1,a54742cc4785a1c57020713cb318b867bf332281940c4a836f44779c7cd99577,"[""Tabela1/L9-7.txt"",7,""job-grouping-sat"",""clique"",""free-initial-magazine-v1""]",cadical300,seqcounter,1200.0,"{""cardinality"":""seqcounter"",""configuration_version"":""job-grouping-sat-v1"",""objective_version"":""free-initial-magazine-v1"",""solver"":""cadical300"",""strength"":""clique"",""time_limit"":1200.0}"
Yanasse,Tabela1/L9-8.txt,8,job-grouping-sat,clique,free-initial-magazine-v1,OPTIMAL,8,8,20,15,5,6,5,5,4,1,1,0,0.010723262,0.004701497,0.000192551,0.023010091,0.022800427,274,965,2845,284,2014,23222,6,"[1, 2, 4, 7, 5, 0, 6, 3]",4ebdc4637f0bae81e7da4abca058b5794db2e6c7efd1291d914fb2e6f9c0aafa,job-grouping-sat-v1,a54742cc4785a1c57020713cb318b867bf332281940c4a836f44779c7cd99577,"[""Tabela1/L9-8.txt"",8,""job-grouping-sat"",""clique"",""free-initial-magazine-v1""]",cadical300,seqcounter,1200.0,"{""cardinality"":""seqcounter"",""configuration_version"":""job-grouping-sat-v1"",""objective_version"":""free-initial-magazine-v1"",""solver"":""cadical300"",""strength"":""clique"",""time_limit"":1200.0}"
Yanasse,Tabela1/L9-9.txt,9,job-grouping-sat,clique,free-initial-magazine-v1,OPTIMAL,8,8,20,15,5,7,5,5,4,2,2,0,0.026837769,0.009849019,0.000218867,0.048729659,0.048553265,274,965,2881,1150,5993,110915,62,"[0, 1, 2, 3, 5, 4, 6, 7]",6cb20763fd368c0fc434cf3b8f9bc1d5fa874e0235bf12d82a80af8167517839,job-grouping-sat-v1,a54742cc4785a1c57020713cb318b867bf332281940c4a836f44779c7cd99577,"[""Tabela1/L9-9.txt"",9,""job-grouping-sat"",""clique"",""free-initial-magazine-v1""]",cadical300,seqcounter,1200.0,"{""cardinality"":""seqcounter"",""configuration_version"":""job-grouping-sat-v1"",""objective_version"":""free-initial-magazine-v1"",""solver"":""cadical300"",""strength"":""clique"",""time_limit"":1200.0}"
Yanasse,Tabela2/L1-1.txt,1,job-grouping-sat,clique,free-initial-magazine-v1,OPTIMAL,9,9,15,5,10,16,12,12,7,4,3,1,3.331081262,0.032629434,0.000298731,3.396818349,0.170213177,345,1883,5024,141820,224828,17053647,3509,"[5, 7, 4, 6, 3, 8, 0, 2, 1]",e7acd5896b8adeabde5f19e8ba6f2e6e209c0b1763eb2a2239c58ca9a5433d4f,job-grouping-sat-v1,a54742cc4785a1c57020713cb318b867bf332281940c4a836f44779c7cd99577,"[""Tabela2/L1-1.txt"",1,""job-grouping-sat"",""clique"",""free-initial-magazine-v1""]",cadical300,seqcounter,1200.0,"{""cardinality"":""seqcounter"",""configuration_version"":""job-grouping-sat-v1"",""objective_version"":""free-initial-magazine-v1"",""solver"":""cadical300"",""strength"":""clique"",""time_limit"":1200.0}"
Yanasse,Tabela2/L1-10.txt,10,job-grouping-sat,clique,free-initial-magazine-v1,OPTIMAL,9,9,15,5,10,18,12,12,8,3,2,1,2.179658310,0.020003292,0.000288053,2.222311139,0.681171196,345,1874,5051,97528,170406,13550277,3581,"[8, 5, 6, 4, 3, 1, 0, 2, 7]",4a303fb0fbe903edf02355c5fdfc87dd7e11bace73e166a3a83fefcca4b7654e,job-grouping-sat-v1,a54742cc4785a1c57020713cb318b867bf332281940c4a836f44779c7cd99577,"[""Tabela2/L1-10.txt"",10,""job-grouping-sat"",""clique"",""free-initial-magazine-v1""]",cadical300,seqcounter,1200.0,"{""cardinality"":""seqcounter"",""configuration_version"":""job-grouping-sat-v1"",""objective_version"":""free-initial-magazine-v1"",""solver"":""cadical300"",""strength"":""clique"",""time_limit"":1200.0}"
Yanasse,Tabela2/L1-2.txt,2,job-grouping-sat,clique,free-initial-magazine-v1,OPTIMAL,9,9,15,5,10,16,13,13,8,3,2,1,2.244589498,0.018795785,0.000299925,2.286397116,0.094836018,345,1971,5279,85941,145889,13456974,3196,"[1, 7, 0, 4, 2, 5, 8, 3, 6]",e762e2b39c267a4a284ccae0b2dbff03cb8a85c82d45b39885397d0cae7bde29,job-grouping-sat-v1,a54742cc4785a1c57020713cb318b867bf332281940c4a836f44779c7cd99577,"[""Tabela2/L1-2.txt"",2,""job-grouping-sat"",""clique"",""free-initial-magazine-v1""]",cadical300,seqcounter,1200.0,"{""cardinality"":""seqcounter"",""configuration_version"":""job-grouping-sat-v1"",""objective_version"":""free-initial-magazine-v1"",""solver"":""cadical300"",""strength"":""clique"",""time_limit"":1200.0}"
Yanasse,Tabela2/L1-3.txt,3,job-grouping-sat,clique,free-initial-magazine-v1,OPTIMAL,9,9,15,5,10,18,13,13,8,3,2,1,2.152500089,0.019609263,0.000301474,2.196422949,0.421427223,345,1962,5252,91674,154855,13562964,3301,"[3, 7, 6, 5, 8, 0, 1, 4, 2]",143f1b910e84fad88005c6b20e8d07507317d3dab5f2a651035908caecd46a20,job-grouping-sat-v1,a54742cc4785a1c57020713cb318b867bf332281940c4a836f44779c7cd99577,"[""Tabela2/L1-3.txt"",3,""job-grouping-sat"",""clique"",""free-initial-magazine-v1""]",cadical300,seqcounter,1200.0,"{""cardinality"":""seqcounter"",""configuration_version"":""job-grouping-sat-v1"",""objective_version"":""free-initial-magazine-v1"",""solver"":""cadical300"",""strength"":""clique"",""time_limit"":1200.0}"
Yanasse,Tabela2/L1-4.txt,4,job-grouping-sat,clique,free-initial-magazine-v1,OPTIMAL,9,9,15,5,10,18,13,13,8,5,4,1,2.794285955,0.035748749,0.000383942,2.868766787,0.135562904,345,1917,5108,117369,199080,14456602,3825,"[0, 3, 1, 2, 4, 6, 7, 8, 5]",42554e27fef05cdee3be779bc53caba52156d3e6f0868e05cf4465d39cc487bd,job-grouping-sat-v1,a54742cc4785a1c57020713cb318b867bf332281940c4a836f44779c7cd99577,"[""Tabela2/L1-4.txt"",4,""job-grouping-sat"",""clique"",""free-initial-magazine-v1""]",cadical300,seqcounter,1200.0,"{""cardinality"":""seqcounter"",""configuration_version"":""job-grouping-sat-v1"",""objective_version"":""free-initial-magazine-v1"",""solver"":""cadical300"",""strength"":""clique"",""time_limit"":1200.0}"
Yanasse,Tabela2/L1-5.txt,5,job-grouping-sat,clique,free-initial-magazine-v1,OPTIMAL,9,9,15,5,10,15,10,10,7,2,2,0,0.039494769,0.017243058,0.000353705,0.075982381,0.075676717,345,1703,4594,1770,5384,262865,23,"[3, 4, 1, 2, 5, 6, 7, 8, 0]",216b24e8a37603b18c1e4742e82ef1cb86d8f187d7e43faa6452e8793d6cef2e,job-grouping-sat-v1,a54742cc4785a1c57020713cb318b867bf332281940c4a836f44779c7cd99577,"[""Tabela2/L1-5.txt"",5,""job-grouping-sat"",""clique"",""free-initial-magazine-v1""]",cadical300,seqcounter,1200.0,"{""cardinality"":""seqcounter"",""configuration_version"":""job-grouping-sat-v1"",""objective_version"":""free-initial-magazine-v1"",""solver"":""cadical300"",""strength"":""clique"",""time_limit"":1200.0}"
Yanasse,Tabela2/L1-6.txt,6,job-grouping-sat,clique,free-initial-magazine-v1,OPTIMAL,9,9,15,5,10,19,14,14,8,3,2,1,5.356679131,0.034032175,0.000399873,5.425280768,1.453244232,345,2066,5467,199339,313965,33270443,6978,"[6, 4, 7, 5, 3, 0, 1, 8, 2]",cf4ac8dc63da14d11b58c9412eb5a67e3a78a1a25f682bf9c005c420be00814c,job-grouping-sat-v1,a54742cc4785a1c57020713cb318b867bf332281940c4a836f44779c7cd99577,"[""Tabela2/L1-6.txt"",6,""job-grouping-sat"",""clique"",""free-initial-magazine-v1""]",cadical300,seqcounter,1200.0,"{""cardinality"":""seqcounter"",""configuration_version"":""job-grouping-sat-v1"",""objective_version"":""free-initial-magazine-v1"",""solver"":""cadical300"",""strength"":""clique"",""time_limit"":1200.0}"
Yanasse,Tabela2/L1-7.txt,7,job-grouping-sat,clique,free-initial-magazine-v1,OPTIMAL,9,9,15,5,10,17,12,12,7,4,3,1,3.095160989,0.026136324,0.000330286,3.151894118,0.319443719,345,1847,4970,134867,220491,17503412,4253,"[1, 3, 4, 6, 8, 0, 7, 2, 5]",31a04e8036bd177b68229d850ecde5c3d6f83c2880cad23a9cdff65bb73d4e00,job-grouping-sat-v1,a54742cc4785a1c57020713cb318b867bf332281940c4a836f44779c7cd99577,"[""Tabela2/L1-7.txt"",7,""job-grouping-sat"",""clique"",""free-initial-magazine-v1""]",cadical300,seqcounter,1200.0,"{""cardinality"":""seqcounter"",""configuration_version"":""job-grouping-sat-v1"",""objective_version"":""free-initial-magazine-v1"",""solver"":""cadical300"",""strength"":""clique"",""time_limit"":1200.0}"
Yanasse,Tabela2/L1-8.txt,8,job-grouping-sat,clique,free-initial-magazine-v1,OPTIMAL,9,9,15,5,10,13,12,12,6,2,1,1,4.657518016,0.012914690,0.000224514,4.685615740,0.235752253,345,1865,5006,181083,278907,24293247,5173,"[3, 5, 7, 4, 1, 2, 6, 8, 0]",4830a70e8c5a1afdad3baf74d3c765bc0ad924c848844ab5854c65a5c0d8621e,job-grouping-sat-v1,a54742cc4785a1c57020713cb318b867bf332281940c4a836f44779c7cd99577,"[""Tabela2/L1-8.txt"",8,""job-grouping-sat"",""clique"",""free-initial-magazine-v1""]",cadical300,seqcounter,1200.0,"{""cardinality"":""seqcounter"",""configuration_version"":""job-grouping-sat-v1"",""objective_version"":""free-initial-magazine-v1"",""solver"":""cadical300"",""strength"":""clique"",""time_limit"":1200.0}"
Yanasse,Tabela2/L1-9.txt,9,job-grouping-sat,clique,free-initial-magazine-v1,OPTIMAL,9,9,15,5,10,19,11,11,7,3,2,1,1.878138188,0.020710773,0.000286554,1.922775957,1.030994648,345,1757,4792,90091,159119,11843813,3461,"[8, 6, 2, 4, 1, 0, 7, 3, 5]",ab14475c5c3ed3e95b695d5a5a0dded3b312a041c49362e1e45d321c15924116,job-grouping-sat-v1,a54742cc4785a1c57020713cb318b867bf332281940c4a836f44779c7cd99577,"[""Tabela2/L1-9.txt"",9,""job-grouping-sat"",""clique"",""free-initial-magazine-v1""]",cadical300,seqcounter,1200.0,"{""cardinality"":""seqcounter"",""configuration_version"":""job-grouping-sat-v1"",""objective_version"":""free-initial-magazine-v1"",""solver"":""cadical300"",""strength"":""clique"",""time_limit"":1200.0}"
Yanasse,Tabela2/L10-1.txt,1,job-grouping-sat,clique,free-initial-magazine-v1,OPTIMAL,9,9,20,15,5,15,10,10,9,4,3,1,8.786397624,0.039856321,0.000390570,8.860750629,5.118619605,430,2241,6336,343708,624890,41645661,11271,"[1, 7, 2, 8, 6, 5, 3, 0, 4]",62183eaa8b3cf3cfdef14aa97b1efcb2f4eec5f837a2fb8dda31d68e0d0b9c54,job-grouping-sat-v1,a54742cc4785a1c57020713cb318b867bf332281940c4a836f44779c7cd99577,"[""Tabela2/L10-1.txt"",1,""job-grouping-sat"",""clique"",""free-initial-magazine-v1""]",cadical300,seqcounter,1200.0,"{""cardinality"":""seqcounter"",""configuration_version"":""job-grouping-sat-v1"",""objective_version"":""free-initial-magazine-v1"",""solver"":""cadical300"",""strength"":""clique"",""time_limit"":1200.0}"
Yanasse,Tabela2/L10-10.txt,10,job-grouping-sat,clique,free-initial-magazine-v1,OPTIMAL,9,9,20,15,5,7,5,5,3,1,1,0,0.010280989,0.005874595,0.000210319,0.024333480,0.024073293,330,1263,3698,60,2032,11518,1,"[1, 2, 8, 0, 4, 5, 6, 3, 7]",f01d92894cb1193377a8f82820f8e619747dcd79a729ae43591775a35897a2dc,job-grouping-sat-v1,a54742cc4785a1c57020713cb318b867bf332281940c4a836f44779c7cd99577,"[""Tabela2/L10-10.txt"",10,""job-grouping-sat"",""clique"",""free-initial-magazine-v1""]",cadical300,seqcounter,1200.0,"{""cardinality"":""seqcounter"",""configuration_version"":""job-grouping-sat-v1"",""objective_version"":""free-initial-magazine-v1"",""solver"":""cadical300"",""strength"":""clique"",""time_limit"":1200.0}"
Yanasse,Tabela2/L10-2.txt,2,job-grouping-sat,clique,free-initial-magazine-v1,OPTIMAL,9,9,20,15,5,17,10,10,8,4,3,1,5.619435465,0.034304812,0.000405913,5.691903009,2.535405024,430,2232,6471,230971,399543,28216550,6701,"[0, 6, 1, 5, 7, 2, 4, 8, 3]",ac858aae2f728071d8dd3ae716af4f6e89926594ac9cd1f1397706583c6f8cc5,job-grouping-sat-v1,a54742cc4785a1c57020713cb318b867bf332281940c4a836f44779c7cd99577,"[""Tabela2/L10-2.txt"",2,""job-grouping-sat"",""clique"",""free-initial-magazine-v1""]",cadical300,seqcounter,1200.0,"{""cardinality"":""seqcounter"",""configuration_version"":""job-grouping-sat-v1"",""objective_version"":""free-initial-magazine-v1"",""solver"":""cadical300"",""strength"":""clique"",""time_limit"":1200.0}"
Yanasse,Tabela2/L10-3.txt,3,job-grouping-sat,clique,free-initial-magazine-v1,OPTIMAL,9,9,20,15,5,7,5,5,5,2,2,0,0.147506522,0.010488362,0.000234444,0.171239873,0.171013252,280,970,2980,8933,17904,754558,176,"[2, 3, 6, 4, 7, 8, 0, 1, 5]",6550c3e1c218fa72c6bd9bfe4c6211ac3d47597ddb78512065e98c470d7819db,job-grouping-sat-v1,a54742cc4785a1c57020713cb318b867bf332281940c4a836f44779c7cd99577,"[""Tabela2/L10-3.txt"",3,""job-grouping-sat"",""clique"",""free-initial-magazine-v1""]",cadical300,seqcounter,1200.0,"{""cardinality"":""seqcounter"",""configuration_version"":""job-grouping-sat-v1"",""objective_version"":""free-initial-magazine-v1"",""solver"":""cadical300"",""strength"":""clique"",""time_limit"":1200.0}"
Yanasse,Tabela2/L10-4.txt,4,job-grouping-sat,clique,free-initial-magazine-v1,OPTIMAL,9,9,20,15,5,12,8,8,7,4,3,1,2.346454615,0.033460058,0.000371854,2.414501102,0.970777591,380,1674,4988,109785,194065,11734270,3171,"[1, 3, 6, 2, 8, 5, 4, 0, 7]",721bd45a18ac50efe27b7a69e7a9f8025c26f7734e48054338d758efb849997f,job-grouping-sat-v1,a54742cc4785a1c57020713cb318b867bf332281940c4a836f44779c7cd99577,"[""Tabela2/L10-4.txt"",4,""job-grouping-sat"",""clique"",""free-initial-magazine-v1""]",cadical300,seqcounter,1200.0,"{""cardinality"":""seqcounter"",""configuration_version"":""job-grouping-sat-v1"",""objective_version"":""free-initial-magazine-v1"",""solver"":""cadical300"",""strength"":""clique"",""time_limit"":1200.0}"
Yanasse,Tabela2/L10-5.txt,5,job-grouping-sat,clique,free-initial-magazine-v1,OPTIMAL,9,9,20,15,5,17,11,11,8,4,3,1,4.378854731,0.042256008,0.000397734,4.459077894,0.865902205,430,2382,6742,165424,279658,24468572,4167,"[8, 2, 0, 6, 7, 3, 1, 4, 5]",91e25c3121c2cea6861aa713c436d597b35faa35602420259b9a5347f6589385,job-grouping-sat-v1,a54742cc4785a1c57020713cb318b867bf332281940c4a836f44779c7cd99577,"[""Tabela2/L10-5.txt"",5,""job-grouping-sat"",""clique"",""free-initial-magazine-v1""]",cadical300,seqcounter,1200.0,"{""cardinality"":""seqcounter"",""configuration_version"":""job-grouping-sat-v1"",""objective_version"":""free-initial-magazine-v1"",""solver"":""cadical300"",""strength"":""clique"",""time_limit"":1200.0}"
Yanasse,Tabela2/L10-6.txt,6,job-grouping-sat,clique,free-initial-magazine-v1,OPTIMAL,9,9,20,15,5,15,11,11,7,4,3,1,4.062213276,0.049659090,0.000460588,4.167878692,1.445043162,430,2409,6751,144320,236570,22621049,3488,"[2, 5, 6, 1, 7, 0, 3, 8, 4]",937bebfe6c655020e731bf87bc8f75066d91cc16be8f0ec611d372dcb97876a8,job-grouping-sat-v1,a54742cc4785a1c57020713cb318b867bf332281940c4a836f44779c7cd99577,"[""Tabela2/L10-6.txt"",6,""job-grouping-sat"",""clique"",""free-initial-magazine-v1""]",cadical300,seqcounter,1200.0,"{""cardinality"":""seqcounter"",""configuration_version"":""job-grouping-sat-v1"",""objective_version"":""free-initial-magazine-v1"",""solver"":""cadical300"",""strength"":""clique"",""time_limit"":1200.0}"
Yanasse,Tabela2/L10-7.txt,7,job-grouping-sat,clique,free-initial-magazine-v1,OPTIMAL,9,9,20,15,5,16,13,13,9,4,3,1,8.156915220,0.041327681,0.000493558,8.240694222,2.262327250,430,2676,7362,277214,472323,46485094,8010,"[2, 7, 1, 0, 8, 6, 5, 3, 4]",f22108ac658f9b42fa1d7b2f114aa7a550dc625e31a7c7784a2546837dfbd77c,job-grouping-sat-v1,a54742cc4785a1c57020713cb318b867bf332281940c4a836f44779c7cd99577,"[""Tabela2/L10-7.txt"",7,""job-grouping-sat"",""clique"",""free-initial-magazine-v1""]",cadical300,seqcounter,1200.0,"{""cardinality"":""seqcounter"",""configuration_version"":""job-grouping-sat-v1"",""objective_version"":""free-initial-magazine-v1"",""solver"":""cadical300"",""strength"":""clique"",""time_limit"":1200.0}"
Yanasse,Tabela2/L10-8.txt,8,job-grouping-sat,clique,free-initial-magazine-v1,OPTIMAL,9,9,20,15,5,14,7,7,6,5,4,1,1.209266177,0.043642834,0.000417755,1.294208226,0.791606274,330,1340,4139,62704,120311,6763957,1811,"[8, 1, 0, 5, 4, 7, 6, 2, 3]",4bdcdae772bce123dc2a9fc452c827e28d97da444c823c11eb54127566f322ee,job-grouping-sat-v1,a54742cc4785a1c57020713cb318b867bf332281940c4a836f44779c7cd99577,"[""Tabela2/L10-8.txt"",8,""job-grouping-sat"",""clique"",""free-initial-magazine-v1""]",cadical300,seqcounter,1200.0,"{""cardinality"":""seqcounter"",""configuration_version"":""job-grouping-sat-v1"",""objective_version"":""free-initial-magazine-v1"",""solver"":""cadical300"",""strength"":""clique"",""time_limit"":1200.0}"
Yanasse,Tabela2/L10-9.txt,9,job-grouping-sat,clique,free-initial-magazine-v1,OPTIMAL,9,9,20,15,5,13,9,9,5,4,3,1,1.612321450,0.036253862,0.000375711,1.684326486,0.643318514,430,2098,6097,75945,146131,9380038,2384,"[1, 8, 3, 4, 5, 7, 2, 6, 0]",1729d262e8b9cbb5876547099af7767ab831e30a1752c8868d1e50d1755f5ea5,job-grouping-sat-v1,a54742cc4785a1c57020713cb318b867bf332281940c4a836f44779c7cd99577,"[""Tabela2/L10-9.txt"",9,""job-grouping-sat"",""clique"",""free-initial-magazine-v1""]",cadical300,seqcounter,1200.0,"{""cardinality"":""seqcounter"",""configuration_version"":""job-grouping-sat-v1"",""objective_version"":""free-initial-magazine-v1"",""solver"":""cadical300"",""strength"":""clique"",""time_limit"":1200.0}"
Yanasse,Tabela2/L11-1.txt,1,job-grouping-sat,clique,free-initial-magazine-v1,OPTIMAL,9,9,20,15,5,19,13,13,9,7,6,1,10.562042288,0.067347909,0.000570413,10.699365964,7.297749045,430,2685,7479,352933,586667,64358018,9582,"[2, 3, 4, 7, 8, 5, 0, 1, 6]",323f5d10d94d993fef4493fb43131775c2a1aefd2520ed5fbecc4250774ca59b,job-grouping-sat-v1,a54742cc4785a1c57020713cb318b867bf332281940c4a836f44779c7cd99577,"[""Tabela2/L11-1.txt"",1,""job-grouping-sat"",""clique"",""free-initial-magazine-v1""]",cadical300,seqcounter,1200.0,"{""cardinality"":""seqcounter"",""configuration_version"":""job-grouping-sat-v1"",""objective_version"":""free-initial-magazine-v1"",""solver"":""cadical300"",""strength"":""clique"",""time_limit"":1200.0}"
Yanasse,Tabela2/L11-10.txt,10,job-grouping-sat,clique,free-initial-magazine-v1,OPTIMAL,9,9,20,15,5,19,13,13,8,6,5,1,5.675346380,0.067913032,0.000593751,5.810484389,2.983942836,430,2685,7488,221322,378236,32891306,6523,"[2, 3, 6, 7, 0, 4, 1, 8, 5]",2156b8c14479375433b9e49959f9ef14e624ad5cc0abf1732a7409c68a19bfe8,job-grouping-sat-v1,a54742cc4785a1c57020713cb318b867bf332281940c4a836f44779c7cd99577,"[""Tabela2/L11-10.txt"",10,""job-grouping-sat"",""clique"",""free-initial-magazine-v1""]",cadical300,seqcounter,1200.0,"{""cardinality"":""seqcounter"",""configuration_version"":""job-grouping-sat-v1"",""objective_version"":""free-initial-magazine-v1"",""solver"":""cadical300"",""strength"":""clique"",""time_limit"":1200.0}"
Yanasse,Tabela2/L11-2.txt,2,job-grouping-sat,clique,free-initial-magazine-v1,OPTIMAL,9,9,20,15,5,21,14,14,9,5,4,1,5.231828757,0.052446940,0.000478586,5.335547422,2.220528929,430,2802,7738,167845,281211,33779645,4652,"[1, 7, 4, 2, 8, 6, 3, 5, 0]",96ece165d9043e99e9988f18036664aa87db10c3fd20fbbdcb59a538eb757927,job-grouping-sat-v1,a54742cc4785a1c57020713cb318b867bf332281940c4a836f44779c7cd99577,"[""Tabela2/L11-2.txt"",2,""job-grouping-sat"",""clique"",""free-initial-magazine-v1""]",cadical300,seqcounter,1200.0,"{""cardinality"":""seqcounter"",""configuration_version"":""job-grouping-sat-v1"",""objective_version"":""free-initial-magazine-v1"",""solver"":""cadical300"",""strength"":""clique"",""time_limit"":1200.0}"
Yanasse,Tabela2/L11-3.txt,3,job-grouping-sat,clique,free-initial-magazine-v1,OPTIMAL,9,9,20,15,5,21,13,13,6,6,5,1,3.606943146,0.068996346,0.000543296,3.746289667,0.638042566,430,2703,7533,119125,234887,21457525,4607,"[0, 5, 7, 2, 4, 8, 1, 3, 6]",53123c6e9484669a8627f240aabd53be0fc79ffb86ccc734c707d5cd1ab67266,job-grouping-sat-v1,a54742cc4785a1c57020713cb318b867bf332281940c4a836f44779c7cd99577,"[""Tabela2/L11-3.txt"",3,""job-grouping-sat"",""clique"",""free-initial-magazine-v1""]",cadical300,seqcounter,1200.0,"{""cardinality"":""seqcounter"",""configuration_version"":""job-grouping-sat-v1"",""objective_version"":""free-initial-magazine-v1"",""solver"":""cadical300"",""strength"":""clique"",""time_limit"":1200.0}"
Yanasse,Tabela2/L11-4.txt,4,job-grouping-sat,clique,free-initial-magazine-v1,OPTIMAL,9,9,20,15,5,21,14,14,7,5,4,1,5.100535928,0.053995726,0.000460973,5.206416869,0.490223794,430,2784,7630,170409,296184,31783501,5041,"[5, 0, 2, 6, 1, 7, 4, 8, 3]",fed61ee4731f374d4681b5a7b629bdfb7d7c343628a0f4a094dea14e1dbd1381,job-grouping-sat-v1,a54742cc4785a1c57020713cb318b867bf332281940c4a836f44779c7cd99577,"[""Tabela2/L11-4.txt"",4,""job-grouping-sat"",""clique"",""free-initial-magazine-v1""]",cadical300,seqcounter,1200.0,"{""cardinality"":""seqcounter"",""configuration_version"":""job-grouping-sat-v1"",""objective_version"":""free-initial-magazine-v1"",""solver"":""cadical300"",""strength"":""clique"",""time_limit"":1200.0}"
Yanasse,Tabela2/L11-5.txt,5,job-grouping-sat,clique,free-initial-magazine-v1,OPTIMAL,9,9,20,15,5,13,9,9,7,4,3,1,3.444292129,0.037789354,0.000380151,3.521447746,1.903631012,430,2143,6367,148674,249543,19138157,4044,"[3, 4, 1, 8, 6, 0, 5, 7, 2]",819d502b029a3d1c759866ace1e3002ef7f20db449a357a11b826903fd23587f,job-grouping-sat-v1,a54742cc4785a1c57020713cb318b867bf332281940c4a836f44779c7cd99577,"[""Tabela2/L11-5.txt"",5,""job-grouping-sat"",""clique"",""free-initial-magazine-v1""]",cadical300,seqcounter,1200.0,"{""cardinality"":""seqcounter"",""configuration_version"":""job-grouping-sat-v1"",""objective_version"":""free-initial-magazine-v1"",""solver"":""cadical300"",""strength"":""clique"",""time_limit"":1200.0}"
Yanasse,Tabela2/L11-6.txt,6,job-grouping-sat,clique,free-initial-magazine-v1,OPTIMAL,9,9,20,15,5,19,13,13,9,7,6,1,7.612437915,0.074000122,0.000594761,7.759678790,1.855610781,430,2640,7308,282302,517747,36998515,9009,"[5, 2, 4, 0, 1, 7, 3, 6, 8]",c21251b7b30691be3212e4a5c43002cfdef4ac47c6123849f5f2ba32ff3cfac4,job-grouping-sat-v1,a54742cc4785a1c57020713cb318b867bf332281940c4a836f44779c7cd99577,"[""Tabela2/L11-6.txt"",6,""job-grouping-sat"",""clique"",""free-initial-magazine-v1""]",cadical300,seqcounter,1200.0,"{""cardinality"":""seqcounter"",""configuration_version"":""job-grouping-sat-v1"",""objective_version"":""free-initial-magazine-v1"",""solver"":""cadical300"",""strength"":""clique"",""time_limit"":1200.0}"
Yanasse,Tabela2/L11-7.txt,7,job-grouping-sat,clique,free-initial-magazine-v1,OPTIMAL,9,9,20,15,5,24,15,15,8,6,5,1,3.777000137,0.058922197,0.000490160,3.897106431,1.111731175,430,2917,7957,144564,304409,22017734,5792,"[6, 0, 7, 2, 4, 3, 8, 5, 1]",d1ab7cd25d89007e01231921e55c784cccfe912164e1483c611d505906bc0add,job-grouping-sat-v1,a54742cc4785a1c57020713cb318b867bf332281940c4a836f44779c7cd99577,"[""Tabela2/L11-7.txt"",7,""job-grouping-sat"",""clique"",""free-initial-magazine-v1""]",cadical300,seqcounter,1200.0,"{""cardinality"":""seqcounter"",""configuration_version"":""job-grouping-sat-v1"",""objective_version"":""free-initial-magazine-v1"",""solver"":""cadical300"",""strength"":""clique"",""time_limit"":1200.0}"
Yanasse,Tabela2/L11-8.txt,8,job-grouping-sat,clique,free-initial-magazine-v1,OPTIMAL,9,9,20,15,5,24,14,14,9,5,4,1,7.737503162,0.051581158,0.000485080,7.842620621,3.504827497,430,2811,7729,233917,411654,52380715,7783,"[6, 2, 7, 3, 4, 5, 8, 0, 1]",dbf859178a242bcca1d9da22cb8ffcf03e6109e41529a24fbd117b19044289a7,job-grouping-sat-v1,a54742cc4785a1c57020713cb318b867bf332281940c4a836f44779c7cd99577,"[""Tabela2/L11-8.txt"",8,""job-grouping-sat"",""clique"",""free-initial-magazine-v1""]",cadical300,seqcounter,1200.0,"{""cardinality"":""seqcounter"",""configuration_version"":""job-grouping-sat-v1"",""objective_version"":""free-initial-magazine-v1"",""solver"":""cadical300"",""strength"":""clique"",""time_limit"":1200.0}"
Yanasse,Tabela2/L11-9.txt,9,job-grouping-sat,clique,free-initial-magazine-v1,OPTIMAL,9,9,20,15,5,17,13,13,8,3,2,1,4.440494369,0.027566513,0.000321707,4.498162250,1.655450588,430,2667,7452,154034,261317,25855351,4134,"[1, 7, 2, 5, 6, 0, 8, 4, 3]",42b4ae8d1823e5dbc5257bf34edf753ec448698bb4e6f09ba922eed6dcbccd7d,job-grouping-sat-v1,a54742cc4785a1c57020713cb318b867bf332281940c4a836f44779c7cd99577,"[""Tabela2/L11-9.txt"",9,""job-grouping-sat"",""clique"",""free-initial-magazine-v1""]",cadical300,seqcounter,1200.0,"{""cardinality"":""seqcounter"",""configuration_version"":""job-grouping-sat-v1"",""objective_version"":""free-initial-magazine-v1"",""solver"":""cadical300"",""strength"":""clique"",""time_limit"":1200.0}"
Yanasse,Tabela2/L12-1.txt,1,job-grouping-sat,clique,free-initial-magazine-v1,OPTIMAL,9,9,25,10,15,27,18,18,9,5,4,1,64.339009150,0.072983477,0.000493627,64.483597182,15.973390859,515,4677,11307,2027787,3606361,301235514,66915,"[6, 2, 0, 4, 3, 5, 7, 8, 1]",4806f3b59778209adc9f490059096f47b5bf64b7bd550983126663cba7d955ba,job-grouping-sat-v1,a54742cc4785a1c57020713cb318b867bf332281940c4a836f44779c7cd99577,"[""Tabela2/L12-1.txt"",1,""job-grouping-sat"",""clique"",""free-initial-magazine-v1""]",cadical300,seqcounter,1200.0,"{""cardinality"":""seqcounter"",""configuration_version"":""job-grouping-sat-v1"",""objective_version"":""free-initial-magazine-v1"",""solver"":""cadical300"",""strength"":""clique"",""time_limit"":1200.0}"
Yanasse,Tabela2/L12-10.txt,10,job-grouping-sat,clique,free-initial-magazine-v1,OPTIMAL,9,9,25,10,15,24,17,17,8,3,2,1,37.523983361,0.041314186,0.000312993,37.609090604,2.098647696,515,4501,10858,1135525,1914762,209381435,34498,"[4, 6, 7, 1, 3, 8, 2, 5, 0]",b06ee5df77b323a0a41d10ae6b39b25e3a56e60b482f60876f7cc42283524880,job-grouping-sat-v1,a54742cc4785a1c57020713cb318b867bf332281940c4a836f44779c7cd99577,"[""Tabela2/L12-10.txt"",10,""job-grouping-sat"",""clique"",""free-initial-magazine-v1""]",cadical300,seqcounter,1200.0,"{""cardinality"":""seqcounter"",""configuration_version"":""job-grouping-sat-v1"",""objective_version"":""free-initial-magazine-v1"",""solver"":""cadical300"",""strength"":""clique"",""time_limit"":1200.0}"
Yanasse,Tabela2/L12-2.txt,2,job-grouping-sat,clique,free-initial-magazine-v1,OPTIMAL,9,9,25,10,15,23,18,18,6,3,2,1,66.115028231,0.051194243,0.000343488,66.210616314,0.115406090,515,4677,11298,1901577,3164067,262001238,57202,"[1, 6, 0, 5, 4, 3, 7, 8, 2]",6a8a4269050c0339c053748b66d643b3049858cb024e73b79e0f866c33c71cf9,job-grouping-sat-v1,a54742cc4785a1c57020713cb318b867bf332281940c4a836f44779c7cd99577,"[""Tabela2/L12-2.txt"",2,""job-grouping-sat"",""clique"",""free-initial-magazine-v1""]",cadical300,seqcounter,1200.0,"{""cardinality"":""seqcounter"",""configuration_version"":""job-grouping-sat-v1"",""objective_version"":""free-initial-magazine-v1"",""solver"":""cadical300"",""strength"":""clique"",""time_limit"":1200.0}"
Yanasse,Tabela2/L12-3.txt,3,job-grouping-sat,clique,free-initial-magazine-v1,OPTIMAL,9,9,25,10,15,29,20,20,8,5,4,1,43.775132086,0.075701299,0.000432964,43.923610142,10.682620450,515,5005,11968,1159267,2180690,288794217,39452,"[2, 0, 3, 4, 8, 1, 6, 7, 5]",43cc6d644cc1f9dbe06708414a989ed3319566419155fb0c29d23aa0e8cc4b98,job-grouping-sat-v1,a54742cc4785a1c57020713cb318b867bf332281940c4a836f44779c7cd99577,"[""Tabela2/L12-3.txt"",3,""job-grouping-sat"",""clique"",""free-initial-magazine-v1""]",cadical300,seqcounter,1200.0,"{""cardinality"":""seqcounter"",""configuration_version"":""job-grouping-sat-v1"",""objective_version"":""free-initial-magazine-v1"",""solver"":""cadical300"",""strength"":""clique"",""time_limit"":1200.0}"
Yanasse,Tabela2/L12-4.txt,4,job-grouping-sat,clique,free-initial-magazine-v1,OPTIMAL,9,9,25,10,15,36,24,24,9,7,6,1,35.687523014,0.111564286,0.000819208,35.912741051,8.073315478,515,5646,13314,781190,1507530,279955473,29397,"[3, 5, 6, 7, 1, 0, 4, 2, 8]",0b89ed7cde6a3d61ad5c3c361c77c5bb9c2fbe08ace50236e40213ae51edfc32,job-grouping-sat-v1,a54742cc4785a1c57020713cb318b867bf332281940c4a836f44779c7cd99577,"[""Tabela2/L12-4.txt"",4,""job-grouping-sat"",""clique"",""free-initial-magazine-v1""]",cadical300,seqcounter,1200.0,"{""cardinality"":""seqcounter"",""configuration_version"":""job-grouping-sat-v1"",""objective_version"":""free-initial-magazine-v1"",""solver"":""cadical300"",""strength"":""clique"",""time_limit"":1200.0}"
Yanasse,Tabela2/L12-5.txt,5,job-grouping-sat,clique,free-initial-magazine-v1,OPTIMAL,9,9,25,10,15,28,18,18,9,4,3,1,37.684041356,0.055215232,0.000374609,37.795237042,2.450579952,515,4686,11298,1103363,1843256,191785844,31426,"[2, 8, 4, 0, 1, 3, 5, 7, 6]",f360bf33a4d8a41a3c70deefcd7f167b6f8a59e5c38b8b34c4c10bc8fd7af0cf,job-grouping-sat-v1,a54742cc4785a1c57020713cb318b867bf332281940c4a836f44779c7cd99577,"[""Tabela2/L12-5.txt"",5,""job-grouping-sat"",""clique"",""free-initial-magazine-v1""]",cadical300,seqcounter,1200.0,"{""cardinality"":""seqcounter"",""configuration_version"":""job-grouping-sat-v1"",""objective_version"":""free-initial-magazine-v1"",""solver"":""cadical300"",""strength"":""clique"",""time_limit"":1200.0}"
Yanasse,Tabela2/L12-6.txt,6,job-grouping-sat,clique,free-initial-magazine-v1,OPTIMAL,9,9,25,10,15,27,21,21,8,5,4,1,60.012983758,0.080988566,0.000575122,60.172205052,29.085370028,515,5175,12333,1638165,3041659,391376724,58993,"[6, 1, 4, 8, 3, 5, 7, 2, 0]",3c9185e5cbc4f0517af4d8cde41c1660908dbe7bfa7666a0eed2646eecb0a93c,job-grouping-sat-v1,a54742cc4785a1c57020713cb318b867bf332281940c4a836f44779c7cd99577,"[""Tabela2/L12-6.txt"",6,""job-grouping-sat"",""clique"",""free-initial-magazine-v1""]",cadical300,seqcounter,1200.0,"{""cardinality"":""seqcounter"",""configuration_version"":""job-grouping-sat-v1"",""objective_version"":""free-initial-magazine-v1"",""solver"":""cadical300"",""strength"":""clique"",""time_limit"":1200.0}"
Yanasse,Tabela2/L12-7.txt,7,job-grouping-sat,clique,free-initial-magazine-v1,OPTIMAL,9,9,25,10,15,21,15,15,8,3,3,0,0.354744234,0.039580230,0.000382547,0.433668946,0.433052015,515,4429,10633,12003,37884,2153000,95,"[7, 8, 5, 3, 1, 6, 2, 4, 0]",f51c00fc33783a295c16d10b2c9c3de3189e04a5c6e736aa50699a4293df03b3,job-grouping-sat-v1,a54742cc4785a1c57020713cb318b867bf332281940c4a836f44779c7cd99577,"[""Tabela2/L12-7.txt"",7,""job-grouping-sat"",""clique"",""free-initial-magazine-v1""]",cadical300,seqcounter,1200.0,"{""cardinality"":""seqcounter"",""configuration_version"":""job-grouping-sat-v1"",""objective_version"":""free-initial-magazine-v1"",""solver"":""cadical300"",""strength"":""clique"",""time_limit"":1200.0}"
Yanasse,Tabela2/L12-8.txt,8,job-grouping-sat,clique,free-initial-magazine-v1,OPTIMAL,9,9,25,10,15,28,22,22,8,6,5,1,30.359015624,0.087345602,0.000460146,30.531901567,8.228846125,515,5298,12541,696368,1351173,238711034,25985,"[1, 7, 4, 3, 5, 8, 2, 6, 0]",94b73c44f8213880348b3f881c043fcf8d12b8f5eadd6a0bffef7e04f62fc8c3,job-grouping-sat-v1,a54742cc4785a1c57020713cb318b867bf332281940c4a836f44779c7cd99577,"[""Tabela2/L12-8.txt"",8,""job-grouping-sat"",""clique"",""free-initial-magazine-v1""]",cadical300,seqcounter,1200.0,"{""cardinality"":""seqcounter"",""configuration_version"":""job-grouping-sat-v1"",""objective_version"":""free-initial-magazine-v1"",""solver"":""cadical300"",""strength"":""clique"",""time_limit"":1200.0}"
Yanasse,Tabela2/L12-9.txt,9,job-grouping-sat,clique,free-initial-magazine-v1,OPTIMAL,9,9,25,10,15,25,17,17,9,4,3,1,77.008093910,0.059816602,0.000350975,77.123737906,7.760196309,515,4483,10840,2202618,3739921,355169638,67842,"[4, 0, 8, 2, 6, 5, 7, 1, 3]",cab8a475184365790cd4cc536b6f092b2e880f4c10c96d8395d9b89a2eb8f3e5,job-grouping-sat-v1,a54742cc4785a1c57020713cb318b867bf332281940c4a836f44779c7cd99577,"[""Tabela2/L12-9.txt"",9,""job-grouping-sat"",""clique"",""free-initial-magazine-v1""]",cadical300,seqcounter,1200.0,"{""cardinality"":""seqcounter"",""configuration_version"":""job-grouping-sat-v1"",""objective_version"":""free-initial-magazine-v1"",""solver"":""cadical300"",""strength"":""clique"",""time_limit"":1200.0}"
Yanasse,Tabela2/L13-1.txt,1,job-grouping-sat,clique,free-initial-magazine-v1,OPTIMAL,9,9,25,10,15,36,23,23,9,5,4,1,31.003548042,0.075547629,0.000485403,31.156439488,15.239457838,515,5464,12961,799307,1527379,208881242,28169,"[8, 6, 5, 0, 4, 2, 3, 1, 7]",fd6709a7d902323fd22b8d59551a0bf186cb606ae4ae3c5712747cd25e8f89a9,job-grouping-sat-v1,a54742cc4785a1c57020713cb318b867bf332281940c4a836f44779c7cd99577,"[""Tabela2/L13-1.txt"",1,""job-grouping-sat"",""clique"",""free-initial-magazine-v1""]",cadical300,seqcounter,1200.0,"{""cardinality"":""seqcounter"",""configuration_version"":""job-grouping-sat-v1"",""objective_version"":""free-initial-magazine-v1"",""solver"":""cadical300"",""strength"":""clique"",""time_limit"":1200.0}"
Yanasse,Tabela2/L13-10.txt,10,job-grouping-sat,clique,free-initial-magazine-v1,OPTIMAL,9,9,25,10,15,32,19,19,9,7,6,1,29.004257967,0.110357094,0.000751501,29.218292793,3.996188814,515,4869,11752,861565,1518056,178619457,24151,"[2, 4, 8, 0, 7, 1, 3, 6, 5]",098b5a9da880e70695a9f31763d8242564783c648fa241246acbe6943c7aa7cd,job-grouping-sat-v1,a54742cc4785a1c57020713cb318b867bf332281940c4a836f44779c7cd99577,"[""Tabela2/L13-10.txt"",10,""job-grouping-sat"",""clique"",""free-initial-magazine-v1""]",cadical300,seqcounter,1200.0,"{""cardinality"":""seqcounter"",""configuration_version"":""job-grouping-sat-v1"",""objective_version"":""free-initial-magazine-v1"",""solver"":""cadical300"",""strength"":""clique"",""time_limit"":1200.0}"
Yanasse,Tabela2/L13-2.txt,2,job-grouping-sat,clique,free-initial-magazine-v1,OPTIMAL,9,9,25,10,15,36,24,24,9,6,5,1,29.578160818,0.094816305,0.000584239,29.771277779,3.830715736,515,5610,13242,829882,1554429,174411742,29553,"[2, 6, 7, 1, 8, 5, 4, 3, 0]",e309f3d4c0d07f442e05babf3f601a392296660b30fbb1c62c9fc56b15487ee9,job-grouping-sat-v1,a54742cc4785a1c57020713cb318b867bf332281940c4a836f44779c7cd99577,"[""Tabela2/L13-2.txt"",2,""job-grouping-sat"",""clique"",""free-initial-magazine-v1""]",cadical300,seqcounter,1200.0,"{""cardinality"":""seqcounter"",""configuration_version"":""job-grouping-sat-v1"",""objective_version"":""free-initial-magazine-v1"",""solver"":""cadical300"",""strength"":""clique"",""time_limit"":1200.0}"
Yanasse,Tabela2/L13-3.txt,3,job-grouping-sat,clique,free-initial-magazine-v1,OPTIMAL,9,9,25,10,15,29,23,23,9,4,3,1,18.216950919,0.060903108,0.000427555,18.340801677,3.848692300,515,5500,13078,387805,732613,129964641,14431,"[0, 7, 2, 3, 4, 6, 8, 5, 1]",114adb8bc1c6058f74cf46d69377300a2252110d020ebe7a9875c07a46e1136f,job-grouping-sat-v1,a54742cc4785a1c57020713cb318b867bf332281940c4a836f44779c7cd99577,"[""Tabela2/L13-3.txt"",3,""job-grouping-sat"",""clique"",""free-initial-magazine-v1""]",cadical300,seqcounter,1200.0,"{""cardinality"":""seqcounter"",""configuration_version"":""job-grouping-sat-v1"",""objective_version"":""free-initial-magazine-v1"",""solver"":""cadical300"",""strength"":""clique"",""time_limit"":1200.0}"
Yanasse,Tabela2/L13-4.txt,4,job-grouping-sat,clique,free-initial-magazine-v1,OPTIMAL,9,9,25,10,15,31,26,26,9,5,4,1,55.000267726,0.086911609,0.000554006,55.175500032,7.832903904,515,5914,13837,1357676,2444634,341607475,44370,"[3, 4, 1, 0, 6, 2, 8, 7, 5]",1617ca44d56512e522909dfb0cc1ded2d0621fa41ad9a2e406f5f33f6a3e55ba,job-grouping-sat-v1,a54742cc4785a1c57020713cb318b867bf332281940c4a836f44779c7cd99577,"[""Tabela2/L13-4.txt"",4,""job-grouping-sat"",""clique"",""free-initial-magazine-v1""]",cadical300,seqcounter,1200.0,"{""cardinality"":""seqcounter"",""configuration_version"":""job-grouping-sat-v1"",""objective_version"":""free-initial-magazine-v1"",""solver"":""cadical300"",""strength"":""clique"",""time_limit"":1200.0}"
Yanasse,Tabela2/L13-5.txt,5,job-grouping-sat,clique,free-initial-magazine-v1,OPTIMAL,9,9,25,10,15,29,20,20,9,4,3,1,89.950614016,0.059563408,0.000367522,90.069264395,27.653223243,515,5041,12085,2773203,4895416,408068382,88088,"[4, 3, 6, 8, 2, 7, 0, 5, 1]",6647a116e4683a68e534ef368f7fc8e3220b1bd00276fd04e0409d43cf28ebe3,job-grouping-sat-v1,a54742cc4785a1c57020713cb318b867bf332281940c4a836f44779c7cd99577,"[""Tabela2/L13-5.txt"",5,""job-grouping-sat"",""clique"",""free-initial-magazine-v1""]",cadical300,seqcounter,1200.0,"{""cardinality"":""seqcounter"",""configuration_version"":""job-grouping-sat-v1"",""objective_version"":""free-initial-magazine-v1"",""solver"":""cadical300"",""strength"":""clique"",""time_limit"":1200.0}"
Yanasse,Tabela2/L13-6.txt,6,job-grouping-sat,clique,free-initial-magazine-v1,OPTIMAL,9,9,25,10,15,26,21,21,9,4,3,1,31.449640501,0.057617875,0.000387050,31.564017890,7.938312040,515,5175,12369,855015,1595213,230018854,30727,"[6, 5, 2, 1, 8, 7, 3, 0, 4]",72e927aed4b72849d680860354ecdb7be6b481c848f7fff622541200688c6128,job-grouping-sat-v1,a54742cc4785a1c57020713cb318b867bf332281940c4a836f44779c7cd99577,"[""Tabela2/L13-6.txt"",6,""job-grouping-sat"",""clique"",""free-initial-magazine-v1""]",cadical300,seqcounter,1200.0,"{""cardinality"":""seqcounter"",""configuration_version"":""job-grouping-sat-v1"",""objective_version"":""free-initial-magazine-v1"",""solver"":""cadical300"",""strength"":""clique"",""time_limit"":1200.0}"
Yanasse,Tabela2/L13-7.txt,7,job-grouping-sat,clique,free-initial-magazine-v1,OPTIMAL,9,9,25,10,15,31,22,22,9,7,6,1,253.041947198,0.117216583,0.000552772,253.287123294,147.435842677,515,5307,12568,5466905,9381147,883995462,173609,"[1, 8, 2, 4, 0, 5, 7, 6, 3]",9f4c68f14540e62aac8ade9a4d59845148f854a6f4aa014387b2e5a0ef53ffc8,job-grouping-sat-v1,a54742cc4785a1c57020713cb318b867bf332281940c4a836f44779c7cd99577,"[""Tabela2/L13-7.txt"",7,""job-grouping-sat"",""clique"",""free-initial-magazine-v1""]",cadical300,seqcounter,1200.0,"{""cardinality"":""seqcounter"",""configuration_version"":""job-grouping-sat-v1"",""objective_version"":""free-initial-magazine-v1"",""solver"":""cadical300"",""strength"":""clique"",""time_limit"":1200.0}"
Yanasse,Tabela2/L13-8.txt,8,job-grouping-sat,clique,free-initial-magazine-v1,OPTIMAL,9,9,25,10,15,27,21,21,9,5,4,1,69.080734469,0.082075362,0.000585702,69.261803859,8.134076742,515,5175,12360,1541166,2736633,301919651,51505,"[8, 7, 6, 0, 5, 2, 1, 3, 4]",fc062905f9accb24aac53878d0ec7df901ad208d29ea3fbafb9816078057b0f9,job-grouping-sat-v1,a54742cc4785a1c57020713cb318b867bf332281940c4a836f44779c7cd99577,"[""Tabela2/L13-8.txt"",8,""job-grouping-sat"",""clique"",""free-initial-magazine-v1""]",cadical300,seqcounter,1200.0,"{""cardinality"":""seqcounter"",""configuration_version"":""job-grouping-sat-v1"",""objective_version"":""free-initial-magazine-v1"",""solver"":""cadical300"",""strength"":""clique"",""time_limit"":1200.0}"
Yanasse,Tabela2/L13-9.txt,9,job-grouping-sat,clique,free-initial-magazine-v1,OPTIMAL,9,9,25,10,15,31,24,24,9,6,5,1,76.612041439,0.130220170,0.000958035,76.871469688,7.020750889,515,5646,13314,1649900,2760452,332628108,50206,"[8, 5, 1, 0, 4, 6, 2, 7, 3]",4361beed32ef60c749dd81181d94e269758430f6191cef46b54fa667e5ee4554,job-grouping-sat-v1,a54742cc4785a1c57020713cb318b867bf332281940c4a836f44779c7cd99577,"[""Tabela2/L13-9.txt"",9,""job-grouping-sat"",""clique"",""free-initial-magazine-v1""]",cadical300,seqcounter,1200.0,"{""cardinality"":""seqcounter"",""configuration_version"":""job-grouping-sat-v1"",""objective_version"":""free-initial-magazine-v1"",""solver"":""cadical300"",""strength"":""clique"",""time_limit"":1200.0}"
Yanasse,Tabela2/L14-1.txt,1,job-grouping-sat,clique,free-initial-magazine-v1,OPTIMAL,9,9,25,15,10,12,11,11,7,2,1,1,1135.876897919,0.024543830,0.000257118,1136.011219074,1.191384241,515,3322,8548,20938557,32126960,1708208762,655929,"[2, 5, 1, 7, 6, 0, 3, 4, 8]",a7b389dca9cd3eaf0509a25c9d9c47f0cbe56c33a7b6a590d32f8ebf5b5f9e04,job-grouping-sat-v1,a54742cc4785a1c57020713cb318b867bf332281940c4a836f44779c7cd99577,"[""Tabela2/L14-1.txt"",1,""job-grouping-sat"",""clique"",""free-initial-magazine-v1""]",cadical300,seqcounter,1200.0,"{""cardinality"":""seqcounter"",""configuration_version"":""job-grouping-sat-v1"",""objective_version"":""free-initial-magazine-v1"",""solver"":""cadical300"",""strength"":""clique"",""time_limit"":1200.0}"
Yanasse,Tabela2/L14-10.txt,10,job-grouping-sat,clique,free-initial-magazine-v1,OPTIMAL,9,9,25,15,10,10,10,10,6,0,0,0,0.000000000,0.000000000,0.000248088,0.000303513,0.000248088,0,0,0,0,0,0,0,"[0, 3, 6, 7, 1, 8, 4, 2, 5]",a20af881420043e3e7b76de552e38011a15f1b068c35f6dbb23e2e954bf2b6ea,job-grouping-sat-v1,a54742cc4785a1c57020713cb318b867bf332281940c4a836f44779c7cd99577,"[""Tabela2/L14-10.txt"",10,""job-grouping-sat"",""clique"",""free-initial-magazine-v1""]",cadical300,seqcounter,1200.0,"{""cardinality"":""seqcounter"",""configuration_version"":""job-grouping-sat-v1"",""objective_version"":""free-initial-magazine-v1"",""solver"":""cadical300"",""strength"":""clique"",""time_limit"":1200.0}"
Yanasse,Tabela2/L14-2.txt,2,job-grouping-sat,clique,free-initial-magazine-v1,OPTIMAL,9,9,25,15,10,14,11,11,7,3,2,1,468.256354910,0.044310011,0.000275196,468.368824896,1.018946630,515,3322,8575,10490819,16467712,844470075,334810,"[2, 4, 1, 6, 7, 8, 3, 5, 0]",46025363e8e83933a11fea7beaf422a2c420ac3cdd810c17b27cc18b92b9d56c,job-grouping-sat-v1,a54742cc4785a1c57020713cb318b867bf332281940c4a836f44779c7cd99577,"[""Tabela2/L14-2.txt"",2,""job-grouping-sat"",""clique"",""free-initial-magazine-v1""]",cadical300,seqcounter,1200.0,"{""cardinality"":""seqcounter"",""configuration_version"":""job-grouping-sat-v1"",""objective_version"":""free-initial-magazine-v1"",""solver"":""cadical300"",""strength"":""clique"",""time_limit"":1200.0}"
Yanasse,Tabela2/L14-3.txt,3,job-grouping-sat,clique,free-initial-magazine-v1,OPTIMAL,9,9,25,15,10,10,10,10,7,0,0,0,0.000000000,0.000000000,0.000184208,0.000226310,0.000184208,0,0,0,0,0,0,0,"[4, 2, 6, 8, 3, 1, 5, 7, 0]",e8f6154c4598f699cfb9d026579f680a59d76482312039ac7ffb927acb4faf13,job-grouping-sat-v1,a54742cc4785a1c57020713cb318b867bf332281940c4a836f44779c7cd99577,"[""Tabela2/L14-3.txt"",3,""job-grouping-sat"",""clique"",""free-initial-magazine-v1""]",cadical300,seqcounter,1200.0,"{""cardinality"":""seqcounter"",""configuration_version"":""job-grouping-sat-v1"",""objective_version"":""free-initial-magazine-v1"",""solver"":""cadical300"",""strength"":""clique"",""time_limit"":1200.0}"
Yanasse,Tabela2/L14-4.txt,4,job-grouping-sat,clique,free-initial-magazine-v1,OPTIMAL,9,9,25,15,10,17,11,11,7,3,2,1,472.809082113,0.038469359,0.000269757,472.916570798,1.281121610,515,3322,8512,10994123,16945975,865209822,352761,"[0, 6, 4, 5, 8, 3, 7, 1, 2]",130f722cbb96a25df4ac14b340c24e2f45b03ec1ef7358024fce30d80eb8fa5b,job-grouping-sat-v1,a54742cc4785a1c57020713cb318b867bf332281940c4a836f44779c7cd99577,"[""Tabela2/L14-4.txt"",4,""job-grouping-sat"",""clique"",""free-initial-magazine-v1""]",cadical300,seqcounter,1200.0,"{""cardinality"":""seqcounter"",""configuration_version"":""job-grouping-sat-v1"",""objective_version"":""free-initial-magazine-v1"",""solver"":""cadical300"",""strength"":""clique"",""time_limit"":1200.0}"
Yanasse,Tabela2/L14-5.txt,5,job-grouping-sat,clique,free-initial-magazine-v1,OPTIMAL,9,9,25,15,10,10,10,10,6,0,0,0,0.000000000,0.000000000,0.000199068,0.000246782,0.000199068,0,0,0,0,0,0,0,"[3, 2, 0, 5, 4, 1, 6, 8, 7]",6431570b01066264b54e0817adcce97073334c5e39b2e29636d26e514856f324,job-grouping-sat-v1,a54742cc4785a1c57020713cb318b867bf332281940c4a836f44779c7cd99577,"[""Tabela2/L14-5.txt"",5,""job-grouping-sat"",""clique"",""free-initial-magazine-v1""]",cadical300,seqcounter,1200.0,"{""cardinality"":""seqcounter"",""configuration_version"":""job-grouping-sat-v1"",""objective_version"":""free-initial-magazine-v1"",""solver"":""cadical300"",""strength"":""clique"",""time_limit"":1200.0}"
Yanasse,Tabela2/L14-6.txt,6,job-grouping-sat,clique,free-initial-magazine-v1,OPTIMAL,9,9,25,15,10,12,10,10,4,1,1,0,0.254036632,0.011117337,0.000202484,0.275804105,0.275333709,515,3501,8814,11216,29771,1996186,427,"[3, 5, 8, 0, 7, 1, 2, 4, 6]",d5807fd2e4a6cd634a16710d5e6804ab489089f660d488713e2aa051ad9beb5b,job-grouping-sat-v1,a54742cc4785a1c57020713cb318b867bf332281940c4a836f44779c7cd99577,"[""Tabela2/L14-6.txt"",6,""job-grouping-sat"",""clique"",""free-initial-magazine-v1""]",cadical300,seqcounter,1200.0,"{""cardinality"":""seqcounter"",""configuration_version"":""job-grouping-sat-v1"",""objective_version"":""free-initial-magazine-v1"",""solver"":""cadical300"",""strength"":""clique"",""time_limit"":1200.0}"
Yanasse,Tabela2/L14-7.txt,7,job-grouping-sat,clique,free-initial-magazine-v1,OPTIMAL,9,9,25,15,10,16,11,11,8,3,2,1,619.820755766,0.041434566,0.000291908,619.929788734,2.748628908,515,3340,8548,14202522,22100511,1144747817,449840,"[0, 4, 8, 7, 6, 2, 1, 3, 5]",73514aef9987e7e0f1c13f8e99a2cc4c895e09d5728016b209caafc9706e48d5,job-grouping-sat-v1,a54742cc4785a1c57020713cb318b867bf332281940c4a836f44779c7cd99577,"[""Tabela2/L14-7.txt"",7,""job-grouping-sat"",""clique"",""free-initial-magazine-v1""]",cadical300,seqcounter,1200.0,"{""cardinality"":""seqcounter"",""configuration_version"":""job-grouping-sat-v1"",""objective_version"":""free-initial-magazine-v1"",""solver"":""cadical300"",""strength"":""clique"",""time_limit"":1200.0}"
Yanasse,Tabela2/L14-8.txt,8,job-grouping-sat,clique,free-initial-magazine-v1,OPTIMAL,9,9,25,15,10,10,10,10,6,0,0,0,0.000000000,0.000000000,0.000186692,0.000233325,0.000186692,0,0,0,0,0,0,0,"[4, 8, 0, 1, 6, 2, 5, 7, 3]",3a90c53b144fe145e50c630d6c43c481a9afd7525359ebc49e0665a6d594109d,job-grouping-sat-v1,a54742cc4785a1c57020713cb318b867bf332281940c4a836f44779c7cd99577,"[""Tabela2/L14-8.txt"",8,""job-grouping-sat"",""clique"",""free-initial-magazine-v1""]",cadical300,seqcounter,1200.0,"{""cardinality"":""seqcounter"",""configuration_version"":""job-grouping-sat-v1"",""objective_version"":""free-initial-magazine-v1"",""solver"":""cadical300"",""strength"":""clique"",""time_limit"":1200.0}"
Yanasse,Tabela2/L14-9.txt,9,job-grouping-sat,clique,free-initial-magazine-v1,OPTIMAL,9,9,25,15,10,12,10,10,4,1,1,0,0.094123371,0.010256903,0.000188371,0.114768479,0.114324599,515,3501,8751,3806,11936,594790,86,"[1, 3, 7, 0, 2, 6, 4, 5, 8]",1db2bc4d6718886f82c7052824d1b134b556ee96638b2e2628772b1c845e6392,job-grouping-sat-v1,a54742cc4785a1c57020713cb318b867bf332281940c4a836f44779c7cd99577,"[""Tabela2/L14-9.txt"",9,""job-grouping-sat"",""clique"",""free-initial-magazine-v1""]",cadical300,seqcounter,1200.0,"{""cardinality"":""seqcounter"",""configuration_version"":""job-grouping-sat-v1"",""objective_version"":""free-initial-magazine-v1"",""solver"":""cadical300"",""strength"":""clique"",""time_limit"":1200.0}"
Yanasse,Tabela2/L15-1.txt,1,job-grouping-sat,clique,free-initial-magazine-v1,OPTIMAL,9,9,25,15,10,18,14,14,8,3,2,1,45.080742227,0.037214428,0.000338029,45.155523184,4.706160849,515,3934,9874,1639953,2809439,206353368,51163,"[6, 8, 7, 5, 2, 0, 1, 4, 3]",ebf7a89a3bffea556902706d9df72e3561410fa7d100d3594262d0a9466afe45,job-grouping-sat-v1,a54742cc4785a1c57020713cb318b867bf332281940c4a836f44779c7cd99577,"[""Tabela2/L15-1.txt"",1,""job-grouping-sat"",""clique"",""free-initial-magazine-v1""]",cadical300,seqcounter,1200.0,"{""cardinality"":""seqcounter"",""configuration_version"":""job-grouping-sat-v1"",""objective_version"":""free-initial-magazine-v1"",""solver"":""cadical300"",""strength"":""clique"",""time_limit"":1200.0}"
Yanasse,Tabela2/L15-10.txt,10,job-grouping-sat,clique,free-initial-magazine-v1,OPTIMAL,9,9,25,15,10,18,13,13,7,2,1,1,34.793939035,0.028099092,0.000261008,34.846846965,0.076776315,515,3804,9661,1256257,2063981,137162183,38240,"[0, 2, 3, 1, 7, 8, 6, 5, 4]",27641dbb86bc9e8cf3b3291d79a2938e5bc54b22663cf97fef610d18dd0a8283,job-grouping-sat-v1,a54742cc4785a1c57020713cb318b867bf332281940c4a836f44779c7cd99577,"[""Tabela2/L15-10.txt"",10,""job-grouping-sat"",""clique"",""free-initial-magazine-v1""]",cadical300,seqcounter,1200.0,"{""cardinality"":""seqcounter"",""configuration_version"":""job-grouping-sat-v1"",""objective_version"":""free-initial-magazine-v1"",""solver"":""cadical300"",""strength"":""clique"",""time_limit"":1200.0}"
Yanasse,Tabela2/L15-2.txt,2,job-grouping-sat,clique,free-initial-magazine-v1,OPTIMAL,9,9,25,15,10,22,16,16,8,4,3,1,34.307810063,0.063415932,0.000569847,34.424373987,12.063378898,515,4350,10828,1212608,2200732,196112224,39188,"[1, 3, 7, 4, 5, 6, 8, 0, 2]",61eee0fc64a1880c9a6ff3e3f050fad4820a77d2e19aa84f477c854559b86ed7,job-grouping-sat-v1,a54742cc4785a1c57020713cb318b867bf332281940c4a836f44779c7cd99577,"[""Tabela2/L15-2.txt"",2,""job-grouping-sat"",""clique"",""free-initial-magazine-v1""]",cadical300,seqcounter,1200.0,"{""cardinality"":""seqcounter"",""configuration_version"":""job-grouping-sat-v1"",""objective_version"":""free-initial-magazine-v1"",""solver"":""cadical300"",""strength"":""clique"",""time_limit"":1200.0}"
Yanasse,Tabela2/L15-3.txt,3,job-grouping-sat,clique,free-initial-magazine-v1,TIMEOUT,9,9,25,15,10,12,12,,9,1,0,0,1200.039676619,0.012416721,0.000203859,1200.057246069,0.000174913,515,3501,8904,N/A,N/A,N/A,N/A,"[3, 4, 2, 6, 5, 8, 7, 0, 1]",52599af5b373f4a71623c46220c79de94f5b55692d2a41a725abd027befee28d,job-grouping-sat-v1,a54742cc4785a1c57020713cb318b867bf332281940c4a836f44779c7cd99577,"[""Tabela2/L15-3.txt"",3,""job-grouping-sat"",""clique"",""free-initial-magazine-v1""]",cadical300,seqcounter,1200.0,"{""cardinality"":""seqcounter"",""configuration_version"":""job-grouping-sat-v1"",""objective_version"":""free-initial-magazine-v1"",""solver"":""cadical300"",""strength"":""clique"",""time_limit"":1200.0}"
Yanasse,Tabela2/L15-4.txt,4,job-grouping-sat,clique,free-initial-magazine-v1,OPTIMAL,9,9,25,15,10,18,14,14,9,3,2,1,79.518318353,0.043202488,0.000297519,79.605731943,39.222067904,515,3961,9910,2885810,4893361,336831770,89230,"[3, 4, 5, 0, 1, 2, 7, 8, 6]",60010159feba0d1d17eeba22d2be31c75ac434b7774abc565144a4cd8ef98979,job-grouping-sat-v1,a54742cc4785a1c57020713cb318b867bf332281940c4a836f44779c7cd99577,"[""Tabela2/L15-4.txt"",4,""job-grouping-sat"",""clique"",""free-initial-magazine-v1""]",cadical300,seqcounter,1200.0,"{""cardinality"":""seqcounter"",""configuration_version"":""job-grouping-sat-v1"",""objective_version"":""free-initial-magazine-v1"",""solver"":""cadical300"",""strength"":""clique"",""time_limit"":1200.0}"
Yanasse,Tabela2/L15-5.txt,5,job-grouping-sat,clique,free-initial-magazine-v1,OPTIMAL,9,9,25,15,10,15,12,12,8,3,2,1,241.090457447,0.038917286,0.000308517,241.175553274,6.129120345,515,3546,8967,6282018,10076186,596361848,200259,"[4, 1, 8, 0, 5, 2, 7, 3, 6]",bc949fdc07e3a273832bb7e2c6c6b298224e34ce8c2fb063533c3040a8b095fc,job-grouping-sat-v1,a54742cc4785a1c57020713cb318b867bf332281940c4a836f44779c7cd99577,"[""Tabela2/L15-5.txt"",5,""job-grouping-sat"",""clique"",""free-initial-magazine-v1""]",cadical300,seqcounter,1200.0,"{""cardinality"":""seqcounter"",""configuration_version"":""job-grouping-sat-v1"",""objective_version"":""free-initial-magazine-v1"",""solver"":""cadical300"",""strength"":""clique"",""time_limit"":1200.0}"
Yanasse,Tabela2/L15-6.txt,6,job-grouping-sat,clique,free-initial-magazine-v1,OPTIMAL,9,9,25,15,10,18,12,12,8,4,3,1,28.455275969,0.054387071,0.000343392,28.556694083,4.458018601,515,3591,9120,999942,1710386,152048623,30364,"[0, 7, 3, 6, 8, 5, 4, 2, 1]",92b101ad0a781f073a207aafef70076c9da97c779ee502abdeb39c3496a9d9a9,job-grouping-sat-v1,a54742cc4785a1c57020713cb318b867bf332281940c4a836f44779c7cd99577,"[""Tabela2/L15-6.txt"",6,""job-grouping-sat"",""clique"",""free-initial-magazine-v1""]",cadical300,seqcounter,1200.0,"{""cardinality"":""seqcounter"",""configuration_version"":""job-grouping-sat-v1"",""objective_version"":""free-initial-magazine-v1"",""solver"":""cadical300"",""strength"":""clique"",""time_limit"":1200.0}"
Yanasse,Tabela2/L15-7.txt,7,job-grouping-sat,clique,free-initial-magazine-v1,OPTIMAL,9,9,25,15,10,20,16,16,5,2,1,1,49.908439055,0.025695180,0.000285176,49.961292964,0.046375683,515,4287,10567,1646552,2760559,193973686,50439,"[3, 5, 8, 6, 1, 7, 0, 4, 2]",a8e733e1078cca153ffafce962e24890197c6688dd922c0021f111c1ff5d79ca,job-grouping-sat-v1,a54742cc4785a1c57020713cb318b867bf332281940c4a836f44779c7cd99577,"[""Tabela2/L15-7.txt"",7,""job-grouping-sat"",""clique"",""free-initial-magazine-v1""]",cadical300,seqcounter,1200.0,"{""cardinality"":""seqcounter"",""configuration_version"":""job-grouping-sat-v1"",""objective_version"":""free-initial-magazine-v1"",""solver"":""cadical300"",""strength"":""clique"",""time_limit"":1200.0}"
Yanasse,Tabela2/L15-8.txt,8,job-grouping-sat,clique,free-initial-magazine-v1,OPTIMAL,9,9,25,15,10,22,15,15,8,5,4,1,84.678063006,0.078226051,0.000422164,84.828117274,7.835870380,515,4152,10335,2670134,4531464,355249888,85124,"[4, 7, 0, 3, 1, 8, 2, 6, 5]",22bbd282ccafb7679f071b09eaddb02c726ebb15178463afc5147f313e1853c4,job-grouping-sat-v1,a54742cc4785a1c57020713cb318b867bf332281940c4a836f44779c7cd99577,"[""Tabela2/L15-8.txt"",8,""job-grouping-sat"",""clique"",""free-initial-magazine-v1""]",cadical300,seqcounter,1200.0,"{""cardinality"":""seqcounter"",""configuration_version"":""job-grouping-sat-v1"",""objective_version"":""free-initial-magazine-v1"",""solver"":""cadical300"",""strength"":""clique"",""time_limit"":1200.0}"
Yanasse,Tabela2/L15-9.txt,9,job-grouping-sat,clique,free-initial-magazine-v1,OPTIMAL,9,9,25,15,10,20,13,13,8,5,4,1,13.638987115,0.073320376,0.000435091,13.773431033,3.603721080,515,3822,9715,489382,898716,78950522,15309,"[2, 0, 1, 3, 6, 5, 7, 8, 4]",f7a31514166d3977a3c7580325fc22a2a6cf6bc42c85fe5fbc706997a08dfab4,job-grouping-sat-v1,a54742cc4785a1c57020713cb318b867bf332281940c4a836f44779c7cd99577,"[""Tabela2/L15-9.txt"",9,""job-grouping-sat"",""clique"",""free-initial-magazine-v1""]",cadical300,seqcounter,1200.0,"{""cardinality"":""seqcounter"",""configuration_version"":""job-grouping-sat-v1"",""objective_version"":""free-initial-magazine-v1"",""solver"":""cadical300"",""strength"":""clique"",""time_limit"":1200.0}"
Yanasse,Tabela2/L16-1.txt,1,job-grouping-sat,clique,free-initial-magazine-v1,OPTIMAL,9,9,25,15,10,24,15,15,8,4,3,1,99.339438099,0.055490724,0.000443909,99.454420956,41.118099789,515,4125,10344,3312286,5806087,357304148,107753,"[3, 8, 6, 4, 7, 0, 5, 2, 1]",355748d72a20b4faa967a64dc995863ffef503f23f5db411461efdb984494440,job-grouping-sat-v1,a54742cc4785a1c57020713cb318b867bf332281940c4a836f44779c7cd99577,"[""Tabela2/L16-1.txt"",1,""job-grouping-sat"",""clique"",""free-initial-magazine-v1""]",cadical300,seqcounter,1200.0,"{""cardinality"":""seqcounter"",""configuration_version"":""job-grouping-sat-v1"",""objective_version"":""free-initial-magazine-v1"",""solver"":""cadical300"",""strength"":""clique"",""time_limit"":1200.0}"
Yanasse,Tabela2/L16-10.txt,10,job-grouping-sat,clique,free-initial-magazine-v1,OPTIMAL,9,9,25,15,10,20,16,16,8,5,4,1,122.944672780,0.070900388,0.000420555,123.085577559,69.164136328,515,4350,10846,3584693,5992167,517578273,104108,"[0, 1, 8, 4, 7, 6, 3, 2, 5]",bf40bf9c1f50a1faaf902958be5bcea6dbef80a2ec0a9273d2c21dfd018640a4,job-grouping-sat-v1,a54742cc4785a1c57020713cb318b867bf332281940c4a836f44779c7cd99577,"[""Tabela2/L16-10.txt"",10,""job-grouping-sat"",""clique"",""free-initial-magazine-v1""]",cadical300,seqcounter,1200.0,"{""cardinality"":""seqcounter"",""configuration_version"":""job-grouping-sat-v1"",""objective_version"":""free-initial-magazine-v1"",""solver"":""cadical300"",""strength"":""clique"",""time_limit"":1200.0}"
Yanasse,Tabela2/L16-2.txt,2,job-grouping-sat,clique,free-initial-magazine-v1,OPTIMAL,9,9,25,15,10,18,13,13,9,5,4,1,58.721574230,0.064462461,0.000393813,58.847212870,10.992144810,515,3741,9481,2135493,3702151,248147428,66272,"[1, 3, 8, 4, 6, 7, 5, 2, 0]",28b84611cee2d92bd815e24ce1862a99f0b6243a35d556abf397caefee3df637,job-grouping-sat-v1,a54742cc4785a1c57020713cb318b867bf332281940c4a836f44779c7cd99577,"[""Tabela2/L16-2.txt"",2,""job-grouping-sat"",""clique"",""free-initial-magazine-v1""]",cadical300,seqcounter,1200.0,"{""cardinality"":""seqcounter"",""configuration_version"":""job-grouping-sat-v1"",""objective_version"":""free-initial-magazine-v1"",""solver"":""cadical300"",""strength"":""clique"",""time_limit"":1200.0}"
Yanasse,Tabela2/L16-3.txt,3,job-grouping-sat,clique,free-initial-magazine-v1,OPTIMAL,9,9,25,15,10,28,16,16,9,7,6,1,23.521680049,0.104464101,0.000622960,23.722869591,8.673150747,515,4368,10963,690531,1292831,148120241,21834,"[2, 6, 5, 3, 7, 8, 4, 0, 1]",61f92705d823e1a91f9853ab4f812df6c8152381b3ec55fe354e76050d5327bf,job-grouping-sat-v1,a54742cc4785a1c57020713cb318b867bf332281940c4a836f44779c7cd99577,"[""Tabela2/L16-3.txt"",3,""job-grouping-sat"",""clique"",""free-initial-magazine-v1""]",cadical300,seqcounter,1200.0,"{""cardinality"":""seqcounter"",""configuration_version"":""job-grouping-sat-v1"",""objective_version"":""free-initial-magazine-v1"",""solver"":""cadical300"",""strength"":""clique"",""time_limit"":1200.0}"
Yanasse,Tabela2/L16-4.txt,4,job-grouping-sat,clique,free-initial-magazine-v1,OPTIMAL,9,9,25,15,10,25,15,15,9,7,6,1,58.666214746,0.101176325,0.000523335,58.857169445,30.662836393,515,4116,10308,2002469,3646081,305213741,65659,"[3, 7, 4, 2, 8, 6, 0, 1, 5]",1127091394501ca178a944c1597553657934d3365e58dda862f2014a8b821693,job-grouping-sat-v1,a54742cc4785a1c57020713cb318b867bf332281940c4a836f44779c7cd99577,"[""Tabela2/L16-4.txt"",4,""job-grouping-sat"",""clique"",""free-initial-magazine-v1""]",cadical300,seqcounter,1200.0,"{""cardinality"":""seqcounter"",""configuration_version"":""job-grouping-sat-v1"",""objective_version"":""free-initial-magazine-v1"",""solver"":""cadical300"",""strength"":""clique"",""time_limit"":1200.0}"
Yanasse,Tabela2/L16-5.txt,5,job-grouping-sat,clique,free-initial-magazine-v1,OPTIMAL,9,9,25,15,10,20,13,13,9,4,3,1,240.796876616,0.058238732,0.000357744,240.919857204,160.790387260,515,3723,9436,7104919,11438121,673339797,215498,"[6, 4, 2, 7, 1, 5, 8, 3, 0]",34bafede98a7defb691050b6d97f74bb9ec6edbb76f432e727798f821ab500fe,job-grouping-sat-v1,a54742cc4785a1c57020713cb318b867bf332281940c4a836f44779c7cd99577,"[""Tabela2/L16-5.txt"",5,""job-grouping-sat"",""clique"",""free-initial-magazine-v1""]",cadical300,seqcounter,1200.0,"{""cardinality"":""seqcounter"",""configuration_version"":""job-grouping-sat-v1"",""objective_version"":""free-initial-magazine-v1"",""solver"":""cadical300"",""strength"":""clique"",""time_limit"":1200.0}"
Yanasse,Tabela2/L16-6.txt,6,job-grouping-sat,clique,free-initial-magazine-v1,OPTIMAL,9,9,25,15,10,33,22,22,8,5,4,1,40.650472528,0.082311476,0.000453531,40.803375512,20.704397803,515,5352,13000,998761,1844368,318320206,36310,"[5, 6, 8, 4, 3, 0, 7, 2, 1]",e35fabf11f316d04f914999468111d26355a60ecef88821f5c072ec05e92a5aa,job-grouping-sat-v1,a54742cc4785a1c57020713cb318b867bf332281940c4a836f44779c7cd99577,"[""Tabela2/L16-6.txt"",6,""job-grouping-sat"",""clique"",""free-initial-magazine-v1""]",cadical300,seqcounter,1200.0,"{""cardinality"":""seqcounter"",""configuration_version"":""job-grouping-sat-v1"",""objective_version"":""free-initial-magazine-v1"",""solver"":""cadical300"",""strength"":""clique"",""time_limit"":1200.0}"
Yanasse,Tabela2/L16-7.txt,7,job-grouping-sat,clique,free-initial-magazine-v1,OPTIMAL,9,9,25,15,10,19,14,14,6,3,2,1,77.990732084,0.040428487,0.000318131,78.069194305,2.260323764,515,3934,9892,2603183,4403659,283665419,81448,"[2, 4, 7, 6, 0, 3, 1, 5, 8]",6e57acdfe37ae1ca79c6bea2315a90055fc79d77d5e174753dbebc4a7891a4df,job-grouping-sat-v1,a54742cc4785a1c57020713cb318b867bf332281940c4a836f44779c7cd99577,"[""Tabela2/L16-7.txt"",7,""job-grouping-sat"",""clique"",""free-initial-magazine-v1""]",cadical300,seqcounter,1200.0,"{""cardinality"":""seqcounter"",""configuration_version"":""job-grouping-sat-v1"",""objective_version"":""free-initial-magazine-v1"",""solver"":""cadical300"",""strength"":""clique"",""time_limit"":1200.0}"
Yanasse,Tabela2/L16-8.txt,8,job-grouping-sat,clique,free-initial-magazine-v1,OPTIMAL,9,9,25,15,10,22,17,17,8,2,1,1,82.526467369,0.026753476,0.000284740,82.583932073,0.107311681,515,4501,11110,2469678,4054419,288042535,71928,"[2, 4, 3, 5, 6, 7, 1, 0, 8]",2dfed371e11dd3f688c5a145237fd0ec29efcaba89a52acfb0d4fd5c9446172a,job-grouping-sat-v1,a54742cc4785a1c57020713cb318b867bf332281940c4a836f44779c7cd99577,"[""Tabela2/L16-8.txt"",8,""job-grouping-sat"",""clique"",""free-initial-magazine-v1""]",cadical300,seqcounter,1200.0,"{""cardinality"":""seqcounter"",""configuration_version"":""job-grouping-sat-v1"",""objective_version"":""free-initial-magazine-v1"",""solver"":""cadical300"",""strength"":""clique"",""time_limit"":1200.0}"
Yanasse,Tabela2/L16-9.txt,9,job-grouping-sat,clique,free-initial-magazine-v1,OPTIMAL,9,9,25,15,10,30,20,20,9,5,4,1,33.283942116,0.077942737,0.000640017,33.431242418,4.357616964,515,4978,12193,1166547,2113701,154664550,38157,"[3, 5, 0, 6, 2, 4, 1, 8, 7]",92b3b0f79594f120a2dbe416fb7d179756cfacc28edb6a86972b202cf1eac478,job-grouping-sat-v1,a54742cc4785a1c57020713cb318b867bf332281940c4a836f44779c7cd99577,"[""Tabela2/L16-9.txt"",9,""job-grouping-sat"",""clique"",""free-initial-magazine-v1""]",cadical300,seqcounter,1200.0,"{""cardinality"":""seqcounter"",""configuration_version"":""job-grouping-sat-v1"",""objective_version"":""free-initial-magazine-v1"",""solver"":""cadical300"",""strength"":""clique"",""time_limit"":1200.0}"
Yanasse,Tabela2/L17-1.txt,1,job-grouping-sat,clique,free-initial-magazine-v1,OPTIMAL,9,9,25,15,10,30,25,25,9,5,4,1,26.841902331,0.082020850,0.000523629,26.998745436,4.906074014,515,5763,13834,648505,1265286,217249597,23586,"[1, 0, 5, 7, 3, 8, 6, 2, 4]",235d0c9118520b76004ffc87e445b77f87a9153b7766c6d8408b688c4359e437,job-grouping-sat-v1,a54742cc4785a1c57020713cb318b867bf332281940c4a836f44779c7cd99577,"[""Tabela2/L17-1.txt"",1,""job-grouping-sat"",""clique"",""free-initial-magazine-v1""]",cadical300,seqcounter,1200.0,"{""cardinality"":""seqcounter"",""configuration_version"":""job-grouping-sat-v1"",""objective_version"":""free-initial-magazine-v1"",""solver"":""cadical300"",""strength"":""clique"",""time_limit"":1200.0}"
Yanasse,Tabela2/L17-10.txt,10,job-grouping-sat,clique,free-initial-magazine-v1,OPTIMAL,9,9,25,15,10,33,20,20,9,5,4,1,16.919791035,0.082727013,0.000498323,17.075231540,2.082930862,515,5014,12328,470377,854636,124463358,15314,"[4, 3, 2, 8, 6, 1, 5, 7, 0]",3f269326bcfa92fc4d56cfb1fffb6d3e02afed23d3ad997b5e80919565200f96,job-grouping-sat-v1,a54742cc4785a1c57020713cb318b867bf332281940c4a836f44779c7cd99577,"[""Tabela2/L17-10.txt"",10,""job-grouping-sat"",""clique"",""free-initial-magazine-v1""]",cadical300,seqcounter,1200.0,"{""cardinality"":""seqcounter"",""configuration_version"":""job-grouping-sat-v1"",""objective_version"":""free-initial-magazine-v1"",""solver"":""cadical300"",""strength"":""clique"",""time_limit"":1200.0}"
Yanasse,Tabela2/L17-2.txt,2,job-grouping-sat,clique,free-initial-magazine-v1,OPTIMAL,9,9,25,15,10,36,25,25,9,7,6,1,32.596060306,0.109393239,0.000569404,32.811300471,22.100070135,515,5718,13708,861058,1560075,231680305,28079,"[0, 6, 7, 4, 5, 3, 2, 1, 8]",112551ff6d52c326d18b808b5e1e001598d4ff39caa3cc5d911df2a46517cc64,job-grouping-sat-v1,a54742cc4785a1c57020713cb318b867bf332281940c4a836f44779c7cd99577,"[""Tabela2/L17-2.txt"",2,""job-grouping-sat"",""clique"",""free-initial-magazine-v1""]",cadical300,seqcounter,1200.0,"{""cardinality"":""seqcounter"",""configuration_version"":""job-grouping-sat-v1"",""objective_version"":""free-initial-magazine-v1"",""solver"":""cadical300"",""strength"":""clique"",""time_limit"":1200.0}"
Yanasse,Tabela2/L17-3.txt,3,job-grouping-sat,clique,free-initial-magazine-v1,OPTIMAL,9,9,25,15,10,31,25,25,9,6,5,1,24.329229849,0.094822986,0.000518716,24.511378976,4.360304753,515,5763,13852,569096,1135597,196875734,22921,"[8, 4, 2, 1, 6, 3, 7, 5, 0]",084ca747a4e115bad44030662e797be4bedebcee11f3945d36ea16e5dda6c1e9,job-grouping-sat-v1,a54742cc4785a1c57020713cb318b867bf332281940c4a836f44779c7cd99577,"[""Tabela2/L17-3.txt"",3,""job-grouping-sat"",""clique"",""free-initial-magazine-v1""]",cadical300,seqcounter,1200.0,"{""cardinality"":""seqcounter"",""configuration_version"":""job-grouping-sat-v1"",""objective_version"":""free-initial-magazine-v1"",""solver"":""cadical300"",""strength"":""clique"",""time_limit"":1200.0}"
Yanasse,Tabela2/L17-4.txt,4,job-grouping-sat,clique,free-initial-magazine-v1,OPTIMAL,9,9,25,15,10,33,22,22,9,8,7,1,14.306292854,0.120750541,0.000653618,14.545528180,9.709918082,515,5253,12802,481120,954492,109306736,16068,"[4, 2, 8, 5, 1, 7, 0, 3, 6]",f8db903d1d418d277777b368140fa7c5631ca4f4ac9e7291201d0f262c65bc55,job-grouping-sat-v1,a54742cc4785a1c57020713cb318b867bf332281940c4a836f44779c7cd99577,"[""Tabela2/L17-4.txt"",4,""job-grouping-sat"",""clique"",""free-initial-magazine-v1""]",cadical300,seqcounter,1200.0,"{""cardinality"":""seqcounter"",""configuration_version"":""job-grouping-sat-v1"",""objective_version"":""free-initial-magazine-v1"",""solver"":""cadical300"",""strength"":""clique"",""time_limit"":1200.0}"
Yanasse,Tabela2/L17-5.txt,5,job-grouping-sat,clique,free-initial-magazine-v1,OPTIMAL,9,9,25,15,10,33,21,21,9,7,6,1,20.475054205,0.106123436,0.000569846,20.677642254,9.118024962,515,5094,12441,759941,1499635,136143519,24754,"[7, 1, 2, 6, 4, 0, 8, 5, 3]",46333af49a9cf8cab2422580f8b74caa64f05fc9e07bdd692908819d349ff213,job-grouping-sat-v1,a54742cc4785a1c57020713cb318b867bf332281940c4a836f44779c7cd99577,"[""Tabela2/L17-5.txt"",5,""job-grouping-sat"",""clique"",""free-initial-magazine-v1""]",cadical300,seqcounter,1200.0,"{""cardinality"":""seqcounter"",""configuration_version"":""job-grouping-sat-v1"",""objective_version"":""free-initial-magazine-v1"",""solver"":""cadical300"",""strength"":""clique"",""time_limit"":1200.0}"
Yanasse,Tabela2/L17-6.txt,6,job-grouping-sat,clique,free-initial-magazine-v1,OPTIMAL,9,9,25,15,10,38,26,26,9,5,4,1,12.851766809,0.082543394,0.000508642,13.009698264,1.839298946,515,5869,14026,378531,719698,97863901,11189,"[3, 6, 2, 4, 0, 8, 7, 1, 5]",d9cc097880ea0ba2add232c4cc325ef8c45a539948b65be80c848a49fc07f0c9,job-grouping-sat-v1,a54742cc4785a1c57020713cb318b867bf332281940c4a836f44779c7cd99577,"[""Tabela2/L17-6.txt"",6,""job-grouping-sat"",""clique"",""free-initial-magazine-v1""]",cadical300,seqcounter,1200.0,"{""cardinality"":""seqcounter"",""configuration_version"":""job-grouping-sat-v1"",""objective_version"":""free-initial-magazine-v1"",""solver"":""cadical300"",""strength"":""clique"",""time_limit"":1200.0}"
Yanasse,Tabela2/L17-7.txt,7,job-grouping-sat,clique,free-initial-magazine-v1,OPTIMAL,9,9,25,15,10,34,24,24,9,5,4,1,11.042539545,0.078511208,0.000455105,11.192574753,2.696584911,515,5565,13422,336267,672943,85887676,12249,"[5, 6, 1, 2, 8, 3, 7, 4, 0]",65ccc808d5ef7a25d70a415664746a95916afe2fd6fd78054197da7bdd219faf,job-grouping-sat-v1,a54742cc4785a1c57020713cb318b867bf332281940c4a836f44779c7cd99577,"[""Tabela2/L17-7.txt"",7,""job-grouping-sat"",""clique"",""free-initial-magazine-v1""]",cadical300,seqcounter,1200.0,"{""cardinality"":""seqcounter"",""configuration_version"":""job-grouping-sat-v1"",""objective_version"":""free-initial-magazine-v1"",""solver"":""cadical300"",""strength"":""clique"",""time_limit"":1200.0}"
Yanasse,Tabela2/L17-8.txt,8,job-grouping-sat,clique,free-initial-magazine-v1,OPTIMAL,9,9,25,15,10,36,24,24,9,4,3,1,21.671332384,0.064131469,0.000397927,21.792961137,6.659166913,515,5565,13377,718589,1390887,132253457,25482,"[8, 7, 3, 6, 1, 4, 5, 0, 2]",a68bc4a7fb3f012e973391e8e53f371a7f0a84ead8f93d99ecb9e3e7e8b068f8,job-grouping-sat-v1,a54742cc4785a1c57020713cb318b867bf332281940c4a836f44779c7cd99577,"[""Tabela2/L17-8.txt"",8,""job-grouping-sat"",""clique"",""free-initial-magazine-v1""]",cadical300,seqcounter,1200.0,"{""cardinality"":""seqcounter"",""configuration_version"":""job-grouping-sat-v1"",""objective_version"":""free-initial-magazine-v1"",""solver"":""cadical300"",""strength"":""clique"",""time_limit"":1200.0}"
Yanasse,Tabela2/L17-9.txt,9,job-grouping-sat,clique,free-initial-magazine-v1,OPTIMAL,9,9,25,15,10,42,23,23,9,8,7,1,14.849047752,0.123121116,0.000614391,15.083419979,8.740150701,515,5410,13114,543416,1094587,110426005,18674,"[4, 7, 6, 0, 5, 1, 8, 3, 2]",ed80f67167786433a58ef3aa463ec3f3653f1f1ac0049eb0cc424bec31fabf46,job-grouping-sat-v1,a54742cc4785a1c57020713cb318b867bf332281940c4a836f44779c7cd99577,"[""Tabela2/L17-9.txt"",9,""job-grouping-sat"",""clique"",""free-initial-magazine-v1""]",cadical300,seqcounter,1200.0,"{""cardinality"":""seqcounter"",""configuration_version"":""job-grouping-sat-v1"",""objective_version"":""free-initial-magazine-v1"",""solver"":""cadical300"",""strength"":""clique"",""time_limit"":1200.0}"
Yanasse,Tabela2/L18-1.txt,1,job-grouping-sat,clique,free-initial-magazine-v1,OPTIMAL,9,9,25,20,5,5,5,5,5,0,0,0,0.000000000,0.000000000,0.000199064,0.000250940,0.000199064,0,0,0,0,0,0,0,"[2, 0, 5, 8, 7, 1, 3, 6, 4]",2d57da37b60735eaa1daf7cdeb0aece9f25a67e8d000f007e0002f782fcf6ac3,job-grouping-sat-v1,a54742cc4785a1c57020713cb318b867bf332281940c4a836f44779c7cd99577,"[""Tabela2/L18-1.txt"",1,""job-grouping-sat"",""clique"",""free-initial-magazine-v1""]",cadical300,seqcounter,1200.0,"{""cardinality"":""seqcounter"",""configuration_version"":""job-grouping-sat-v1"",""objective_version"":""free-initial-magazine-v1"",""solver"":""cadical300"",""strength"":""clique"",""time_limit"":1200.0}"
Yanasse,Tabela2/L18-10.txt,10,job-grouping-sat,clique,free-initial-magazine-v1,OPTIMAL,9,9,25,20,5,5,5,5,5,0,0,0,0.000000000,0.000000000,0.000161793,0.000209612,0.000161793,0,0,0,0,0,0,0,"[1, 7, 3, 2, 6, 8, 4, 0, 5]",209ea5bf33b248d40df442757f0c34f5d498f8df13e8dd7fa4b3fd10c8be7245,job-grouping-sat-v1,a54742cc4785a1c57020713cb318b867bf332281940c4a836f44779c7cd99577,"[""Tabela2/L18-10.txt"",10,""job-grouping-sat"",""clique"",""free-initial-magazine-v1""]",cadical300,seqcounter,1200.0,"{""cardinality"":""seqcounter"",""configuration_version"":""job-grouping-sat-v1"",""objective_version"":""free-initial-magazine-v1"",""solver"":""cadical300"",""strength"":""clique"",""time_limit"":1200.0}"
Yanasse,Tabela2/L18-2.txt,2,job-grouping-sat,clique,free-initial-magazine-v1,OPTIMAL,9,9,25,20,5,5,5,5,5,0,0,0,0.000000000,0.000000000,0.000167804,0.000216640,0.000167804,0,0,0,0,0,0,0,"[1, 0, 2, 7, 6, 8, 5, 3, 4]",dafa51806e42bb67e50055de1b12d50aefee34f1b7e17febde52e0e5f4ccbfa9,job-grouping-sat-v1,a54742cc4785a1c57020713cb318b867bf332281940c4a836f44779c7cd99577,"[""Tabela2/L18-2.txt"",2,""job-grouping-sat"",""clique"",""free-initial-magazine-v1""]",cadical300,seqcounter,1200.0,"{""cardinality"":""seqcounter"",""configuration_version"":""job-grouping-sat-v1"",""objective_version"":""free-initial-magazine-v1"",""solver"":""cadical300"",""strength"":""clique"",""time_limit"":1200.0}"
Yanasse,Tabela2/L18-3.txt,3,job-grouping-sat,clique,free-initial-magazine-v1,OPTIMAL,9,9,25,20,5,5,5,5,4,0,0,0,0.000000000,0.000000000,0.000156104,0.000206207,0.000156104,0,0,0,0,0,0,0,"[3, 8, 2, 7, 4, 0, 5, 6, 1]",9336cdf5796498c6b98622837b3226117b2ea561dcbdc07c177a1b36c11f43d6,job-grouping-sat-v1,a54742cc4785a1c57020713cb318b867bf332281940c4a836f44779c7cd99577,"[""Tabela2/L18-3.txt"",3,""job-grouping-sat"",""clique"",""free-initial-magazine-v1""]",cadical300,seqcounter,1200.0,"{""cardinality"":""seqcounter"",""configuration_version"":""job-grouping-sat-v1"",""objective_version"":""free-initial-magazine-v1"",""solver"":""cadical300"",""strength"":""clique"",""time_limit"":1200.0}"
Yanasse,Tabela2/L18-4.txt,4,job-grouping-sat,clique,free-initial-magazine-v1,OPTIMAL,9,9,25,20,5,5,5,5,5,0,0,0,0.000000000,0.000000000,0.000159137,0.000209050,0.000159137,0,0,0,0,0,0,0,"[4, 0, 3, 5, 7, 1, 2, 6, 8]",7ee70e32880567002b618eba3ad7f1b95f961265aafe79d0b1b824db0944c14f,job-grouping-sat-v1,a54742cc4785a1c57020713cb318b867bf332281940c4a836f44779c7cd99577,"[""Tabela2/L18-4.txt"",4,""job-grouping-sat"",""clique"",""free-initial-magazine-v1""]",cadical300,seqcounter,1200.0,"{""cardinality"":""seqcounter"",""configuration_version"":""job-grouping-sat-v1"",""objective_version"":""free-initial-magazine-v1"",""solver"":""cadical300"",""strength"":""clique"",""time_limit"":1200.0}"
Yanasse,Tabela2/L18-5.txt,5,job-grouping-sat,clique,free-initial-magazine-v1,OPTIMAL,9,9,25,20,5,5,5,5,5,0,0,0,0.000000000,0.000000000,0.000168858,0.000219882,0.000168858,0,0,0,0,0,0,0,"[2, 1, 5, 7, 8, 0, 3, 6, 4]",34b3d6fb182be0e3b5c7646b93671528774d29f67086a8794c8f3a7c5cace0e6,job-grouping-sat-v1,a54742cc4785a1c57020713cb318b867bf332281940c4a836f44779c7cd99577,"[""Tabela2/L18-5.txt"",5,""job-grouping-sat"",""clique"",""free-initial-magazine-v1""]",cadical300,seqcounter,1200.0,"{""cardinality"":""seqcounter"",""configuration_version"":""job-grouping-sat-v1"",""objective_version"":""free-initial-magazine-v1"",""solver"":""cadical300"",""strength"":""clique"",""time_limit"":1200.0}"
Yanasse,Tabela2/L18-6.txt,6,job-grouping-sat,clique,free-initial-magazine-v1,OPTIMAL,9,9,25,20,5,5,5,5,4,0,0,0,0.000000000,0.000000000,0.000176561,0.000231089,0.000176561,0,0,0,0,0,0,0,"[4, 1, 3, 6, 8, 5, 0, 2, 7]",d4aad4a137af5e821bd7c12f752e2b67cf923ef4c3cb7035712343d842b8dcbf,job-grouping-sat-v1,a54742cc4785a1c57020713cb318b867bf332281940c4a836f44779c7cd99577,"[""Tabela2/L18-6.txt"",6,""job-grouping-sat"",""clique"",""free-initial-magazine-v1""]",cadical300,seqcounter,1200.0,"{""cardinality"":""seqcounter"",""configuration_version"":""job-grouping-sat-v1"",""objective_version"":""free-initial-magazine-v1"",""solver"":""cadical300"",""strength"":""clique"",""time_limit"":1200.0}"
Yanasse,Tabela2/L18-7.txt,7,job-grouping-sat,clique,free-initial-magazine-v1,OPTIMAL,9,9,25,20,5,5,5,5,3,0,0,0,0.000000000,0.000000000,0.000170050,0.000221006,0.000170050,0,0,0,0,0,0,0,"[6, 5, 0, 8, 4, 2, 7, 1, 3]",3a9bffa8a26c0b94b8bb24927763ae5728b7995f779caf1ff5e8991ebe36a8f3,job-grouping-sat-v1,a54742cc4785a1c57020713cb318b867bf332281940c4a836f44779c7cd99577,"[""Tabela2/L18-7.txt"",7,""job-grouping-sat"",""clique"",""free-initial-magazine-v1""]",cadical300,seqcounter,1200.0,"{""cardinality"":""seqcounter"",""configuration_version"":""job-grouping-sat-v1"",""objective_version"":""free-initial-magazine-v1"",""solver"":""cadical300"",""strength"":""clique"",""time_limit"":1200.0}"
Yanasse,Tabela2/L18-8.txt,8,job-grouping-sat,clique,free-initial-magazine-v1,OPTIMAL,9,9,25,20,5,5,5,5,4,0,0,0,0.000000000,0.000000000,0.000157765,0.000205802,0.000157765,0,0,0,0,0,0,0,"[3, 1, 7, 2, 6, 4, 0, 8, 5]",a8d3c9ea1f5ad042b31c013256b7522c5d15fa925ab911449b09e31ee460e9e9,job-grouping-sat-v1,a54742cc4785a1c57020713cb318b867bf332281940c4a836f44779c7cd99577,"[""Tabela2/L18-8.txt"",8,""job-grouping-sat"",""clique"",""free-initial-magazine-v1""]",cadical300,seqcounter,1200.0,"{""cardinality"":""seqcounter"",""configuration_version"":""job-grouping-sat-v1"",""objective_version"":""free-initial-magazine-v1"",""solver"":""cadical300"",""strength"":""clique"",""time_limit"":1200.0}"
Yanasse,Tabela2/L18-9.txt,9,job-grouping-sat,clique,free-initial-magazine-v1,OPTIMAL,9,9,25,20,5,5,5,5,5,0,0,0,0.000000000,0.000000000,0.000164523,0.000215264,0.000164523,0,0,0,0,0,0,0,"[1, 4, 8, 3, 5, 2, 7, 0, 6]",fdd3837f8ee81a7e6a2291c765e612f5c80a51599314667231ba0ab26a816282,job-grouping-sat-v1,a54742cc4785a1c57020713cb318b867bf332281940c4a836f44779c7cd99577,"[""Tabela2/L18-9.txt"",9,""job-grouping-sat"",""clique"",""free-initial-magazine-v1""]",cadical300,seqcounter,1200.0,"{""cardinality"":""seqcounter"",""configuration_version"":""job-grouping-sat-v1"",""objective_version"":""free-initial-magazine-v1"",""solver"":""cadical300"",""strength"":""clique"",""time_limit"":1200.0}"
Yanasse,Tabela2/L19-1.txt,1,job-grouping-sat,clique,free-initial-magazine-v1,OPTIMAL,9,9,25,20,5,7,5,5,5,2,2,0,0.045542522,0.014392140,0.000221204,0.073653413,0.073450285,335,1245,3720,2256,8573,267686,55,"[0, 1, 2, 3, 7, 6, 4, 5, 8]",313014421b797e5a02c3cb3fde4ebafee93b193a96003135b1b1f590453bdaa7,job-grouping-sat-v1,a54742cc4785a1c57020713cb318b867bf332281940c4a836f44779c7cd99577,"[""Tabela2/L19-1.txt"",1,""job-grouping-sat"",""clique"",""free-initial-magazine-v1""]",cadical300,seqcounter,1200.0,"{""cardinality"":""seqcounter"",""configuration_version"":""job-grouping-sat-v1"",""objective_version"":""free-initial-magazine-v1"",""solver"":""cadical300"",""strength"":""clique"",""time_limit"":1200.0}"
Yanasse,Tabela2/L19-10.txt,10,job-grouping-sat,clique,free-initial-magazine-v1,OPTIMAL,9,9,25,20,5,8,5,5,3,2,2,0,0.094404013,0.017647590,0.000272144,0.126574307,0.126317370,335,1245,3750,4280,10988,481818,51,"[1, 2, 4, 8, 3, 6, 7, 0, 5]",d628908275177701b1beffdccb0d871aa28ce5fd4710ea5a232567c2b3856a8a,job-grouping-sat-v1,a54742cc4785a1c57020713cb318b867bf332281940c4a836f44779c7cd99577,"[""Tabela2/L19-10.txt"",10,""job-grouping-sat"",""clique"",""free-initial-magazine-v1""]",cadical300,seqcounter,1200.0,"{""cardinality"":""seqcounter"",""configuration_version"":""job-grouping-sat-v1"",""objective_version"":""free-initial-magazine-v1"",""solver"":""cadical300"",""strength"":""clique"",""time_limit"":1200.0}"
Yanasse,Tabela2/L19-2.txt,2,job-grouping-sat,clique,free-initial-magazine-v1,OPTIMAL,9,9,25,20,5,7,5,5,5,1,1,0,0.011052398,0.007589991,0.000227321,0.025651338,0.025386906,395,1618,4696,223,2903,29733,3,"[4, 7, 8, 6, 3, 0, 1, 2, 5]",7f9c1513430b14464fce31a1fbf4afeec643601649ac9a2d36a137af79b0ee02,job-grouping-sat-v1,a54742cc4785a1c57020713cb318b867bf332281940c4a836f44779c7cd99577,"[""Tabela2/L19-2.txt"",2,""job-grouping-sat"",""clique"",""free-initial-magazine-v1""]",cadical300,seqcounter,1200.0,"{""cardinality"":""seqcounter"",""configuration_version"":""job-grouping-sat-v1"",""objective_version"":""free-initial-magazine-v1"",""solver"":""cadical300"",""strength"":""clique"",""time_limit"":1200.0}"
Yanasse,Tabela2/L19-3.txt,3,job-grouping-sat,clique,free-initial-magazine-v1,OPTIMAL,9,9,25,20,5,5,5,5,5,0,0,0,0.000000000,0.000000000,0.000186693,0.000236603,0.000186693,0,0,0,0,0,0,0,"[3, 1, 6, 8, 2, 0, 7, 5, 4]",50107e029fd886d5c26741c6857c4bed1af37c3d3de7a5936ce3e3d1b3c924ec,job-grouping-sat-v1,a54742cc4785a1c57020713cb318b867bf332281940c4a836f44779c7cd99577,"[""Tabela2/L19-3.txt"",3,""job-grouping-sat"",""clique"",""free-initial-magazine-v1""]",cadical300,seqcounter,1200.0,"{""cardinality"":""seqcounter"",""configuration_version"":""job-grouping-sat-v1"",""objective_version"":""free-initial-magazine-v1"",""solver"":""cadical300"",""strength"":""clique"",""time_limit"":1200.0}"
Yanasse,Tabela2/L19-4.txt,4,job-grouping-sat,clique,free-initial-magazine-v1,OPTIMAL,9,9,25,20,5,9,5,5,3,1,1,0,0.000197190,0.010978243,0.000200722,0.019334247,0.019028564,515,2508,6951,0,0,0,0,"[0, 1, 2, 4, 7, 3, 8, 5, 6]",378d165425d4bffd7118e9f1173bb3f76228176408dbd86d21c7c99b00b0b33e,job-grouping-sat-v1,a54742cc4785a1c57020713cb318b867bf332281940c4a836f44779c7cd99577,"[""Tabela2/L19-4.txt"",4,""job-grouping-sat"",""clique"",""free-initial-magazine-v1""]",cadical300,seqcounter,1200.0,"{""cardinality"":""seqcounter"",""configuration_version"":""job-grouping-sat-v1"",""objective_version"":""free-initial-magazine-v1"",""solver"":""cadical300"",""strength"":""clique"",""time_limit"":1200.0}"
Yanasse,Tabela2/L19-5.txt,5,job-grouping-sat,clique,free-initial-magazine-v1,OPTIMAL,9,9,25,20,5,7,5,5,4,1,1,0,0.010452427,0.007139803,0.000209947,0.024224859,0.023972622,395,1618,4682,166,2746,26094,2,"[3, 8, 0, 4, 2, 7, 1, 5, 6]",d4f3eb2a919ece7a0dcb02983d1de86d4dc74f69926e91a4a37938bef11170de,job-grouping-sat-v1,a54742cc4785a1c57020713cb318b867bf332281940c4a836f44779c7cd99577,"[""Tabela2/L19-5.txt"",5,""job-grouping-sat"",""clique"",""free-initial-magazine-v1""]",cadical300,seqcounter,1200.0,"{""cardinality"":""seqcounter"",""configuration_version"":""job-grouping-sat-v1"",""objective_version"":""free-initial-magazine-v1"",""solver"":""cadical300"",""strength"":""clique"",""time_limit"":1200.0}"
Yanasse,Tabela2/L19-6.txt,6,job-grouping-sat,clique,free-initial-magazine-v1,OPTIMAL,9,9,25,20,5,6,5,5,4,1,1,0,0.084061375,0.006763968,0.000312976,0.097847274,0.097576904,335,1245,3702,4650,14299,524424,313,"[1, 2, 3, 4, 6, 8, 7, 0, 5]",550973efd004851d701d48f2c2da07271e33168f83523cce1e49daabf30d44a2,job-grouping-sat-v1,a54742cc4785a1c57020713cb318b867bf332281940c4a836f44779c7cd99577,"[""Tabela2/L19-6.txt"",6,""job-grouping-sat"",""clique"",""free-initial-magazine-v1""]",cadical300,seqcounter,1200.0,"{""cardinality"":""seqcounter"",""configuration_version"":""job-grouping-sat-v1"",""objective_version"":""free-initial-magazine-v1"",""solver"":""cadical300"",""strength"":""clique"",""time_limit"":1200.0}"
Yanasse,Tabela2/L19-7.txt,7,job-grouping-sat,clique,free-initial-magazine-v1,OPTIMAL,9,9,25,20,5,5,5,5,3,0,0,0,0.000000000,0.000000000,0.000182153,0.000230075,0.000182153,0,0,0,0,0,0,0,"[1, 4, 5, 7, 3, 0, 2, 6, 8]",5ec3bbba040494b302b37995a65db11d89a8cef12d760c2bea9b02361efdee61,job-grouping-sat-v1,a54742cc4785a1c57020713cb318b867bf332281940c4a836f44779c7cd99577,"[""Tabela2/L19-7.txt"",7,""job-grouping-sat"",""clique"",""free-initial-magazine-v1""]",cadical300,seqcounter,1200.0,"{""cardinality"":""seqcounter"",""configuration_version"":""job-grouping-sat-v1"",""objective_version"":""free-initial-magazine-v1"",""solver"":""cadical300"",""strength"":""clique"",""time_limit"":1200.0}"
Yanasse,Tabela2/L19-8.txt,8,job-grouping-sat,clique,free-initial-magazine-v1,OPTIMAL,9,9,25,20,5,5,5,5,3,0,0,0,0.000000000,0.000000000,0.000180090,0.000230923,0.000180090,0,0,0,0,0,0,0,"[4, 0, 1, 6, 7, 5, 3, 8, 2]",9387a02527ca4b37191c2ada7f42dadd0dffa443d6ed88542ecd9a5554f73956,job-grouping-sat-v1,a54742cc4785a1c57020713cb318b867bf332281940c4a836f44779c7cd99577,"[""Tabela2/L19-8.txt"",8,""job-grouping-sat"",""clique"",""free-initial-magazine-v1""]",cadical300,seqcounter,1200.0,"{""cardinality"":""seqcounter"",""configuration_version"":""job-grouping-sat-v1"",""objective_version"":""free-initial-magazine-v1"",""solver"":""cadical300"",""strength"":""clique"",""time_limit"":1200.0}"
Yanasse,Tabela2/L19-9.txt,9,job-grouping-sat,clique,free-initial-magazine-v1,OPTIMAL,9,9,25,20,5,8,5,5,4,2,2,0,0.029200081,0.022267651,0.000265960,0.067795603,0.067537620,335,1245,3744,864,7297,103464,47,"[1, 3, 5, 8, 2, 7, 0, 4, 6]",449b23e925e77f9518cdd65d6cb575bc6bfde344c36a7fe18a402ee0ee609358,job-grouping-sat-v1,a54742cc4785a1c57020713cb318b867bf332281940c4a836f44779c7cd99577,"[""Tabela2/L19-9.txt"",9,""job-grouping-sat"",""clique"",""free-initial-magazine-v1""]",cadical300,seqcounter,1200.0,"{""cardinality"":""seqcounter"",""configuration_version"":""job-grouping-sat-v1"",""objective_version"":""free-initial-magazine-v1"",""solver"":""cadical300"",""strength"":""clique"",""time_limit"":1200.0}"
Yanasse,Tabela2/L2-1.txt,1,job-grouping-sat,clique,free-initial-magazine-v1,OPTIMAL,9,9,15,10,5,5,5,5,3,0,0,0,0.000000000,0.000000000,0.000155407,0.000192476,0.000155407,0,0,0,0,0,0,0,"[4, 5, 6, 7, 0, 3, 8, 2, 1]",ff612f617e718358886cac0c3c763a51a3f74c791b5b6221332d66dd4d4d083f,job-grouping-sat-v1,a54742cc4785a1c57020713cb318b867bf332281940c4a836f44779c7cd99577,"[""Tabela2/L2-1.txt"",1,""job-grouping-sat"",""clique"",""free-initial-magazine-v1""]",cadical300,seqcounter,1200.0,"{""cardinality"":""seqcounter"",""configuration_version"":""job-grouping-sat-v1"",""objective_version"":""free-initial-magazine-v1"",""solver"":""cadical300"",""strength"":""clique"",""time_limit"":1200.0}"
Yanasse,Tabela2/L2-10.txt,10,job-grouping-sat,clique,free-initial-magazine-v1,OPTIMAL,9,9,15,10,5,5,5,5,6,0,0,0,0.000000000,0.000000000,0.000140959,0.000178145,0.000140959,0,0,0,0,0,0,0,"[8, 2, 6, 0, 1, 4, 7, 3, 5]",bdb27f33088521b36fff326c77260e27f1667b2ea23dff916dbe2bb2f6b72a05,job-grouping-sat-v1,a54742cc4785a1c57020713cb318b867bf332281940c4a836f44779c7cd99577,"[""Tabela2/L2-10.txt"",10,""job-grouping-sat"",""clique"",""free-initial-magazine-v1""]",cadical300,seqcounter,1200.0,"{""cardinality"":""seqcounter"",""configuration_version"":""job-grouping-sat-v1"",""objective_version"":""free-initial-magazine-v1"",""solver"":""cadical300"",""strength"":""clique"",""time_limit"":1200.0}"
Yanasse,Tabela2/L2-2.txt,2,job-grouping-sat,clique,free-initial-magazine-v1,OPTIMAL,9,9,15,10,5,5,5,5,5,0,0,0,0.000000000,0.000000000,0.000136415,0.000173183,0.000136415,0,0,0,0,0,0,0,"[8, 4, 7, 0, 1, 3, 5, 6, 2]",064611fcb216464cbc5a842387d1d104c4244ed730a3ade98fc524d563eaaf3b,job-grouping-sat-v1,a54742cc4785a1c57020713cb318b867bf332281940c4a836f44779c7cd99577,"[""Tabela2/L2-2.txt"",2,""job-grouping-sat"",""clique"",""free-initial-magazine-v1""]",cadical300,seqcounter,1200.0,"{""cardinality"":""seqcounter"",""configuration_version"":""job-grouping-sat-v1"",""objective_version"":""free-initial-magazine-v1"",""solver"":""cadical300"",""strength"":""clique"",""time_limit"":1200.0}"
Yanasse,Tabela2/L2-3.txt,3,job-grouping-sat,clique,free-initial-magazine-v1,OPTIMAL,9,9,15,10,5,5,5,5,4,0,0,0,0.000000000,0.000000000,0.000145709,0.000184095,0.000145709,0,0,0,0,0,0,0,"[8, 6, 0, 4, 3, 2, 5, 7, 1]",ba6317f6f45d85294fb860d0d1bae05bb948b5cab2ea4ab34d67ddd53f908da8,job-grouping-sat-v1,a54742cc4785a1c57020713cb318b867bf332281940c4a836f44779c7cd99577,"[""Tabela2/L2-3.txt"",3,""job-grouping-sat"",""clique"",""free-initial-magazine-v1""]",cadical300,seqcounter,1200.0,"{""cardinality"":""seqcounter"",""configuration_version"":""job-grouping-sat-v1"",""objective_version"":""free-initial-magazine-v1"",""solver"":""cadical300"",""strength"":""clique"",""time_limit"":1200.0}"
Yanasse,Tabela2/L2-4.txt,4,job-grouping-sat,clique,free-initial-magazine-v1,OPTIMAL,9,9,15,10,5,5,5,5,5,0,0,0,0.000000000,0.000000000,0.000142492,0.000178366,0.000142492,0,0,0,0,0,0,0,"[0, 3, 1, 6, 4, 7, 5, 2, 8]",dcd39c7eb37f94f8016d7403fc9ba2220228c40136b27fcf40a4eb3f8c21bc74,job-grouping-sat-v1,a54742cc4785a1c57020713cb318b867bf332281940c4a836f44779c7cd99577,"[""Tabela2/L2-4.txt"",4,""job-grouping-sat"",""clique"",""free-initial-magazine-v1""]",cadical300,seqcounter,1200.0,"{""cardinality"":""seqcounter"",""configuration_version"":""job-grouping-sat-v1"",""objective_version"":""free-initial-magazine-v1"",""solver"":""cadical300"",""strength"":""clique"",""time_limit"":1200.0}"
Yanasse,Tabela2/L2-5.txt,5,job-grouping-sat,clique,free-initial-magazine-v1,OPTIMAL,9,9,15,10,5,5,5,5,5,0,0,0,0.000000000,0.000000000,0.000149733,0.000187699,0.000149733,0,0,0,0,0,0,0,"[2, 7, 1, 3, 4, 5, 6, 8, 0]",3d3729f12e6539476a4a0993ea88a1ddb430cd35bce95413f6636777d3cc6f15,job-grouping-sat-v1,a54742cc4785a1c57020713cb318b867bf332281940c4a836f44779c7cd99577,"[""Tabela2/L2-5.txt"",5,""job-grouping-sat"",""clique"",""free-initial-magazine-v1""]",cadical300,seqcounter,1200.0,"{""cardinality"":""seqcounter"",""configuration_version"":""job-grouping-sat-v1"",""objective_version"":""free-initial-magazine-v1"",""solver"":""cadical300"",""strength"":""clique"",""time_limit"":1200.0}"
Yanasse,Tabela2/L2-6.txt,6,job-grouping-sat,clique,free-initial-magazine-v1,OPTIMAL,9,9,15,10,5,5,5,5,4,0,0,0,0.000000000,0.000000000,0.000246544,0.000299268,0.000246544,0,0,0,0,0,0,0,"[6, 7, 2, 8, 3, 4, 0, 5, 1]",ef266e7d19bb1211908cc840f4fa021f243a140d89a0efc6101fddd9df4e9063,job-grouping-sat-v1,a54742cc4785a1c57020713cb318b867bf332281940c4a836f44779c7cd99577,"[""Tabela2/L2-6.txt"",6,""job-grouping-sat"",""clique"",""free-initial-magazine-v1""]",cadical300,seqcounter,1200.0,"{""cardinality"":""seqcounter"",""configuration_version"":""job-grouping-sat-v1"",""objective_version"":""free-initial-magazine-v1"",""solver"":""cadical300"",""strength"":""clique"",""time_limit"":1200.0}"
Yanasse,Tabela2/L2-7.txt,7,job-grouping-sat,clique,free-initial-magazine-v1,OPTIMAL,9,9,15,10,5,5,5,5,4,0,0,0,0.000000000,0.000000000,0.000155350,0.000195751,0.000155350,0,0,0,0,0,0,0,"[6, 8, 1, 7, 2, 3, 0, 4, 5]",0d323bfdcd08347c290e3fe8dfecf39d49fd3adaebabe02e8772269dc581c2cf,job-grouping-sat-v1,a54742cc4785a1c57020713cb318b867bf332281940c4a836f44779c7cd99577,"[""Tabela2/L2-7.txt"",7,""job-grouping-sat"",""clique"",""free-initial-magazine-v1""]",cadical300,seqcounter,1200.0,"{""cardinality"":""seqcounter"",""configuration_version"":""job-grouping-sat-v1"",""objective_version"":""free-initial-magazine-v1"",""solver"":""cadical300"",""strength"":""clique"",""time_limit"":1200.0}"
Yanasse,Tabela2/L2-8.txt,8,job-grouping-sat,clique,free-initial-magazine-v1,OPTIMAL,9,9,15,10,5,5,5,5,5,0,0,0,0.000000000,0.000000000,0.000135194,0.000170295,0.000135194,0,0,0,0,0,0,0,"[3, 7, 0, 8, 5, 6, 1, 2, 4]",2a5bbea699b104a175301ae60197a940686e7a48e212a842d25e81cc6a5b1c5d,job-grouping-sat-v1,a54742cc4785a1c57020713cb318b867bf332281940c4a836f44779c7cd99577,"[""Tabela2/L2-8.txt"",8,""job-grouping-sat"",""clique"",""free-initial-magazine-v1""]",cadical300,seqcounter,1200.0,"{""cardinality"":""seqcounter"",""configuration_version"":""job-grouping-sat-v1"",""objective_version"":""free-initial-magazine-v1"",""solver"":""cadical300"",""strength"":""clique"",""time_limit"":1200.0}"
Yanasse,Tabela2/L2-9.txt,9,job-grouping-sat,clique,free-initial-magazine-v1,OPTIMAL,9,9,15,10,5,6,5,5,2,1,1,0,0.000109892,0.003798431,0.000197440,0.009258543,0.009112555,225,695,2090,0,0,0,0,"[0, 1, 3, 4, 5, 7, 2, 6, 8]",52d2df8eb480dacdfec1b78f22e6efabbd9de40b0d74e6e4e418089250b836c6,job-grouping-sat-v1,a54742cc4785a1c57020713cb318b867bf332281940c4a836f44779c7cd99577,"[""Tabela2/L2-9.txt"",9,""job-grouping-sat"",""clique"",""free-initial-magazine-v1""]",cadical300,seqcounter,1200.0,"{""cardinality"":""seqcounter"",""configuration_version"":""job-grouping-sat-v1"",""objective_version"":""free-initial-magazine-v1"",""solver"":""cadical300"",""strength"":""clique"",""time_limit"":1200.0}"
Yanasse,Tabela2/L20-1.txt,1,job-grouping-sat,clique,free-initial-magazine-v1,OPTIMAL,9,9,25,20,5,6,5,5,5,1,1,0,0.014618177,0.005922848,0.000231699,0.026397619,0.026102823,335,1245,3630,532,2884,53810,12,"[0, 1, 5, 7, 4, 3, 6, 2, 8]",d1249d436883fb83baa0b648d0ee1ee2933180c7441acb2e16367480feba5c27,job-grouping-sat-v1,a54742cc4785a1c57020713cb318b867bf332281940c4a836f44779c7cd99577,"[""Tabela2/L20-1.txt"",1,""job-grouping-sat"",""clique"",""free-initial-magazine-v1""]",cadical300,seqcounter,1200.0,"{""cardinality"":""seqcounter"",""configuration_version"":""job-grouping-sat-v1"",""objective_version"":""free-initial-magazine-v1"",""solver"":""cadical300"",""strength"":""clique"",""time_limit"":1200.0}"
Yanasse,Tabela2/L20-10.txt,10,job-grouping-sat,clique,free-initial-magazine-v1,OPTIMAL,9,9,25,20,5,12,8,8,6,4,3,1,1.616081925,0.047079553,0.000338466,1.697721511,0.295730519,455,2111,6122,77573,142906,8638229,1998,"[0, 2, 5, 7, 1, 4, 6, 3, 8]",8918d9757fa35bc175cb6050e4943461f0b195a17efaf6aa01d0e9ecce0d2056,job-grouping-sat-v1,a54742cc4785a1c57020713cb318b867bf332281940c4a836f44779c7cd99577,"[""Tabela2/L20-10.txt"",10,""job-grouping-sat"",""clique"",""free-initial-magazine-v1""]",cadical300,seqcounter,1200.0,"{""cardinality"":""seqcounter"",""configuration_version"":""job-grouping-sat-v1"",""objective_version"":""free-initial-magazine-v1"",""solver"":""cadical300"",""strength"":""clique"",""time_limit"":1200.0}"
Yanasse,Tabela2/L20-2.txt,2,job-grouping-sat,clique,free-initial-magazine-v1,OPTIMAL,9,9,25,20,5,12,9,9,5,4,3,1,3.464515657,0.052691846,0.000366852,3.554372882,0.926475427,515,2580,7365,141768,265300,18921332,3440,"[4, 8, 1, 3, 6, 7, 0, 5, 2]",d039baf6832ff22522de9d5df70726bc03c59aa6b6b2370a89bb268e1d556c0b,job-grouping-sat-v1,a54742cc4785a1c57020713cb318b867bf332281940c4a836f44779c7cd99577,"[""Tabela2/L20-2.txt"",2,""job-grouping-sat"",""clique"",""free-initial-magazine-v1""]",cadical300,seqcounter,1200.0,"{""cardinality"":""seqcounter"",""configuration_version"":""job-grouping-sat-v1"",""objective_version"":""free-initial-magazine-v1"",""solver"":""cadical300"",""strength"":""clique"",""time_limit"":1200.0}"
Yanasse,Tabela2/L20-3.txt,3,job-grouping-sat,clique,free-initial-magazine-v1,OPTIMAL,9,9,25,20,5,17,11,11,6,4,3,1,3.583871511,0.055761315,0.000420664,3.682759211,0.246380774,515,3016,8476,130624,230432,23166837,3226,"[2, 8, 3, 4, 1, 6, 0, 5, 7]",41506c52b13df3c54c0d036dd2d45273bc9386446fec876aeae1637c4450666a,job-grouping-sat-v1,a54742cc4785a1c57020713cb318b867bf332281940c4a836f44779c7cd99577,"[""Tabela2/L20-3.txt"",3,""job-grouping-sat"",""clique"",""free-initial-magazine-v1""]",cadical300,seqcounter,1200.0,"{""cardinality"":""seqcounter"",""configuration_version"":""job-grouping-sat-v1"",""objective_version"":""free-initial-magazine-v1"",""solver"":""cadical300"",""strength"":""clique"",""time_limit"":1200.0}"
Yanasse,Tabela2/L20-4.txt,4,job-grouping-sat,clique,free-initial-magazine-v1,OPTIMAL,9,9,25,20,5,5,5,5,4,0,0,0,0.000000000,0.000000000,0.000187039,0.000232603,0.000187039,0,0,0,0,0,0,0,"[3, 0, 2, 1, 4, 5, 8, 7, 6]",fd320de48a754c6c2bbf5a6355e36c825cc0d0b05c7121254aa7ff775dc3e8c8,job-grouping-sat-v1,a54742cc4785a1c57020713cb318b867bf332281940c4a836f44779c7cd99577,"[""Tabela2/L20-4.txt"",4,""job-grouping-sat"",""clique"",""free-initial-magazine-v1""]",cadical300,seqcounter,1200.0,"{""cardinality"":""seqcounter"",""configuration_version"":""job-grouping-sat-v1"",""objective_version"":""free-initial-magazine-v1"",""solver"":""cadical300"",""strength"":""clique"",""time_limit"":1200.0}"
Yanasse,Tabela2/L20-5.txt,5,job-grouping-sat,clique,free-initial-magazine-v1,OPTIMAL,9,9,25,20,5,7,5,5,3,2,2,0,0.032406858,0.015052582,0.000217566,0.060825595,0.060596217,335,1245,3720,1342,6512,137700,12,"[2, 3, 4, 8, 0, 5, 1, 6, 7]",bda4c9a77173c6f6cdf9a4bd6673896bb653d1d9d95a0bccbbaba2b6be30e4ec,job-grouping-sat-v1,a54742cc4785a1c57020713cb318b867bf332281940c4a836f44779c7cd99577,"[""Tabela2/L20-5.txt"",5,""job-grouping-sat"",""clique"",""free-initial-magazine-v1""]",cadical300,seqcounter,1200.0,"{""cardinality"":""seqcounter"",""configuration_version"":""job-grouping-sat-v1"",""objective_version"":""free-initial-magazine-v1"",""solver"":""cadical300"",""strength"":""clique"",""time_limit"":1200.0}"
Yanasse,Tabela2/L20-6.txt,6,job-grouping-sat,clique,free-initial-magazine-v1,OPTIMAL,9,9,25,20,5,5,5,5,5,0,0,0,0.000000000,0.000000000,0.000183010,0.000231426,0.000183010,0,0,0,0,0,0,0,"[7, 3, 5, 8, 2, 4, 0, 1, 6]",28a2f704601a6d2a2db88a9df7952edfd58f9bce9492d21d1479a4556189b229,job-grouping-sat-v1,a54742cc4785a1c57020713cb318b867bf332281940c4a836f44779c7cd99577,"[""Tabela2/L20-6.txt"",6,""job-grouping-sat"",""clique"",""free-initial-magazine-v1""]",cadical300,seqcounter,1200.0,"{""cardinality"":""seqcounter"",""configuration_version"":""job-grouping-sat-v1"",""objective_version"":""free-initial-magazine-v1"",""solver"":""cadical300"",""strength"":""clique"",""time_limit"":1200.0}"
Yanasse,Tabela2/L20-7.txt,7,job-grouping-sat,clique,free-initial-magazine-v1,OPTIMAL,9,9,25,20,5,9,5,5,6,2,2,0,0.021000415,0.023254941,0.000247512,0.061098339,0.060740475,455,2055,5866,717,4100,85915,4,"[2, 1, 5, 8, 4, 6, 0, 3, 7]",ba3492d98389168a3407871552c6566edfa8d2d152d365040d66049bb4840dc4,job-grouping-sat-v1,a54742cc4785a1c57020713cb318b867bf332281940c4a836f44779c7cd99577,"[""Tabela2/L20-7.txt"",7,""job-grouping-sat"",""clique"",""free-initial-magazine-v1""]",cadical300,seqcounter,1200.0,"{""cardinality"":""seqcounter"",""configuration_version"":""job-grouping-sat-v1"",""objective_version"":""free-initial-magazine-v1"",""solver"":""cadical300"",""strength"":""clique"",""time_limit"":1200.0}"
Yanasse,Tabela2/L20-8.txt,8,job-grouping-sat,clique,free-initial-magazine-v1,OPTIMAL,9,9,25,20,5,9,6,6,7,4,3,1,0.816245167,0.041747182,0.000400973,0.889555524,0.689552368,335,1257,3840,42309,74109,4547723,700,"[1, 2, 7, 8, 4, 5, 6, 0, 3]",fe9c6534dfc1760da00aa90e0a5520b4e7ac1a208d1898906452fa63b31b3093,job-grouping-sat-v1,a54742cc4785a1c57020713cb318b867bf332281940c4a836f44779c7cd99577,"[""Tabela2/L20-8.txt"",8,""job-grouping-sat"",""clique"",""free-initial-magazine-v1""]",cadical300,seqcounter,1200.0,"{""cardinality"":""seqcounter"",""configuration_version"":""job-grouping-sat-v1"",""objective_version"":""free-initial-magazine-v1"",""solver"":""cadical300"",""strength"":""clique"",""time_limit"":1200.0}"
Yanasse,Tabela2/L20-9.txt,9,job-grouping-sat,clique,free-initial-magazine-v1,OPTIMAL,9,9,25,20,5,10,8,8,4,2,1,1,8.855277737,0.021812242,0.000280826,8.895166904,0.034910974,455,2055,5986,370339,614025,30517848,12172,"[0, 8, 2, 4, 7, 1, 5, 6, 3]",af5a45b317fd84c84b1a89d60c7682a8b167ec6feb7bab041312660590b6d1e0,job-grouping-sat-v1,a54742cc4785a1c57020713cb318b867bf332281940c4a836f44779c7cd99577,"[""Tabela2/L20-9.txt"",9,""job-grouping-sat"",""clique"",""free-initial-magazine-v1""]",cadical300,seqcounter,1200.0,"{""cardinality"":""seqcounter"",""configuration_version"":""job-grouping-sat-v1"",""objective_version"":""free-initial-magazine-v1"",""solver"":""cadical300"",""strength"":""clique"",""time_limit"":1200.0}"
Yanasse,Tabela2/L21-1.txt,1,job-grouping-sat,clique,free-initial-magazine-v1,OPTIMAL,9,9,25,20,5,5,5,5,4,0,0,0,0.000000000,0.000000000,0.000197053,0.000246931,0.000197053,0,0,0,0,0,0,0,"[0, 5, 3, 8, 1, 4, 7, 2, 6]",f4e2da8788a9a87af97c2c18c0d56675f3f81dec3a5cf3a7470085cb88ac1ef8,job-grouping-sat-v1,a54742cc4785a1c57020713cb318b867bf332281940c4a836f44779c7cd99577,"[""Tabela2/L21-1.txt"",1,""job-grouping-sat"",""clique"",""free-initial-magazine-v1""]",cadical300,seqcounter,1200.0,"{""cardinality"":""seqcounter"",""configuration_version"":""job-grouping-sat-v1"",""objective_version"":""free-initial-magazine-v1"",""solver"":""cadical300"",""strength"":""clique"",""time_limit"":1200.0}"
Yanasse,Tabela2/L21-10.txt,10,job-grouping-sat,clique,free-initial-magazine-v1,OPTIMAL,9,9,25,20,5,5,5,5,4,0,0,0,0.000000000,0.000000000,0.000164383,0.000215641,0.000164383,0,0,0,0,0,0,0,"[6, 7, 5, 1, 8, 2, 3, 0, 4]",4ebe5b44c51c9e19ed37327576045d83cd9066538d0d01140dc75fb1e4188e7d,job-grouping-sat-v1,a54742cc4785a1c57020713cb318b867bf332281940c4a836f44779c7cd99577,"[""Tabela2/L21-10.txt"",10,""job-grouping-sat"",""clique"",""free-initial-magazine-v1""]",cadical300,seqcounter,1200.0,"{""cardinality"":""seqcounter"",""configuration_version"":""job-grouping-sat-v1"",""objective_version"":""free-initial-magazine-v1"",""solver"":""cadical300"",""strength"":""clique"",""time_limit"":1200.0}"
Yanasse,Tabela2/L21-2.txt,2,job-grouping-sat,clique,free-initial-magazine-v1,OPTIMAL,9,9,25,20,5,5,5,5,5,0,0,0,0.000000000,0.000000000,0.000165884,0.000213213,0.000165884,0,0,0,0,0,0,0,"[8, 3, 4, 7, 1, 0, 2, 6, 5]",a1327fc6ded5a2be8aae7a4a4271324353f8002e2205f6b9a40303fcc1629623,job-grouping-sat-v1,a54742cc4785a1c57020713cb318b867bf332281940c4a836f44779c7cd99577,"[""Tabela2/L21-2.txt"",2,""job-grouping-sat"",""clique"",""free-initial-magazine-v1""]",cadical300,seqcounter,1200.0,"{""cardinality"":""seqcounter"",""configuration_version"":""job-grouping-sat-v1"",""objective_version"":""free-initial-magazine-v1"",""solver"":""cadical300"",""strength"":""clique"",""time_limit"":1200.0}"
Yanasse,Tabela2/L21-3.txt,3,job-grouping-sat,clique,free-initial-magazine-v1,OPTIMAL,9,9,25,20,5,5,5,5,4,0,0,0,0.000000000,0.000000000,0.000168214,0.000218221,0.000168214,0,0,0,0,0,0,0,"[7, 8, 4, 1, 3, 5, 2, 0, 6]",eb1707b8869d900a4b1ef0b0a61fb0854377523eacbda9327849c43b914a8c52,job-grouping-sat-v1,a54742cc4785a1c57020713cb318b867bf332281940c4a836f44779c7cd99577,"[""Tabela2/L21-3.txt"",3,""job-grouping-sat"",""clique"",""free-initial-magazine-v1""]",cadical300,seqcounter,1200.0,"{""cardinality"":""seqcounter"",""configuration_version"":""job-grouping-sat-v1"",""objective_version"":""free-initial-magazine-v1"",""solver"":""cadical300"",""strength"":""clique"",""time_limit"":1200.0}"
Yanasse,Tabela2/L21-4.txt,4,job-grouping-sat,clique,free-initial-magazine-v1,OPTIMAL,9,9,25,20,5,5,5,5,4,0,0,0,0.000000000,0.000000000,0.000163888,0.000214484,0.000163888,0,0,0,0,0,0,0,"[6, 5, 0, 1, 7, 8, 2, 3, 4]",5b2b1ccc72b93ea2b112e645dde4e5e82c99e7ca7c525c69d4483dd6147d1c37,job-grouping-sat-v1,a54742cc4785a1c57020713cb318b867bf332281940c4a836f44779c7cd99577,"[""Tabela2/L21-4.txt"",4,""job-grouping-sat"",""clique"",""free-initial-magazine-v1""]",cadical300,seqcounter,1200.0,"{""cardinality"":""seqcounter"",""configuration_version"":""job-grouping-sat-v1"",""objective_version"":""free-initial-magazine-v1"",""solver"":""cadical300"",""strength"":""clique"",""time_limit"":1200.0}"
Yanasse,Tabela2/L21-5.txt,5,job-grouping-sat,clique,free-initial-magazine-v1,OPTIMAL,9,9,25,20,5,5,5,5,5,0,0,0,0.000000000,0.000000000,0.000165833,0.000215948,0.000165833,0,0,0,0,0,0,0,"[3, 6, 5, 4, 8, 2, 0, 1, 7]",d37680a0516d0e4644000be038ad0a23c8edff52c7dca5095853f957a1e76a60,job-grouping-sat-v1,a54742cc4785a1c57020713cb318b867bf332281940c4a836f44779c7cd99577,"[""Tabela2/L21-5.txt"",5,""job-grouping-sat"",""clique"",""free-initial-magazine-v1""]",cadical300,seqcounter,1200.0,"{""cardinality"":""seqcounter"",""configuration_version"":""job-grouping-sat-v1"",""objective_version"":""free-initial-magazine-v1"",""solver"":""cadical300"",""strength"":""clique"",""time_limit"":1200.0}"
Yanasse,Tabela2/L21-6.txt,6,job-grouping-sat,clique,free-initial-magazine-v1,OPTIMAL,9,9,25,20,5,7,5,5,3,1,1,0,0.009805844,0.007329135,0.000193369,0.023842018,0.023573893,395,1618,4584,112,2766,17038,3,"[0, 3, 5, 4, 8, 1, 2, 6, 7]",ee806a24be504a9ccfca7d52a97714ee0cc3334ae15131e898fd7ef0803551ac,job-grouping-sat-v1,a54742cc4785a1c57020713cb318b867bf332281940c4a836f44779c7cd99577,"[""Tabela2/L21-6.txt"",6,""job-grouping-sat"",""clique"",""free-initial-magazine-v1""]",cadical300,seqcounter,1200.0,"{""cardinality"":""seqcounter"",""configuration_version"":""job-grouping-sat-v1"",""objective_version"":""free-initial-magazine-v1"",""solver"":""cadical300"",""strength"":""clique"",""time_limit"":1200.0}"
Yanasse,Tabela2/L21-7.txt,7,job-grouping-sat,clique,free-initial-magazine-v1,OPTIMAL,9,9,25,20,5,5,5,5,4,0,0,0,0.000000000,0.000000000,0.000186883,0.000236810,0.000186883,0,0,0,0,0,0,0,"[0, 6, 2, 5, 3, 1, 8, 4, 7]",6f88a638e19e53120258e0399dfaeb3c142ed4ca4e7906ab1e45043ffc07149d,job-grouping-sat-v1,a54742cc4785a1c57020713cb318b867bf332281940c4a836f44779c7cd99577,"[""Tabela2/L21-7.txt"",7,""job-grouping-sat"",""clique"",""free-initial-magazine-v1""]",cadical300,seqcounter,1200.0,"{""cardinality"":""seqcounter"",""configuration_version"":""job-grouping-sat-v1"",""objective_version"":""free-initial-magazine-v1"",""solver"":""cadical300"",""strength"":""clique"",""time_limit"":1200.0}"
Yanasse,Tabela2/L21-8.txt,8,job-grouping-sat,clique,free-initial-magazine-v1,OPTIMAL,9,9,25,20,5,5,5,5,5,0,0,0,0.000000000,0.000000000,0.000164185,0.000213731,0.000164185,0,0,0,0,0,0,0,"[2, 0, 1, 4, 7, 3, 5, 6, 8]",30d9f43864cfbd1fe22643acb29aded8a4843a4d7a77568e63a62e7e352554e4,job-grouping-sat-v1,a54742cc4785a1c57020713cb318b867bf332281940c4a836f44779c7cd99577,"[""Tabela2/L21-8.txt"",8,""job-grouping-sat"",""clique"",""free-initial-magazine-v1""]",cadical300,seqcounter,1200.0,"{""cardinality"":""seqcounter"",""configuration_version"":""job-grouping-sat-v1"",""objective_version"":""free-initial-magazine-v1"",""solver"":""cadical300"",""strength"":""clique"",""time_limit"":1200.0}"
Yanasse,Tabela2/L21-9.txt,9,job-grouping-sat,clique,free-initial-magazine-v1,OPTIMAL,9,9,25,20,5,6,5,5,2,1,1,0,0.009151140,0.010386906,0.000182658,0.026097360,0.025870189,335,1245,3618,83,2102,12143,2,"[0, 2, 5, 7, 1, 3, 4, 6, 8]",635e700d1a877b8b2e3ddc02baa5763aa1e244df5bd2f506c138834802b0b945,job-grouping-sat-v1,a54742cc4785a1c57020713cb318b867bf332281940c4a836f44779c7cd99577,"[""Tabela2/L21-9.txt"",9,""job-grouping-sat"",""clique"",""free-initial-magazine-v1""]",cadical300,seqcounter,1200.0,"{""cardinality"":""seqcounter"",""configuration_version"":""job-grouping-sat-v1"",""objective_version"":""free-initial-magazine-v1"",""solver"":""cadical300"",""strength"":""clique"",""time_limit"":1200.0}"
Yanasse,Tabela2/L22-1.txt,1,job-grouping-sat,clique,free-initial-magazine-v1,OPTIMAL,9,9,25,20,5,9,6,6,6,4,3,1,5.375239055,0.034978445,0.000318437,5.442540040,3.197692740,335,1245,3840,256011,416008,22298781,7148,"[3, 5, 0, 4, 6, 8, 1, 2, 7]",1e1f673ae1684c1df2b7d019b4f76a1a69b8c42542fcf3c957b2abc43bf7215d,job-grouping-sat-v1,a54742cc4785a1c57020713cb318b867bf332281940c4a836f44779c7cd99577,"[""Tabela2/L22-1.txt"",1,""job-grouping-sat"",""clique"",""free-initial-magazine-v1""]",cadical300,seqcounter,1200.0,"{""cardinality"":""seqcounter"",""configuration_version"":""job-grouping-sat-v1"",""objective_version"":""free-initial-magazine-v1"",""solver"":""cadical300"",""strength"":""clique"",""time_limit"":1200.0}"
Yanasse,Tabela2/L22-10.txt,10,job-grouping-sat,clique,free-initial-magazine-v1,OPTIMAL,9,9,25,20,5,7,5,5,3,2,2,0,0.075693741,0.013370382,0.000249490,0.102029334,0.101768995,335,1245,3708,3992,13040,446479,160,"[1, 3, 5, 6, 7, 0, 2, 4, 8]",971eec6dab66efde0e7cb7f20ec4a25086043ca8bea13505d7706fb34a246d34,job-grouping-sat-v1,a54742cc4785a1c57020713cb318b867bf332281940c4a836f44779c7cd99577,"[""Tabela2/L22-10.txt"",10,""job-grouping-sat"",""clique"",""free-initial-magazine-v1""]",cadical300,seqcounter,1200.0,"{""cardinality"":""seqcounter"",""configuration_version"":""job-grouping-sat-v1"",""objective_version"":""free-initial-magazine-v1"",""solver"":""cadical300"",""strength"":""clique"",""time_limit"":1200.0}"
Yanasse,Tabela2/L22-2.txt,2,job-grouping-sat,clique,free-initial-magazine-v1,OPTIMAL,9,9,25,20,5,7,5,5,4,1,1,0,0.037198104,0.009085700,0.000232508,0.053494744,0.053168609,395,1618,4738,1790,6320,231129,43,"[1, 4, 8, 6, 7, 0, 3, 2, 5]",54e87c2c914ae6db7cf2a90463bf55318b5eb688d20411a1a0f6561dc9f9488b,job-grouping-sat-v1,a54742cc4785a1c57020713cb318b867bf332281940c4a836f44779c7cd99577,"[""Tabela2/L22-2.txt"",2,""job-grouping-sat"",""clique"",""free-initial-magazine-v1""]",cadical300,seqcounter,1200.0,"{""cardinality"":""seqcounter"",""configuration_version"":""job-grouping-sat-v1"",""objective_version"":""free-initial-magazine-v1"",""solver"":""cadical300"",""strength"":""clique"",""time_limit"":1200.0}"
Yanasse,Tabela2/L22-3.txt,3,job-grouping-sat,clique,free-initial-magazine-v1,OPTIMAL,9,9,25,20,5,5,5,5,5,0,0,0,0.000000000,0.000000000,0.000189924,0.000239069,0.000189924,0,0,0,0,0,0,0,"[1, 6, 0, 4, 8, 5, 7, 2, 3]",bb0daf9065696450fc2f23baa4315ac70b9563f2fac87ecb38a03ff89f377923,job-grouping-sat-v1,a54742cc4785a1c57020713cb318b867bf332281940c4a836f44779c7cd99577,"[""Tabela2/L22-3.txt"",3,""job-grouping-sat"",""clique"",""free-initial-magazine-v1""]",cadical300,seqcounter,1200.0,"{""cardinality"":""seqcounter"",""configuration_version"":""job-grouping-sat-v1"",""objective_version"":""free-initial-magazine-v1"",""solver"":""cadical300"",""strength"":""clique"",""time_limit"":1200.0}"
Yanasse,Tabela2/L22-4.txt,4,job-grouping-sat,clique,free-initial-magazine-v1,OPTIMAL,9,9,25,20,5,6,5,5,4,1,1,0,0.023893557,0.006023099,0.000249663,0.036411194,0.036146419,335,1245,3738,1147,4140,126476,35,"[0, 1, 2, 5, 8, 4, 6, 3, 7]",c8f950ae916abe2e04519252119bb7d60521b574594d209b1e0c686a2f2031ea,job-grouping-sat-v1,a54742cc4785a1c57020713cb318b867bf332281940c4a836f44779c7cd99577,"[""Tabela2/L22-4.txt"",4,""job-grouping-sat"",""clique"",""free-initial-magazine-v1""]",cadical300,seqcounter,1200.0,"{""cardinality"":""seqcounter"",""configuration_version"":""job-grouping-sat-v1"",""objective_version"":""free-initial-magazine-v1"",""solver"":""cadical300"",""strength"":""clique"",""time_limit"":1200.0}"
Yanasse,Tabela2/L22-5.txt,5,job-grouping-sat,clique,free-initial-magazine-v1,OPTIMAL,9,9,25,20,5,11,6,6,3,3,2,1,1.342476251,0.027924280,0.000321777,1.392186669,0.062219351,335,1257,3858,69890,109270,6017908,1652,"[2, 3, 7, 8, 1, 5, 6, 0, 4]",b4d9345b15353c4be5ac20d1a0953236e8750f19d8af30e9fc5ad3fbeffbd1b9,job-grouping-sat-v1,a54742cc4785a1c57020713cb318b867bf332281940c4a836f44779c7cd99577,"[""Tabela2/L22-5.txt"",5,""job-grouping-sat"",""clique"",""free-initial-magazine-v1""]",cadical300,seqcounter,1200.0,"{""cardinality"":""seqcounter"",""configuration_version"":""job-grouping-sat-v1"",""objective_version"":""free-initial-magazine-v1"",""solver"":""cadical300"",""strength"":""clique"",""time_limit"":1200.0}"
Yanasse,Tabela2/L22-6.txt,6,job-grouping-sat,clique,free-initial-magazine-v1,OPTIMAL,9,9,25,20,5,9,5,5,4,2,2,0,0.084237082,0.016918319,0.000250219,0.116744791,0.116470309,335,1245,3786,4737,9590,472685,105,"[4, 5, 6, 7, 8, 1, 0, 2, 3]",dbd537e6dc28c3cdbf8392ab00e709ac506598a49041c2263c6da23473124ab0,job-grouping-sat-v1,a54742cc4785a1c57020713cb318b867bf332281940c4a836f44779c7cd99577,"[""Tabela2/L22-6.txt"",6,""job-grouping-sat"",""clique"",""free-initial-magazine-v1""]",cadical300,seqcounter,1200.0,"{""cardinality"":""seqcounter"",""configuration_version"":""job-grouping-sat-v1"",""objective_version"":""free-initial-magazine-v1"",""solver"":""cadical300"",""strength"":""clique"",""time_limit"":1200.0}"
Yanasse,Tabela2/L22-7.txt,7,job-grouping-sat,clique,free-initial-magazine-v1,OPTIMAL,9,9,25,20,5,5,5,5,5,0,0,0,0.000000000,0.000000000,0.000191706,0.000243085,0.000191706,0,0,0,0,0,0,0,"[0, 2, 1, 4, 8, 3, 7, 5, 6]",c07daf77cb42c4ea569de85c096de1dd7ead29ffaddb0ee4f09d320ecf52ce8c,job-grouping-sat-v1,a54742cc4785a1c57020713cb318b867bf332281940c4a836f44779c7cd99577,"[""Tabela2/L22-7.txt"",7,""job-grouping-sat"",""clique"",""free-initial-magazine-v1""]",cadical300,seqcounter,1200.0,"{""cardinality"":""seqcounter"",""configuration_version"":""job-grouping-sat-v1"",""objective_version"":""free-initial-magazine-v1"",""solver"":""cadical300"",""strength"":""clique"",""time_limit"":1200.0}"
Yanasse,Tabela2/L22-8.txt,8,job-grouping-sat,clique,free-initial-magazine-v1,OPTIMAL,9,9,25,20,5,8,5,5,3,1,1,0,0.010677402,0.008834060,0.000192176,0.027215093,0.026859936,455,2039,5762,63,3297,15860,2,"[2, 4, 6, 5, 7, 8, 0, 1, 3]",37d1a4106f3aea553743cd0c8a131a17baaad641d285d367fe59710684766c1a,job-grouping-sat-v1,a54742cc4785a1c57020713cb318b867bf332281940c4a836f44779c7cd99577,"[""Tabela2/L22-8.txt"",8,""job-grouping-sat"",""clique"",""free-initial-magazine-v1""]",cadical300,seqcounter,1200.0,"{""cardinality"":""seqcounter"",""configuration_version"":""job-grouping-sat-v1"",""objective_version"":""free-initial-magazine-v1"",""solver"":""cadical300"",""strength"":""clique"",""time_limit"":1200.0}"
Yanasse,Tabela2/L22-9.txt,9,job-grouping-sat,clique,free-initial-magazine-v1,OPTIMAL,9,9,25,20,5,6,5,5,4,1,1,0,0.019732673,0.006246626,0.000220163,0.032136247,0.031892796,335,1245,3690,1016,3348,79584,12,"[0, 1, 2, 3, 4, 6, 8, 5, 7]",e1af2f0d80b402a2d88eb14ab66ef52377b5ef8b5081d9e0296a7cf8f482d826,job-grouping-sat-v1,a54742cc4785a1c57020713cb318b867bf332281940c4a836f44779c7cd99577,"[""Tabela2/L22-9.txt"",9,""job-grouping-sat"",""clique"",""free-initial-magazine-v1""]",cadical300,seqcounter,1200.0,"{""cardinality"":""seqcounter"",""configuration_version"":""job-grouping-sat-v1"",""objective_version"":""free-initial-magazine-v1"",""solver"":""cadical300"",""strength"":""clique"",""time_limit"":1200.0}"
Yanasse,Tabela2/L23-1.txt,1,job-grouping-sat,clique,free-initial-magazine-v1,OPTIMAL,9,9,25,20,5,13,9,9,6,3,2,1,3.859497891,0.044863004,0.000332864,3.931872886,0.407173182,515,2562,7302,157499,275583,18756926,4162,"[2, 3, 5, 8, 6, 0, 4, 1, 7]",ad17ae71dd77ba95664f03dafc5755ac9780b3a8a6b9eebd8475045fe9f0ce69,job-grouping-sat-v1,a54742cc4785a1c57020713cb318b867bf332281940c4a836f44779c7cd99577,"[""Tabela2/L23-1.txt"",1,""job-grouping-sat"",""clique"",""free-initial-magazine-v1""]",cadical300,seqcounter,1200.0,"{""cardinality"":""seqcounter"",""configuration_version"":""job-grouping-sat-v1"",""objective_version"":""free-initial-magazine-v1"",""solver"":""cadical300"",""strength"":""clique"",""time_limit"":1200.0}"
Yanasse,Tabela2/L23-10.txt,10,job-grouping-sat,clique,free-initial-magazine-v1,OPTIMAL,9,9,25,20,5,8,7,7,5,2,1,1,1.152535968,0.020345748,0.000273699,1.187049106,0.035317870,395,1632,4815,58204,96566,5578336,1507,"[7, 5, 6, 1, 2, 3, 4, 0, 8]",131806ab97fae0d8eb98f919dae2fb70d0cd5ef6d7ec800f69df60000cafd5ee,job-grouping-sat-v1,a54742cc4785a1c57020713cb318b867bf332281940c4a836f44779c7cd99577,"[""Tabela2/L23-10.txt"",10,""job-grouping-sat"",""clique"",""free-initial-magazine-v1""]",cadical300,seqcounter,1200.0,"{""cardinality"":""seqcounter"",""configuration_version"":""job-grouping-sat-v1"",""objective_version"":""free-initial-magazine-v1"",""solver"":""cadical300"",""strength"":""clique"",""time_limit"":1200.0}"
Yanasse,Tabela2/L23-2.txt,2,job-grouping-sat,clique,free-initial-magazine-v1,OPTIMAL,9,9,25,20,5,12,8,8,6,4,3,1,1.735509981,0.045159355,0.000368982,1.817159069,0.522853795,455,2103,6082,84167,164500,10280068,2328,"[2, 3, 8, 6, 1, 4, 7, 0, 5]",ae96a731346174f46c00e807b050c694f00b204c71be2260e41403c2c6601c63,job-grouping-sat-v1,a54742cc4785a1c57020713cb318b867bf332281940c4a836f44779c7cd99577,"[""Tabela2/L23-2.txt"",2,""job-grouping-sat"",""clique"",""free-initial-magazine-v1""]",cadical300,seqcounter,1200.0,"{""cardinality"":""seqcounter"",""configuration_version"":""job-grouping-sat-v1"",""objective_version"":""free-initial-magazine-v1"",""solver"":""cadical300"",""strength"":""clique"",""time_limit"":1200.0}"
Yanasse,Tabela2/L23-3.txt,3,job-grouping-sat,clique,free-initial-magazine-v1,OPTIMAL,9,9,25,20,5,20,11,11,9,6,5,1,6.167849769,0.087065353,0.000522096,6.320858259,3.335550896,515,3034,8485,223359,410256,38882381,6053,"[8, 7, 0, 6, 5, 4, 2, 1, 3]",9bec84b8db6473e848ae714563790698e4a9b8744458d0ffa9af4df75a753937,job-grouping-sat-v1,a54742cc4785a1c57020713cb318b867bf332281940c4a836f44779c7cd99577,"[""Tabela2/L23-3.txt"",3,""job-grouping-sat"",""clique"",""free-initial-magazine-v1""]",cadical300,seqcounter,1200.0,"{""cardinality"":""seqcounter"",""configuration_version"":""job-grouping-sat-v1"",""objective_version"":""free-initial-magazine-v1"",""solver"":""cadical300"",""strength"":""clique"",""time_limit"":1200.0}"
Yanasse,Tabela2/L23-4.txt,4,job-grouping-sat,clique,free-initial-magazine-v1,OPTIMAL,9,9,25,20,5,7,5,5,6,2,2,0,0.100294956,0.016229872,0.000278750,0.131132896,0.130876483,335,1257,3822,5053,11747,649564,86,"[0, 1, 3, 8, 6, 7, 2, 4, 5]",0866add1526eda8d9b1115c0ef855b69f5416e233a86dc4f9a4ce7ed501fb345,job-grouping-sat-v1,a54742cc4785a1c57020713cb318b867bf332281940c4a836f44779c7cd99577,"[""Tabela2/L23-4.txt"",4,""job-grouping-sat"",""clique"",""free-initial-magazine-v1""]",cadical300,seqcounter,1200.0,"{""cardinality"":""seqcounter"",""configuration_version"":""job-grouping-sat-v1"",""objective_version"":""free-initial-magazine-v1"",""solver"":""cadical300"",""strength"":""clique"",""time_limit"":1200.0}"
Yanasse,Tabela2/L23-5.txt,5,job-grouping-sat,clique,free-initial-magazine-v1,OPTIMAL,9,9,25,20,5,10,7,7,7,4,3,1,1.366829157,0.045639280,0.000370433,1.445222846,0.879984752,395,1632,4871,68638,119570,7435409,1182,"[2, 4, 6, 0, 7, 8, 1, 3, 5]",3b9552e49b34ba30f05f1c33e356131a9cc117b96d0afb4660d3dad475156f9d,job-grouping-sat-v1,a54742cc4785a1c57020713cb318b867bf332281940c4a836f44779c7cd99577,"[""Tabela2/L23-5.txt"",5,""job-grouping-sat"",""clique"",""free-initial-magazine-v1""]",cadical300,seqcounter,1200.0,"{""cardinality"":""seqcounter"",""configuration_version"":""job-grouping-sat-v1"",""objective_version"":""free-initial-magazine-v1"",""solver"":""cadical300"",""strength"":""clique"",""time_limit"":1200.0}"
Yanasse,Tabela2/L23-6.txt,6,job-grouping-sat,clique,free-initial-magazine-v1,OPTIMAL,9,9,25,20,5,11,5,5,4,4,4,0,0.435083113,0.040142517,0.000501714,0.508286883,0.508013569,335,1245,3864,24706,47516,2447743,719,"[2, 3, 6, 7, 0, 1, 8, 4, 5]",3c3934843e6a595afc46772f9e06532fc4425aed090f836e87e70c691acdda4b,job-grouping-sat-v1,a54742cc4785a1c57020713cb318b867bf332281940c4a836f44779c7cd99577,"[""Tabela2/L23-6.txt"",6,""job-grouping-sat"",""clique"",""free-initial-magazine-v1""]",cadical300,seqcounter,1200.0,"{""cardinality"":""seqcounter"",""configuration_version"":""job-grouping-sat-v1"",""objective_version"":""free-initial-magazine-v1"",""solver"":""cadical300"",""strength"":""clique"",""time_limit"":1200.0}"
Yanasse,Tabela2/L23-7.txt,7,job-grouping-sat,clique,free-initial-magazine-v1,OPTIMAL,9,9,25,20,5,12,8,8,6,4,3,1,2.245991423,0.054665041,0.000355445,2.337371700,1.163078112,455,2103,6154,104489,197993,12876218,2816,"[5, 6, 8, 2, 4, 3, 7, 0, 1]",00499a64e15ef3884f4fa4e4ab96efcdd67c5faae45c53b8294fa97b470f5aac,job-grouping-sat-v1,a54742cc4785a1c57020713cb318b867bf332281940c4a836f44779c7cd99577,"[""Tabela2/L23-7.txt"",7,""job-grouping-sat"",""clique"",""free-initial-magazine-v1""]",cadical300,seqcounter,1200.0,"{""cardinality"":""seqcounter"",""configuration_version"":""job-grouping-sat-v1"",""objective_version"":""free-initial-magazine-v1"",""solver"":""cadical300"",""strength"":""clique"",""time_limit"":1200.0}"
Yanasse,Tabela2/L23-8.txt,8,job-grouping-sat,clique,free-initial-magazine-v1,OPTIMAL,9,9,25,20,5,19,10,10,5,5,4,1,3.723197835,0.071451532,0.000424744,3.848551027,0.642498328,515,2790,7954,152717,266510,21291166,3113,"[1, 6, 5, 2, 8, 3, 7, 0, 4]",17868ff257967f8db7169feed3db30cd55f9e7d6f75d1bb75cbb69bb3b9669db,job-grouping-sat-v1,a54742cc4785a1c57020713cb318b867bf332281940c4a836f44779c7cd99577,"[""Tabela2/L23-8.txt"",8,""job-grouping-sat"",""clique"",""free-initial-magazine-v1""]",cadical300,seqcounter,1200.0,"{""cardinality"":""seqcounter"",""configuration_version"":""job-grouping-sat-v1"",""objective_version"":""free-initial-magazine-v1"",""solver"":""cadical300"",""strength"":""clique"",""time_limit"":1200.0}"
Yanasse,Tabela2/L23-9.txt,9,job-grouping-sat,clique,free-initial-magazine-v1,OPTIMAL,9,9,25,20,5,8,6,6,4,2,1,1,0.330964169,0.017179075,0.000680114,0.362774413,0.035760831,335,1263,3840,18053,30679,1767177,289,"[1, 7, 4, 2, 0, 3, 5, 6, 8]",b1f8daf3c89ee312d71b6f3ea2de4f1ccb0cd88bee4520f03b245e6b650b0d35,job-grouping-sat-v1,a54742cc4785a1c57020713cb318b867bf332281940c4a836f44779c7cd99577,"[""Tabela2/L23-9.txt"",9,""job-grouping-sat"",""clique"",""free-initial-magazine-v1""]",cadical300,seqcounter,1200.0,"{""cardinality"":""seqcounter"",""configuration_version"":""job-grouping-sat-v1"",""objective_version"":""free-initial-magazine-v1"",""solver"":""cadical300"",""strength"":""clique"",""time_limit"":1200.0}"
Yanasse,Tabela2/L24-1.txt,1,job-grouping-sat,clique,free-initial-magazine-v1,OPTIMAL,9,9,25,20,5,10,7,7,5,3,2,1,10.628149602,0.036109263,0.000310841,10.690279246,0.809538289,395,1618,4906,451573,669827,33808567,11789,"[5, 7, 3, 0, 1, 4, 6, 2, 8]",23c47f789edc596619f4c360a7a7cd37d58d6f32e84f8b9f4a9bd2b3c719cec6,job-grouping-sat-v1,a54742cc4785a1c57020713cb318b867bf332281940c4a836f44779c7cd99577,"[""Tabela2/L24-1.txt"",1,""job-grouping-sat"",""clique"",""free-initial-magazine-v1""]",cadical300,seqcounter,1200.0,"{""cardinality"":""seqcounter"",""configuration_version"":""job-grouping-sat-v1"",""objective_version"":""free-initial-magazine-v1"",""solver"":""cadical300"",""strength"":""clique"",""time_limit"":1200.0}"
Yanasse,Tabela2/L24-10.txt,10,job-grouping-sat,clique,free-initial-magazine-v1,OPTIMAL,9,9,25,20,5,11,8,8,8,3,2,1,13.422962783,0.034696513,0.000315807,13.485825587,1.532438975,455,2063,6066,501319,822487,49940345,15633,"[0, 5, 6, 1, 4, 3, 2, 8, 7]",fbb762b41786f5ab8efe565f60272ce56bdc06a41e73242cbe480a31d7676d13,job-grouping-sat-v1,a54742cc4785a1c57020713cb318b867bf332281940c4a836f44779c7cd99577,"[""Tabela2/L24-10.txt"",10,""job-grouping-sat"",""clique"",""free-initial-magazine-v1""]",cadical300,seqcounter,1200.0,"{""cardinality"":""seqcounter"",""configuration_version"":""job-grouping-sat-v1"",""objective_version"":""free-initial-magazine-v1"",""solver"":""cadical300"",""strength"":""clique"",""time_limit"":1200.0}"
Yanasse,Tabela2/L24-2.txt,2,job-grouping-sat,clique,free-initial-magazine-v1,OPTIMAL,9,9,25,20,5,12,7,7,6,5,4,1,2.503794507,0.058669832,0.000391066,2.607552281,0.769547481,395,1660,5004,114042,204355,12076241,2801,"[2, 3, 4, 5, 7, 8, 0, 6, 1]",044a444c0111ee1828ce4c28c6d244f9f4bcc2fbcc7044b94c3da9aba09d3068,job-grouping-sat-v1,a54742cc4785a1c57020713cb318b867bf332281940c4a836f44779c7cd99577,"[""Tabela2/L24-2.txt"",2,""job-grouping-sat"",""clique"",""free-initial-magazine-v1""]",cadical300,seqcounter,1200.0,"{""cardinality"":""seqcounter"",""configuration_version"":""job-grouping-sat-v1"",""objective_version"":""free-initial-magazine-v1"",""solver"":""cadical300"",""strength"":""clique"",""time_limit"":1200.0}"
Yanasse,Tabela2/L24-3.txt,3,job-grouping-sat,clique,free-initial-magazine-v1,OPTIMAL,9,9,25,20,5,9,7,7,5,3,2,1,12.794685049,0.031373610,0.000300240,12.851416901,3.841914359,395,1618,4885,580450,874894,43475692,14807,"[2, 7, 8, 5, 1, 0, 3, 4, 6]",b8ec5ef350037de4243f45a2f40eaca34289957a435d1d2046c298f06aa1c58a,job-grouping-sat-v1,a54742cc4785a1c57020713cb318b867bf332281940c4a836f44779c7cd99577,"[""Tabela2/L24-3.txt"",3,""job-grouping-sat"",""clique"",""free-initial-magazine-v1""]",cadical300,seqcounter,1200.0,"{""cardinality"":""seqcounter"",""configuration_version"":""job-grouping-sat-v1"",""objective_version"":""free-initial-magazine-v1"",""solver"":""cadical300"",""strength"":""clique"",""time_limit"":1200.0}"
Yanasse,Tabela2/L24-4.txt,4,job-grouping-sat,clique,free-initial-magazine-v1,OPTIMAL,9,9,25,20,5,8,5,5,5,3,3,0,0.548874790,0.031285161,0.000300734,0.603222951,0.602948569,335,1245,3906,29091,55389,2905015,893,"[1, 4, 6, 8, 0, 2, 3, 5, 7]",d081ac7b496129d72c083f6d1ec5841e7a3cc77d03a684dbe25cba3a976aea0d,job-grouping-sat-v1,a54742cc4785a1c57020713cb318b867bf332281940c4a836f44779c7cd99577,"[""Tabela2/L24-4.txt"",4,""job-grouping-sat"",""clique"",""free-initial-magazine-v1""]",cadical300,seqcounter,1200.0,"{""cardinality"":""seqcounter"",""configuration_version"":""job-grouping-sat-v1"",""objective_version"":""free-initial-magazine-v1"",""solver"":""cadical300"",""strength"":""clique"",""time_limit"":1200.0}"
Yanasse,Tabela2/L24-5.txt,5,job-grouping-sat,clique,free-initial-magazine-v1,OPTIMAL,9,9,25,20,5,7,6,6,4,2,1,1,3.061401639,0.014912396,0.000338353,3.089883405,0.040590802,335,1245,3846,144875,218217,12054278,3929,"[0, 1, 3, 2, 6, 7, 8, 4, 5]",e1d050d64d49223388f76fe4b90105e98186decf4d3bac912df13fbd0f04780b,job-grouping-sat-v1,a54742cc4785a1c57020713cb318b867bf332281940c4a836f44779c7cd99577,"[""Tabela2/L24-5.txt"",5,""job-grouping-sat"",""clique"",""free-initial-magazine-v1""]",cadical300,seqcounter,1200.0,"{""cardinality"":""seqcounter"",""configuration_version"":""job-grouping-sat-v1"",""objective_version"":""free-initial-magazine-v1"",""solver"":""cadical300"",""strength"":""clique"",""time_limit"":1200.0}"
Yanasse,Tabela2/L24-6.txt,6,job-grouping-sat,clique,free-initial-magazine-v1,OPTIMAL,9,9,25,20,5,11,8,8,6,4,3,1,8.484025015,0.051585430,0.000385603,8.573207495,2.117970614,455,2071,6122,355718,589911,39413362,9644,"[1, 2, 0, 8, 4, 6, 3, 5, 7]",24c83a837f839e00c6a17ef469e3d3ddf64e042ef6517abcd91f344eeb6330ca,job-grouping-sat-v1,a54742cc4785a1c57020713cb318b867bf332281940c4a836f44779c7cd99577,"[""Tabela2/L24-6.txt"",6,""job-grouping-sat"",""clique"",""free-initial-magazine-v1""]",cadical300,seqcounter,1200.0,"{""cardinality"":""seqcounter"",""configuration_version"":""job-grouping-sat-v1"",""objective_version"":""free-initial-magazine-v1"",""solver"":""cadical300"",""strength"":""clique"",""time_limit"":1200.0}"
Yanasse,Tabela2/L24-7.txt,7,job-grouping-sat,clique,free-initial-magazine-v1,OPTIMAL,9,9,25,20,5,13,7,7,6,4,3,1,4.207242894,0.048481173,0.000417532,4.292584222,0.845937300,395,1646,5018,182057,280191,18319230,3898,"[5, 7, 3, 8, 0, 2, 1, 4, 6]",8b61b7fa2bd3a453ff2a047313185c82c366d41669f09448482207357b708b4c,job-grouping-sat-v1,a54742cc4785a1c57020713cb318b867bf332281940c4a836f44779c7cd99577,"[""Tabela2/L24-7.txt"",7,""job-grouping-sat"",""clique"",""free-initial-magazine-v1""]",cadical300,seqcounter,1200.0,"{""cardinality"":""seqcounter"",""configuration_version"":""job-grouping-sat-v1"",""objective_version"":""free-initial-magazine-v1"",""solver"":""cadical300"",""strength"":""clique"",""time_limit"":1200.0}"
Yanasse,Tabela2/L24-8.txt,8,job-grouping-sat,clique,free-initial-magazine-v1,OPTIMAL,9,9,25,20,5,12,6,6,5,4,3,1,1.727354733,0.046522525,0.000329640,1.805853090,0.501655858,335,1245,3888,90861,142467,7824783,1623,"[0, 6, 8, 4, 3, 5, 1, 2, 7]",ff715955446c1cbc55dad2bf9749d38514e95b567c350e328a437ad0351981d4,job-grouping-sat-v1,a54742cc4785a1c57020713cb318b867bf332281940c4a836f44779c7cd99577,"[""Tabela2/L24-8.txt"",8,""job-grouping-sat"",""clique"",""free-initial-magazine-v1""]",cadical300,seqcounter,1200.0,"{""cardinality"":""seqcounter"",""configuration_version"":""job-grouping-sat-v1"",""objective_version"":""free-initial-magazine-v1"",""solver"":""cadical300"",""strength"":""clique"",""time_limit"":1200.0}"
Yanasse,Tabela2/L24-9.txt,9,job-grouping-sat,clique,free-initial-magazine-v1,OPTIMAL,9,9,25,20,5,10,7,7,3,2,1,1,10.194178474,0.023814490,0.000270701,10.236178977,0.040557438,395,1618,4864,440004,668568,31784208,12436,"[0, 4, 7, 3, 5, 8, 1, 2, 6]",5cb33e4bf047dc6dde54a91d8b0ae73dc4bbf3ea6a1d501037ae0aec097e751d,job-grouping-sat-v1,a54742cc4785a1c57020713cb318b867bf332281940c4a836f44779c7cd99577,"[""Tabela2/L24-9.txt"",9,""job-grouping-sat"",""clique"",""free-initial-magazine-v1""]",cadical300,seqcounter,1200.0,"{""cardinality"":""seqcounter"",""configuration_version"":""job-grouping-sat-v1"",""objective_version"":""free-initial-magazine-v1"",""solver"":""cadical300"",""strength"":""clique"",""time_limit"":1200.0}"
Yanasse,Tabela2/L25-1.txt,1,job-grouping-sat,clique,free-initial-magazine-v1,OPTIMAL,9,9,25,20,5,19,13,13,7,3,2,1,7.296584636,0.041893149,0.000394318,7.376837886,1.069904397,515,3345,9184,225971,385879,45116623,5911,"[5, 2, 3, 7, 4, 6, 8, 0, 1]",ad855644a8c196cfdd9c898f9c6e08698f3c9194122ad7f7b60b375f87060772,job-grouping-sat-v1,a54742cc4785a1c57020713cb318b867bf332281940c4a836f44779c7cd99577,"[""Tabela2/L25-1.txt"",1,""job-grouping-sat"",""clique"",""free-initial-magazine-v1""]",cadical300,seqcounter,1200.0,"{""cardinality"":""seqcounter"",""configuration_version"":""job-grouping-sat-v1"",""objective_version"":""free-initial-magazine-v1"",""solver"":""cadical300"",""strength"":""clique"",""time_limit"":1200.0}"
Yanasse,Tabela2/L25-10.txt,10,job-grouping-sat,clique,free-initial-magazine-v1,OPTIMAL,9,9,25,20,5,18,12,12,7,4,3,1,3.361764154,0.063425707,0.000420593,3.469768090,0.253727984,515,3177,8787,111356,188024,21403131,2286,"[1, 7, 2, 8, 4, 6, 3, 5, 0]",94d8e117d1a1fc95ccc7bbcbba8ca60fbc5a12327d104f3f7d3ad117ed4490ec,job-grouping-sat-v1,a54742cc4785a1c57020713cb318b867bf332281940c4a836f44779c7cd99577,"[""Tabela2/L25-10.txt"",10,""job-grouping-sat"",""clique"",""free-initial-magazine-v1""]",cadical300,seqcounter,1200.0,"{""cardinality"":""seqcounter"",""configuration_version"":""job-grouping-sat-v1"",""objective_version"":""free-initial-magazine-v1"",""solver"":""cadical300"",""strength"":""clique"",""time_limit"":1200.0}"
Yanasse,Tabela2/L25-2.txt,2,job-grouping-sat,clique,free-initial-magazine-v1,OPTIMAL,9,9,25,20,5,16,12,12,7,3,2,1,7.859907513,0.039010077,0.000381831,7.930655245,1.286740878,515,3159,8769,274425,517702,42536486,9607,"[5, 0, 4, 3, 7, 8, 1, 2, 6]",3df3e97da95c1daae8069c2e5d7a46a09e7a77608ae3d5d53d197f844c9929a4,job-grouping-sat-v1,a54742cc4785a1c57020713cb318b867bf332281940c4a836f44779c7cd99577,"[""Tabela2/L25-2.txt"",2,""job-grouping-sat"",""clique"",""free-initial-magazine-v1""]",cadical300,seqcounter,1200.0,"{""cardinality"":""seqcounter"",""configuration_version"":""job-grouping-sat-v1"",""objective_version"":""free-initial-magazine-v1"",""solver"":""cadical300"",""strength"":""clique"",""time_limit"":1200.0}"
Yanasse,Tabela2/L25-3.txt,3,job-grouping-sat,clique,free-initial-magazine-v1,OPTIMAL,9,9,25,20,5,18,8,8,7,5,4,1,3.029630418,0.068837641,0.000432382,3.149981402,2.093925835,455,2143,6346,131193,238267,17122483,3384,"[4, 7, 6, 1, 8, 2, 5, 0, 3]",93754f703f250c47d9826428a3520eb2f8d8d5d03a0c45b4352e595b216debf1,job-grouping-sat-v1,a54742cc4785a1c57020713cb318b867bf332281940c4a836f44779c7cd99577,"[""Tabela2/L25-3.txt"",3,""job-grouping-sat"",""clique"",""free-initial-magazine-v1""]",cadical300,seqcounter,1200.0,"{""cardinality"":""seqcounter"",""configuration_version"":""job-grouping-sat-v1"",""objective_version"":""free-initial-magazine-v1"",""solver"":""cadical300"",""strength"":""clique"",""time_limit"":1200.0}"
Yanasse,Tabela2/L25-4.txt,4,job-grouping-sat,clique,free-initial-magazine-v1,OPTIMAL,9,9,25,20,5,18,10,10,9,6,5,1,4.011211386,0.082608687,0.000539367,4.156620164,1.650058951,515,2817,8143,158849,306062,23371640,4801,"[5, 4, 2, 8, 0, 6, 3, 1, 7]",5ad58b7eaec4a51d3fe75ee410d6f66a325131476a546c35886c0e58e7e51637,job-grouping-sat-v1,a54742cc4785a1c57020713cb318b867bf332281940c4a836f44779c7cd99577,"[""Tabela2/L25-4.txt"",4,""job-grouping-sat"",""clique"",""free-initial-magazine-v1""]",cadical300,seqcounter,1200.0,"{""cardinality"":""seqcounter"",""configuration_version"":""job-grouping-sat-v1"",""objective_version"":""free-initial-magazine-v1"",""solver"":""cadical300"",""strength"":""clique"",""time_limit"":1200.0}"
Yanasse,Tabela2/L25-5.txt,5,job-grouping-sat,clique,free-initial-magazine-v1,OPTIMAL,9,9,25,20,5,22,12,12,9,6,5,1,9.784120255,0.086367342,0.000558505,9.937625923,4.183147024,515,3177,8904,314246,504435,55016098,5106,"[8, 5, 4, 2, 0, 7, 6, 1, 3]",010dc6f08c53dcb0630729723c5fdadac222c6c88baba069124f749f38cbbeb2,job-grouping-sat-v1,a54742cc4785a1c57020713cb318b867bf332281940c4a836f44779c7cd99577,"[""Tabela2/L25-5.txt"",5,""job-grouping-sat"",""clique"",""free-initial-magazine-v1""]",cadical300,seqcounter,1200.0,"{""cardinality"":""seqcounter"",""configuration_version"":""job-grouping-sat-v1"",""objective_version"":""free-initial-magazine-v1"",""solver"":""cadical300"",""strength"":""clique"",""time_limit"":1200.0}"
Yanasse,Tabela2/L25-6.txt,6,job-grouping-sat,clique,free-initial-magazine-v1,OPTIMAL,9,9,25,20,5,21,17,17,9,4,3,1,8.441905279,0.057699413,0.000429732,8.546697633,2.377236061,515,4078,10840,228076,382737,73008139,6425,"[3, 4, 5, 8, 0, 2, 6, 1, 7]",71b20b15a7020a9c28a1ddf50c672ae8d3ae3fd6e0254a542c873e231ec227a6,job-grouping-sat-v1,a54742cc4785a1c57020713cb318b867bf332281940c4a836f44779c7cd99577,"[""Tabela2/L25-6.txt"",6,""job-grouping-sat"",""clique"",""free-initial-magazine-v1""]",cadical300,seqcounter,1200.0,"{""cardinality"":""seqcounter"",""configuration_version"":""job-grouping-sat-v1"",""objective_version"":""free-initial-magazine-v1"",""solver"":""cadical300"",""strength"":""clique"",""time_limit"":1200.0}"
Yanasse,Tabela2/L25-7.txt,7,job-grouping-sat,clique,free-initial-magazine-v1,OPTIMAL,9,9,25,20,5,17,10,10,8,6,5,1,4.487484269,0.085993565,0.000519495,4.636345972,1.200095578,515,2817,8071,163830,296497,25818416,4117,"[6, 3, 8, 7, 5, 1, 2, 0, 4]",e3d11b506b356d5cda7d8e6486d716ead560552b349c90a01033db6ea3fcd78c,job-grouping-sat-v1,a54742cc4785a1c57020713cb318b867bf332281940c4a836f44779c7cd99577,"[""Tabela2/L25-7.txt"",7,""job-grouping-sat"",""clique"",""free-initial-magazine-v1""]",cadical300,seqcounter,1200.0,"{""cardinality"":""seqcounter"",""configuration_version"":""job-grouping-sat-v1"",""objective_version"":""free-initial-magazine-v1"",""solver"":""cadical300"",""strength"":""clique"",""time_limit"":1200.0}"
Yanasse,Tabela2/L25-8.txt,8,job-grouping-sat,clique,free-initial-magazine-v1,OPTIMAL,9,9,25,20,5,20,14,14,9,6,5,1,9.151701804,0.092634587,0.000558058,9.310956974,4.148914164,515,3547,9694,272857,491852,65578386,8288,"[3, 0, 4, 1, 6, 7, 8, 5, 2]",514f2e8223cc05e0b6c4fd6517143661cca6f901ce1e9aa2d039e1a54e0749df,job-grouping-sat-v1,a54742cc4785a1c57020713cb318b867bf332281940c4a836f44779c7cd99577,"[""Tabela2/L25-8.txt"",8,""job-grouping-sat"",""clique"",""free-initial-magazine-v1""]",cadical300,seqcounter,1200.0,"{""cardinality"":""seqcounter"",""configuration_version"":""job-grouping-sat-v1"",""objective_version"":""free-initial-magazine-v1"",""solver"":""cadical300"",""strength"":""clique"",""time_limit"":1200.0}"
Yanasse,Tabela2/L25-9.txt,9,job-grouping-sat,clique,free-initial-magazine-v1,OPTIMAL,9,9,25,20,5,12,10,10,6,2,1,1,4.008232162,0.026662313,0.000365522,4.054333369,0.170755494,515,2835,8116,147707,233340,21216232,2903,"[3, 4, 2, 6, 5, 8, 1, 0, 7]",0e551d27a8dcc741ad98f2b00e06f32d23b1de66cf3359ea654ce9a614324b1f,job-grouping-sat-v1,a54742cc4785a1c57020713cb318b867bf332281940c4a836f44779c7cd99577,"[""Tabela2/L25-9.txt"",9,""job-grouping-sat"",""clique"",""free-initial-magazine-v1""]",cadical300,seqcounter,1200.0,"{""cardinality"":""seqcounter"",""configuration_version"":""job-grouping-sat-v1"",""objective_version"":""free-initial-magazine-v1"",""solver"":""cadical300"",""strength"":""clique"",""time_limit"":1200.0}"
Yanasse,Tabela2/L26-1.txt,1,job-grouping-sat,clique,free-initial-magazine-v1,OPTIMAL,9,9,25,20,5,26,17,17,9,6,5,1,8.489587645,0.095547140,0.000559927,8.656659017,3.848250812,515,4042,10732,261631,508926,57535692,9216,"[2, 5, 3, 6, 1, 0, 7, 8, 4]",fb6d16c1dc183f8746ba7e2dfb8481070e34620ab6014a411647a8c840b6c2cb,job-grouping-sat-v1,a54742cc4785a1c57020713cb318b867bf332281940c4a836f44779c7cd99577,"[""Tabela2/L26-1.txt"",1,""job-grouping-sat"",""clique"",""free-initial-magazine-v1""]",cadical300,seqcounter,1200.0,"{""cardinality"":""seqcounter"",""configuration_version"":""job-grouping-sat-v1"",""objective_version"":""free-initial-magazine-v1"",""solver"":""cadical300"",""strength"":""clique"",""time_limit"":1200.0}"
Yanasse,Tabela2/L26-10.txt,10,job-grouping-sat,clique,free-initial-magazine-v1,OPTIMAL,9,9,25,20,5,19,16,16,9,4,3,1,3.762222489,0.055058486,0.000440218,3.862422464,1.912795759,515,3819,10288,136742,286748,26195695,5380,"[0, 4, 1, 6, 8, 3, 5, 7, 2]",74d4d31358f30877b3baf2c00e21afa793fc91fc091eaa74b0b75114b70d7508,job-grouping-sat-v1,a54742cc4785a1c57020713cb318b867bf332281940c4a836f44779c7cd99577,"[""Tabela2/L26-10.txt"",10,""job-grouping-sat"",""clique"",""free-initial-magazine-v1""]",cadical300,seqcounter,1200.0,"{""cardinality"":""seqcounter"",""configuration_version"":""job-grouping-sat-v1"",""objective_version"":""free-initial-magazine-v1"",""solver"":""cadical300"",""strength"":""clique"",""time_limit"":1200.0}"
Yanasse,Tabela2/L26-2.txt,2,job-grouping-sat,clique,free-initial-magazine-v1,OPTIMAL,9,9,25,20,5,23,15,15,9,7,6,1,7.657979357,0.107536635,0.000620438,7.847117330,2.858284031,515,3738,10146,234068,417412,57968733,6148,"[2, 3, 8, 1, 6, 5, 7, 0, 4]",0b0caf3825564ebf1164db447b32d1e5b31cf4cad6ff5aa2653a6f56bc774af5,job-grouping-sat-v1,a54742cc4785a1c57020713cb318b867bf332281940c4a836f44779c7cd99577,"[""Tabela2/L26-2.txt"",2,""job-grouping-sat"",""clique"",""free-initial-magazine-v1""]",cadical300,seqcounter,1200.0,"{""cardinality"":""seqcounter"",""configuration_version"":""job-grouping-sat-v1"",""objective_version"":""free-initial-magazine-v1"",""solver"":""cadical300"",""strength"":""clique"",""time_limit"":1200.0}"
Yanasse,Tabela2/L26-3.txt,3,job-grouping-sat,clique,free-initial-magazine-v1,OPTIMAL,9,9,25,20,5,21,12,12,8,4,3,1,3.626145424,0.052385970,0.000420872,3.722158724,1.298542321,515,3168,8940,135872,250856,22767548,3822,"[0, 8, 4, 7, 5, 2, 1, 3, 6]",37173035f6038b5bf38a205438b69cb92dc612696d34a941de70366983ef2023,job-grouping-sat-v1,a54742cc4785a1c57020713cb318b867bf332281940c4a836f44779c7cd99577,"[""Tabela2/L26-3.txt"",3,""job-grouping-sat"",""clique"",""free-initial-magazine-v1""]",cadical300,seqcounter,1200.0,"{""cardinality"":""seqcounter"",""configuration_version"":""job-grouping-sat-v1"",""objective_version"":""free-initial-magazine-v1"",""solver"":""cadical300"",""strength"":""clique"",""time_limit"":1200.0}"
Yanasse,Tabela2/L26-4.txt,4,job-grouping-sat,clique,free-initial-magazine-v1,OPTIMAL,9,9,25,20,5,21,12,12,7,5,4,1,3.349164402,0.076299320,0.000509977,3.481255718,0.721074731,515,3204,9012,119256,235894,22387540,3776,"[3, 4, 1, 6, 2, 8, 7, 0, 5]",79c7537800e0183df7ed0be5bfeb0ed4448953f8eb2d621611348a801dde387f,job-grouping-sat-v1,a54742cc4785a1c57020713cb318b867bf332281940c4a836f44779c7cd99577,"[""Tabela2/L26-4.txt"",4,""job-grouping-sat"",""clique"",""free-initial-magazine-v1""]",cadical300,seqcounter,1200.0,"{""cardinality"":""seqcounter"",""configuration_version"":""job-grouping-sat-v1"",""objective_version"":""free-initial-magazine-v1"",""solver"":""cadical300"",""strength"":""clique"",""time_limit"":1200.0}"
Yanasse,Tabela2/L26-5.txt,5,job-grouping-sat,clique,free-initial-magazine-v1,OPTIMAL,9,9,25,20,5,20,12,12,8,4,3,1,4.348060085,0.062466933,0.000429117,4.454545991,1.792893175,515,3231,9129,147838,268167,30996667,4164,"[1, 6, 3, 7, 8, 5, 2, 0, 4]",a19f6c83d6d1d5f9d29b8da12ae1f3e3d4c107614fe4ccdeb828ca9cc7a259e6,job-grouping-sat-v1,a54742cc4785a1c57020713cb318b867bf332281940c4a836f44779c7cd99577,"[""Tabela2/L26-5.txt"",5,""job-grouping-sat"",""clique"",""free-initial-magazine-v1""]",cadical300,seqcounter,1200.0,"{""cardinality"":""seqcounter"",""configuration_version"":""job-grouping-sat-v1"",""objective_version"":""free-initial-magazine-v1"",""solver"":""cadical300"",""strength"":""clique"",""time_limit"":1200.0}"
Yanasse,Tabela2/L26-6.txt,6,job-grouping-sat,clique,free-initial-magazine-v1,OPTIMAL,9,9,25,20,5,19,13,13,7,5,4,1,4.648662350,0.073432833,0.000488235,4.777852553,0.703093494,515,3390,9436,162578,293184,31268718,4724,"[1, 8, 7, 2, 3, 0, 6, 4, 5]",a8b0d5c0837cdd2d6a622cbb5629d6a9ced89c8ea8de956d7bc9b2dc3d3663c4,job-grouping-sat-v1,a54742cc4785a1c57020713cb318b867bf332281940c4a836f44779c7cd99577,"[""Tabela2/L26-6.txt"",6,""job-grouping-sat"",""clique"",""free-initial-magazine-v1""]",cadical300,seqcounter,1200.0,"{""cardinality"":""seqcounter"",""configuration_version"":""job-grouping-sat-v1"",""objective_version"":""free-initial-magazine-v1"",""solver"":""cadical300"",""strength"":""clique"",""time_limit"":1200.0}"
Yanasse,Tabela2/L26-7.txt,7,job-grouping-sat,clique,free-initial-magazine-v1,OPTIMAL,9,9,25,20,5,22,14,14,9,6,5,1,7.283460474,0.090880219,0.000614591,7.443772497,2.544595952,515,3520,9649,265663,545288,44901655,9663,"[8, 5, 3, 1, 0, 6, 7, 4, 2]",9d6c7c4a9acfff816bc77dc9009b770954cc5313d97f0a3d7f8ed30c4d3f3c79,job-grouping-sat-v1,a54742cc4785a1c57020713cb318b867bf332281940c4a836f44779c7cd99577,"[""Tabela2/L26-7.txt"",7,""job-grouping-sat"",""clique"",""free-initial-magazine-v1""]",cadical300,seqcounter,1200.0,"{""cardinality"":""seqcounter"",""configuration_version"":""job-grouping-sat-v1"",""objective_version"":""free-initial-magazine-v1"",""solver"":""cadical300"",""strength"":""clique"",""time_limit"":1200.0}"
Yanasse,Tabela2/L26-8.txt,8,job-grouping-sat,clique,free-initial-magazine-v1,OPTIMAL,9,9,25,20,5,22,15,15,9,5,4,1,8.623895585,0.070439262,0.000501089,8.750813155,3.021292677,515,3702,10029,266348,519783,58110764,9710,"[2, 6, 3, 8, 7, 1, 0, 4, 5]",7468693e0f81567a4395d28b1d361eb8e2bb051a9da093a623120979ea50d3bc,job-grouping-sat-v1,a54742cc4785a1c57020713cb318b867bf332281940c4a836f44779c7cd99577,"[""Tabela2/L26-8.txt"",8,""job-grouping-sat"",""clique"",""free-initial-magazine-v1""]",cadical300,seqcounter,1200.0,"{""cardinality"":""seqcounter"",""configuration_version"":""job-grouping-sat-v1"",""objective_version"":""free-initial-magazine-v1"",""solver"":""cadical300"",""strength"":""clique"",""time_limit"":1200.0}"
Yanasse,Tabela2/L26-9.txt,9,job-grouping-sat,clique,free-initial-magazine-v1,OPTIMAL,9,9,25,20,5,17,12,12,9,4,3,1,4.693367600,0.059044844,0.000453554,4.794162090,1.030680486,515,3168,8913,186235,342839,25282594,5465,"[8, 0, 3, 6, 7, 5, 2, 1, 4]",4653b3f30e634664973766032b723f06c896df4fee32bb21be7d0ca6b7334413,job-grouping-sat-v1,a54742cc4785a1c57020713cb318b867bf332281940c4a836f44779c7cd99577,"[""Tabela2/L26-9.txt"",9,""job-grouping-sat"",""clique"",""free-initial-magazine-v1""]",cadical300,seqcounter,1200.0,"{""cardinality"":""seqcounter"",""configuration_version"":""job-grouping-sat-v1"",""objective_version"":""free-initial-magazine-v1"",""solver"":""cadical300"",""strength"":""clique"",""time_limit"":1200.0}"
Yanasse,Tabela2/L27-1.txt,1,job-grouping-sat,clique,free-initial-magazine-v1,OPTIMAL,9,9,20,5,15,17,16,16,7,2,1,1,32.494693229,0.021644609,0.000234774,32.537232780,0.306470833,430,3057,7632,1155011,1809018,146469809,35737,"[4, 6, 0, 7, 1, 5, 8, 3, 2]",d202c7c49ddf37c1145b5c3dd8feff54ea07ffa11af3446acea08891a6d11fc0,job-grouping-sat-v1,a54742cc4785a1c57020713cb318b867bf332281940c4a836f44779c7cd99577,"[""Tabela2/L27-1.txt"",1,""job-grouping-sat"",""clique"",""free-initial-magazine-v1""]",cadical300,seqcounter,1200.0,"{""cardinality"":""seqcounter"",""configuration_version"":""job-grouping-sat-v1"",""objective_version"":""free-initial-magazine-v1"",""solver"":""cadical300"",""strength"":""clique"",""time_limit"":1200.0}"
Yanasse,Tabela2/L27-10.txt,10,job-grouping-sat,clique,free-initial-magazine-v1,OPTIMAL,9,9,20,5,15,20,17,17,9,4,3,1,10.781154274,0.052274437,0.000398837,10.873680406,4.728291709,430,3159,7861,341880,600135,85394650,13262,"[7, 6, 8, 2, 5, 0, 3, 1, 4]",fac7cc3988648f10924876f883528edab0168f468553281f1135b83ea68c8045,job-grouping-sat-v1,a54742cc4785a1c57020713cb318b867bf332281940c4a836f44779c7cd99577,"[""Tabela2/L27-10.txt"",10,""job-grouping-sat"",""clique"",""free-initial-magazine-v1""]",cadical300,seqcounter,1200.0,"{""cardinality"":""seqcounter"",""configuration_version"":""job-grouping-sat-v1"",""objective_version"":""free-initial-magazine-v1"",""solver"":""cadical300"",""strength"":""clique"",""time_limit"":1200.0}"
Yanasse,Tabela2/L27-2.txt,2,job-grouping-sat,clique,free-initial-magazine-v1,OPTIMAL,9,9,20,5,15,22,16,16,9,4,3,1,11.014383240,0.047990769,0.000342076,11.103572208,1.976511544,430,3048,7623,341521,558666,80898785,10596,"[3, 7, 2, 8, 1, 6, 4, 5, 0]",1e140e444ead920e86f950fc09cca8b3096cf08bd365b1ae9e0c3d67cca8f425,job-grouping-sat-v1,a54742cc4785a1c57020713cb318b867bf332281940c4a836f44779c7cd99577,"[""Tabela2/L27-2.txt"",2,""job-grouping-sat"",""clique"",""free-initial-magazine-v1""]",cadical300,seqcounter,1200.0,"{""cardinality"":""seqcounter"",""configuration_version"":""job-grouping-sat-v1"",""objective_version"":""free-initial-magazine-v1"",""solver"":""cadical300"",""strength"":""clique"",""time_limit"":1200.0}"
Yanasse,Tabela2/L27-3.txt,3,job-grouping-sat,clique,free-initial-magazine-v1,OPTIMAL,9,9,20,5,15,23,17,17,9,5,4,1,12.634819331,0.067119331,0.000403036,12.753798384,0.376483059,430,3186,7915,375120,584058,97868506,11084,"[5, 1, 0, 7, 4, 6, 8, 3, 2]",a9296896524c7f03d4a7b670d720a097957b27e929615860c9e3a335049e4331,job-grouping-sat-v1,a54742cc4785a1c57020713cb318b867bf332281940c4a836f44779c7cd99577,"[""Tabela2/L27-3.txt"",3,""job-grouping-sat"",""clique"",""free-initial-magazine-v1""]",cadical300,seqcounter,1200.0,"{""cardinality"":""seqcounter"",""configuration_version"":""job-grouping-sat-v1"",""objective_version"":""free-initial-magazine-v1"",""solver"":""cadical300"",""strength"":""clique"",""time_limit"":1200.0}"
Yanasse,Tabela2/L27-4.txt,4,job-grouping-sat,clique,free-initial-magazine-v1,OPTIMAL,9,9,20,5,15,30,22,22,9,8,7,1,2.494795607,0.106078547,0.000549034,2.689075552,1.564904000,430,3738,9063,73808,129432,23978286,1746,"[4, 0, 3, 2, 6, 7, 5, 8, 1]",c1daf4b0e76263f3a31fb7cbf4c43aecb90fa978906edfd1baa357ddab548fd5,job-grouping-sat-v1,a54742cc4785a1c57020713cb318b867bf332281940c4a836f44779c7cd99577,"[""Tabela2/L27-4.txt"",4,""job-grouping-sat"",""clique"",""free-initial-magazine-v1""]",cadical300,seqcounter,1200.0,"{""cardinality"":""seqcounter"",""configuration_version"":""job-grouping-sat-v1"",""objective_version"":""free-initial-magazine-v1"",""solver"":""cadical300"",""strength"":""clique"",""time_limit"":1200.0}"
Yanasse,Tabela2/L27-5.txt,5,job-grouping-sat,clique,free-initial-magazine-v1,OPTIMAL,9,9,20,5,15,23,19,19,9,5,4,1,7.958112258,0.063099115,0.000446142,8.070830356,1.421947898,430,3429,8424,237173,395561,66924887,7744,"[7, 5, 0, 3, 8, 2, 1, 6, 4]",61c906f60dbe617ad1a98472e85b6a4cc2d94290eeae683be593901dc87b3d47,job-grouping-sat-v1,a54742cc4785a1c57020713cb318b867bf332281940c4a836f44779c7cd99577,"[""Tabela2/L27-5.txt"",5,""job-grouping-sat"",""clique"",""free-initial-magazine-v1""]",cadical300,seqcounter,1200.0,"{""cardinality"":""seqcounter"",""configuration_version"":""job-grouping-sat-v1"",""objective_version"":""free-initial-magazine-v1"",""solver"":""cadical300"",""strength"":""clique"",""time_limit"":1200.0}"
Yanasse,Tabela2/L27-6.txt,6,job-grouping-sat,clique,free-initial-magazine-v1,OPTIMAL,9,9,20,5,15,23,16,16,7,5,4,1,4.216867449,0.061084902,0.000369447,4.327122882,0.365528387,430,3093,7749,136877,223975,34391969,3656,"[0, 5, 4, 6, 7, 8, 1, 2, 3]",a9d7645a27f3b591317b19c8c504834e4d2bf4ae2ff4b31727b4c3bd67628bc0,job-grouping-sat-v1,a54742cc4785a1c57020713cb318b867bf332281940c4a836f44779c7cd99577,"[""Tabela2/L27-6.txt"",6,""job-grouping-sat"",""clique"",""free-initial-magazine-v1""]",cadical300,seqcounter,1200.0,"{""cardinality"":""seqcounter"",""configuration_version"":""job-grouping-sat-v1"",""objective_version"":""free-initial-magazine-v1"",""solver"":""cadical300"",""strength"":""clique"",""time_limit"":1200.0}"
Yanasse,Tabela2/L27-7.txt,7,job-grouping-sat,clique,free-initial-magazine-v1,OPTIMAL,9,9,20,5,15,19,18,18,7,2,1,1,20.251030681,0.024533125,0.000270245,20.299137559,0.119009835,430,3313,8167,556461,869381,147858005,18076,"[7, 0, 1, 3, 5, 4, 2, 6, 8]",c4d39e5b5c6040793883875ef0bbaf1e70aa1b1dcee052070b995daefbc908aa,job-grouping-sat-v1,a54742cc4785a1c57020713cb318b867bf332281940c4a836f44779c7cd99577,"[""Tabela2/L27-7.txt"",7,""job-grouping-sat"",""clique"",""free-initial-magazine-v1""]",cadical300,seqcounter,1200.0,"{""cardinality"":""seqcounter"",""configuration_version"":""job-grouping-sat-v1"",""objective_version"":""free-initial-magazine-v1"",""solver"":""cadical300"",""strength"":""clique"",""time_limit"":1200.0}"
Yanasse,Tabela2/L27-8.txt,8,job-grouping-sat,clique,free-initial-magazine-v1,OPTIMAL,9,9,20,5,15,23,16,16,9,7,6,1,5.579611435,0.081456145,0.000492711,5.730560362,1.115958136,430,3039,7623,193345,345093,40062850,6141,"[1, 6, 4, 5, 0, 8, 2, 7, 3]",79db0f9e45aefd57d2d5f42fde622669659972b492a86fa42b64336899c4f80b,job-grouping-sat-v1,a54742cc4785a1c57020713cb318b867bf332281940c4a836f44779c7cd99577,"[""Tabela2/L27-8.txt"",8,""job-grouping-sat"",""clique"",""free-initial-magazine-v1""]",cadical300,seqcounter,1200.0,"{""cardinality"":""seqcounter"",""configuration_version"":""job-grouping-sat-v1"",""objective_version"":""free-initial-magazine-v1"",""solver"":""cadical300"",""strength"":""clique"",""time_limit"":1200.0}"
Yanasse,Tabela2/L27-9.txt,9,job-grouping-sat,clique,free-initial-magazine-v1,OPTIMAL,9,9,20,5,15,21,17,17,9,4,3,1,5.860277429,0.050841223,0.000344920,5.949621142,0.979127401,430,3213,8014,192724,333145,47691951,7542,"[3, 8, 2, 1, 5, 6, 0, 4, 7]",4af40bc482af9dbdbf1d111f3df0a6ee5bd3901a49cda91d0424b4745f243487,job-grouping-sat-v1,a54742cc4785a1c57020713cb318b867bf332281940c4a836f44779c7cd99577,"[""Tabela2/L27-9.txt"",9,""job-grouping-sat"",""clique"",""free-initial-magazine-v1""]",cadical300,seqcounter,1200.0,"{""cardinality"":""seqcounter"",""configuration_version"":""job-grouping-sat-v1"",""objective_version"":""free-initial-magazine-v1"",""solver"":""cadical300"",""strength"":""clique"",""time_limit"":1200.0}"
Yanasse,Tabela2/L28-1.txt,1,job-grouping-sat,clique,free-initial-magazine-v1,OPTIMAL,9,9,20,10,10,10,10,10,6,0,0,0,0.000000000,0.000000000,0.000157127,0.000193160,0.000157127,0,0,0,0,0,0,0,"[0, 2, 5, 6, 1, 7, 8, 3, 4]",b159ce30348486b7d551cc0b3204ebbc37731940573bb5a1afe401a5f976cb93,job-grouping-sat-v1,a54742cc4785a1c57020713cb318b867bf332281940c4a836f44779c7cd99577,"[""Tabela2/L28-1.txt"",1,""job-grouping-sat"",""clique"",""free-initial-magazine-v1""]",cadical300,seqcounter,1200.0,"{""cardinality"":""seqcounter"",""configuration_version"":""job-grouping-sat-v1"",""objective_version"":""free-initial-magazine-v1"",""solver"":""cadical300"",""strength"":""clique"",""time_limit"":1200.0}"
Yanasse,Tabela2/L28-10.txt,10,job-grouping-sat,clique,free-initial-magazine-v1,OPTIMAL,9,9,20,10,10,10,10,10,6,0,0,0,0.000000000,0.000000000,0.000134477,0.000175211,0.000134477,0,0,0,0,0,0,0,"[5, 3, 4, 0, 6, 1, 8, 7, 2]",ca4fb8bc5741ca5be70bac978a9d91d27aff3672e1e61d24fa11fe91c53c96d5,job-grouping-sat-v1,a54742cc4785a1c57020713cb318b867bf332281940c4a836f44779c7cd99577,"[""Tabela2/L28-10.txt"",10,""job-grouping-sat"",""clique"",""free-initial-magazine-v1""]",cadical300,seqcounter,1200.0,"{""cardinality"":""seqcounter"",""configuration_version"":""job-grouping-sat-v1"",""objective_version"":""free-initial-magazine-v1"",""solver"":""cadical300"",""strength"":""clique"",""time_limit"":1200.0}"
Yanasse,Tabela2/L28-2.txt,2,job-grouping-sat,clique,free-initial-magazine-v1,OPTIMAL,9,9,20,10,10,10,10,10,7,0,0,0,0.000000000,0.000000000,0.000128290,0.000163304,0.000128290,0,0,0,0,0,0,0,"[4, 0, 6, 1, 7, 8, 2, 3, 5]",b6e1d25f74354242d012a7c86dca3e8ab999e3faa21cd4d3ac1ac921b5134e3c,job-grouping-sat-v1,a54742cc4785a1c57020713cb318b867bf332281940c4a836f44779c7cd99577,"[""Tabela2/L28-2.txt"",2,""job-grouping-sat"",""clique"",""free-initial-magazine-v1""]",cadical300,seqcounter,1200.0,"{""cardinality"":""seqcounter"",""configuration_version"":""job-grouping-sat-v1"",""objective_version"":""free-initial-magazine-v1"",""solver"":""cadical300"",""strength"":""clique"",""time_limit"":1200.0}"
Yanasse,Tabela2/L28-3.txt,3,job-grouping-sat,clique,free-initial-magazine-v1,OPTIMAL,9,9,20,10,10,11,10,10,3,1,1,0,0.012686611,0.009280061,0.000201544,0.030755117,0.030371793,430,2472,6319,197,4135,36604,3,"[0, 1, 4, 3, 5, 8, 2, 6, 7]",bb455a2a6cd955539ebffc0c7664b4d5477e13bf8c8b2cc6328dd652f6014dd7,job-grouping-sat-v1,a54742cc4785a1c57020713cb318b867bf332281940c4a836f44779c7cd99577,"[""Tabela2/L28-3.txt"",3,""job-grouping-sat"",""clique"",""free-initial-magazine-v1""]",cadical300,seqcounter,1200.0,"{""cardinality"":""seqcounter"",""configuration_version"":""job-grouping-sat-v1"",""objective_version"":""free-initial-magazine-v1"",""solver"":""cadical300"",""strength"":""clique"",""time_limit"":1200.0}"
Yanasse,Tabela2/L28-4.txt,4,job-grouping-sat,clique,free-initial-magazine-v1,OPTIMAL,9,9,20,10,10,10,10,10,6,0,0,0,0.000000000,0.000000000,0.000153685,0.000192564,0.000153685,0,0,0,0,0,0,0,"[2, 6, 3, 7, 4, 0, 8, 1, 5]",d0be276d75de2c44836d55868e0abd1cedf51b4156d91ddaed55565dd48b0da7,job-grouping-sat-v1,a54742cc4785a1c57020713cb318b867bf332281940c4a836f44779c7cd99577,"[""Tabela2/L28-4.txt"",4,""job-grouping-sat"",""clique"",""free-initial-magazine-v1""]",cadical300,seqcounter,1200.0,"{""cardinality"":""seqcounter"",""configuration_version"":""job-grouping-sat-v1"",""objective_version"":""free-initial-magazine-v1"",""solver"":""cadical300"",""strength"":""clique"",""time_limit"":1200.0}"
Yanasse,Tabela2/L28-5.txt,5,job-grouping-sat,clique,free-initial-magazine-v1,OPTIMAL,9,9,20,10,10,11,10,10,6,1,1,0,0.341961069,0.010003540,0.000162918,0.360793810,0.360408979,430,2472,6346,18181,47045,2209570,692,"[7, 1, 8, 0, 5, 4, 2, 3, 6]",f7f96794f9b860980e4b5128d443aa07a4f87d5c19b1548e6b43c897b7bf6ba4,job-grouping-sat-v1,a54742cc4785a1c57020713cb318b867bf332281940c4a836f44779c7cd99577,"[""Tabela2/L28-5.txt"",5,""job-grouping-sat"",""clique"",""free-initial-magazine-v1""]",cadical300,seqcounter,1200.0,"{""cardinality"":""seqcounter"",""configuration_version"":""job-grouping-sat-v1"",""objective_version"":""free-initial-magazine-v1"",""solver"":""cadical300"",""strength"":""clique"",""time_limit"":1200.0}"
Yanasse,Tabela2/L28-6.txt,6,job-grouping-sat,clique,free-initial-magazine-v1,OPTIMAL,9,9,20,10,10,11,10,10,3,1,1,0,0.447075877,0.009519282,0.000173728,0.465333414,0.464883240,430,2472,6337,22857,48394,2777279,516,"[0, 5, 6, 1, 2, 8, 3, 4, 7]",995c9b0aa7739e0fd3f5898c9723e0b9839c411fceecd328e188a0149d47dc0b,job-grouping-sat-v1,a54742cc4785a1c57020713cb318b867bf332281940c4a836f44779c7cd99577,"[""Tabela2/L28-6.txt"",6,""job-grouping-sat"",""clique"",""free-initial-magazine-v1""]",cadical300,seqcounter,1200.0,"{""cardinality"":""seqcounter"",""configuration_version"":""job-grouping-sat-v1"",""objective_version"":""free-initial-magazine-v1"",""solver"":""cadical300"",""strength"":""clique"",""time_limit"":1200.0}"
Yanasse,Tabela2/L28-7.txt,7,job-grouping-sat,clique,free-initial-magazine-v1,OPTIMAL,9,9,20,10,10,11,10,10,3,1,1,0,0.011901474,0.009833853,0.000175505,0.030089849,0.029744692,430,2472,6319,214,4073,27891,1,"[2, 3, 4, 8, 0, 6, 7, 1, 5]",d8a5e6faa182738018b911e4a814bf3da92111037786b9ea52ccb79b344db74b,job-grouping-sat-v1,a54742cc4785a1c57020713cb318b867bf332281940c4a836f44779c7cd99577,"[""Tabela2/L28-7.txt"",7,""job-grouping-sat"",""clique"",""free-initial-magazine-v1""]",cadical300,seqcounter,1200.0,"{""cardinality"":""seqcounter"",""configuration_version"":""job-grouping-sat-v1"",""objective_version"":""free-initial-magazine-v1"",""solver"":""cadical300"",""strength"":""clique"",""time_limit"":1200.0}"
Yanasse,Tabela2/L28-8.txt,8,job-grouping-sat,clique,free-initial-magazine-v1,OPTIMAL,9,9,20,10,10,11,10,10,9,1,1,0,0.264712097,0.009664048,0.000173004,0.283228973,0.282701514,430,2472,6319,13454,39604,1616215,549,"[8, 5, 7, 0, 3, 6, 4, 2, 1]",9f9868c27ee11418d61bb0df316e1a5b8756bf178843fa886d490311ad78c9d3,job-grouping-sat-v1,a54742cc4785a1c57020713cb318b867bf332281940c4a836f44779c7cd99577,"[""Tabela2/L28-8.txt"",8,""job-grouping-sat"",""clique"",""free-initial-magazine-v1""]",cadical300,seqcounter,1200.0,"{""cardinality"":""seqcounter"",""configuration_version"":""job-grouping-sat-v1"",""objective_version"":""free-initial-magazine-v1"",""solver"":""cadical300"",""strength"":""clique"",""time_limit"":1200.0}"
Yanasse,Tabela2/L28-9.txt,9,job-grouping-sat,clique,free-initial-magazine-v1,OPTIMAL,9,9,20,10,10,13,10,10,5,1,1,0,0.022262656,0.010325214,0.000167378,0.041402748,0.041070919,430,2748,6885,915,5799,111828,12,"[3, 4, 8, 0, 6, 1, 2, 7, 5]",025685380bacbf84e45917b2083a582c279bd89216a1970c9bc30661e02b775b,job-grouping-sat-v1,a54742cc4785a1c57020713cb318b867bf332281940c4a836f44779c7cd99577,"[""Tabela2/L28-9.txt"",9,""job-grouping-sat"",""clique"",""free-initial-magazine-v1""]",cadical300,seqcounter,1200.0,"{""cardinality"":""seqcounter"",""configuration_version"":""job-grouping-sat-v1"",""objective_version"":""free-initial-magazine-v1"",""solver"":""cadical300"",""strength"":""clique"",""time_limit"":1200.0}"
Yanasse,Tabela2/L29-1.txt,1,job-grouping-sat,clique,free-initial-magazine-v1,OPTIMAL,9,9,20,15,5,5,5,5,3,0,0,0,0.000000000,0.000000000,0.000163806,0.000204038,0.000163806,0,0,0,0,0,0,0,"[0, 5, 6, 7, 2, 4, 1, 3, 8]",723beed1a466447ea4be8a3869c2f78b2ec065b9ec0d241809710740b6b52205,job-grouping-sat-v1,a54742cc4785a1c57020713cb318b867bf332281940c4a836f44779c7cd99577,"[""Tabela2/L29-1.txt"",1,""job-grouping-sat"",""clique"",""free-initial-magazine-v1""]",cadical300,seqcounter,1200.0,"{""cardinality"":""seqcounter"",""configuration_version"":""job-grouping-sat-v1"",""objective_version"":""free-initial-magazine-v1"",""solver"":""cadical300"",""strength"":""clique"",""time_limit"":1200.0}"
Yanasse,Tabela2/L29-10.txt,10,job-grouping-sat,clique,free-initial-magazine-v1,OPTIMAL,9,9,20,15,5,5,5,5,5,0,0,0,0.000000000,0.000000000,0.000136179,0.000175017,0.000136179,0,0,0,0,0,0,0,"[5, 3, 4, 0, 6, 1, 8, 7, 2]",56493e3e8f547489b8b991bbc3195bf92decdd43b1c689d42659eb2d96fd4fba,job-grouping-sat-v1,a54742cc4785a1c57020713cb318b867bf332281940c4a836f44779c7cd99577,"[""Tabela2/L29-10.txt"",10,""job-grouping-sat"",""clique"",""free-initial-magazine-v1""]",cadical300,seqcounter,1200.0,"{""cardinality"":""seqcounter"",""configuration_version"":""job-grouping-sat-v1"",""objective_version"":""free-initial-magazine-v1"",""solver"":""cadical300"",""strength"":""clique"",""time_limit"":1200.0}"
Yanasse,Tabela2/L29-2.txt,2,job-grouping-sat,clique,free-initial-magazine-v1,OPTIMAL,9,9,20,15,5,5,5,5,3,0,0,0,0.000000000,0.000000000,0.000146799,0.000189941,0.000146799,0,0,0,0,0,0,0,"[8, 1, 7, 3, 5, 6, 0, 2, 4]",921da57950b4c9858db506ec4decd89790b5a65e3ce4ae796e507596de61eb6d,job-grouping-sat-v1,a54742cc4785a1c57020713cb318b867bf332281940c4a836f44779c7cd99577,"[""Tabela2/L29-2.txt"",2,""job-grouping-sat"",""clique"",""free-initial-magazine-v1""]",cadical300,seqcounter,1200.0,"{""cardinality"":""seqcounter"",""configuration_version"":""job-grouping-sat-v1"",""objective_version"":""free-initial-magazine-v1"",""solver"":""cadical300"",""strength"":""clique"",""time_limit"":1200.0}"
Yanasse,Tabela2/L29-3.txt,3,job-grouping-sat,clique,free-initial-magazine-v1,OPTIMAL,9,9,20,15,5,5,5,5,3,0,0,0,0.000000000,0.000000000,0.000162740,0.000205617,0.000162740,0,0,0,0,0,0,0,"[7, 4, 5, 6, 8, 3, 0, 1, 2]",26be1c929fb4aacf2c287c6f338083690336d76e092599855d3fd0f942fa989a,job-grouping-sat-v1,a54742cc4785a1c57020713cb318b867bf332281940c4a836f44779c7cd99577,"[""Tabela2/L29-3.txt"",3,""job-grouping-sat"",""clique"",""free-initial-magazine-v1""]",cadical300,seqcounter,1200.0,"{""cardinality"":""seqcounter"",""configuration_version"":""job-grouping-sat-v1"",""objective_version"":""free-initial-magazine-v1"",""solver"":""cadical300"",""strength"":""clique"",""time_limit"":1200.0}"
Yanasse,Tabela2/L29-4.txt,4,job-grouping-sat,clique,free-initial-magazine-v1,OPTIMAL,9,9,20,15,5,5,5,5,4,0,0,0,0.000000000,0.000000000,0.000143588,0.000185152,0.000143588,0,0,0,0,0,0,0,"[8, 3, 7, 0, 2, 5, 4, 1, 6]",d6b796e4082b7441cdfb34bd4e6588f75f9b49dfef1f566536dffb09acd86c74,job-grouping-sat-v1,a54742cc4785a1c57020713cb318b867bf332281940c4a836f44779c7cd99577,"[""Tabela2/L29-4.txt"",4,""job-grouping-sat"",""clique"",""free-initial-magazine-v1""]",cadical300,seqcounter,1200.0,"{""cardinality"":""seqcounter"",""configuration_version"":""job-grouping-sat-v1"",""objective_version"":""free-initial-magazine-v1"",""solver"":""cadical300"",""strength"":""clique"",""time_limit"":1200.0}"
Yanasse,Tabela2/L29-5.txt,5,job-grouping-sat,clique,free-initial-magazine-v1,OPTIMAL,9,9,20,15,5,5,5,5,4,0,0,0,0.000000000,0.000000000,0.000136406,0.000177732,0.000136406,0,0,0,0,0,0,0,"[3, 7, 1, 6, 2, 0, 4, 5, 8]",01443cd7d72a795285892df978db1b3305eafb09aaadcb1c106039d17631813e,job-grouping-sat-v1,a54742cc4785a1c57020713cb318b867bf332281940c4a836f44779c7cd99577,"[""Tabela2/L29-5.txt"",5,""job-grouping-sat"",""clique"",""free-initial-magazine-v1""]",cadical300,seqcounter,1200.0,"{""cardinality"":""seqcounter"",""configuration_version"":""job-grouping-sat-v1"",""objective_version"":""free-initial-magazine-v1"",""solver"":""cadical300"",""strength"":""clique"",""time_limit"":1200.0}"
Yanasse,Tabela2/L29-6.txt,6,job-grouping-sat,clique,free-initial-magazine-v1,OPTIMAL,9,9,20,15,5,5,5,5,5,0,0,0,0.000000000,0.000000000,0.000140510,0.000182122,0.000140510,0,0,0,0,0,0,0,"[0, 3, 2, 5, 8, 7, 4, 1, 6]",adf85e56bcd9309e870ff993c6be390be624b5da509ea431cceceed6a8291fca,job-grouping-sat-v1,a54742cc4785a1c57020713cb318b867bf332281940c4a836f44779c7cd99577,"[""Tabela2/L29-6.txt"",6,""job-grouping-sat"",""clique"",""free-initial-magazine-v1""]",cadical300,seqcounter,1200.0,"{""cardinality"":""seqcounter"",""configuration_version"":""job-grouping-sat-v1"",""objective_version"":""free-initial-magazine-v1"",""solver"":""cadical300"",""strength"":""clique"",""time_limit"":1200.0}"
Yanasse,Tabela2/L29-7.txt,7,job-grouping-sat,clique,free-initial-magazine-v1,OPTIMAL,9,9,20,15,5,5,5,5,5,0,0,0,0.000000000,0.000000000,0.000136891,0.000178894,0.000136891,0,0,0,0,0,0,0,"[4, 8, 7, 3, 0, 1, 2, 6, 5]",2133f664cbbb2690f6f79434efd26cd1b8fbdc4d7b15f64b2233b9d2f9e11526,job-grouping-sat-v1,a54742cc4785a1c57020713cb318b867bf332281940c4a836f44779c7cd99577,"[""Tabela2/L29-7.txt"",7,""job-grouping-sat"",""clique"",""free-initial-magazine-v1""]",cadical300,seqcounter,1200.0,"{""cardinality"":""seqcounter"",""configuration_version"":""job-grouping-sat-v1"",""objective_version"":""free-initial-magazine-v1"",""solver"":""cadical300"",""strength"":""clique"",""time_limit"":1200.0}"
Yanasse,Tabela2/L29-8.txt,8,job-grouping-sat,clique,free-initial-magazine-v1,OPTIMAL,9,9,20,15,5,5,5,5,5,0,0,0,0.000000000,0.000000000,0.000138857,0.000180751,0.000138857,0,0,0,0,0,0,0,"[1, 2, 3, 0, 6, 7, 8, 4, 5]",3daaf3fc4e675874837295acfa04bad1fe27182a196ae30ecf721a218708707f,job-grouping-sat-v1,a54742cc4785a1c57020713cb318b867bf332281940c4a836f44779c7cd99577,"[""Tabela2/L29-8.txt"",8,""job-grouping-sat"",""clique"",""free-initial-magazine-v1""]",cadical300,seqcounter,1200.0,"{""cardinality"":""seqcounter"",""configuration_version"":""job-grouping-sat-v1"",""objective_version"":""free-initial-magazine-v1"",""solver"":""cadical300"",""strength"":""clique"",""time_limit"":1200.0}"
Yanasse,Tabela2/L29-9.txt,9,job-grouping-sat,clique,free-initial-magazine-v1,OPTIMAL,9,9,20,15,5,5,5,5,5,0,0,0,0.000000000,0.000000000,0.000136434,0.000177504,0.000136434,0,0,0,0,0,0,0,"[3, 7, 0, 5, 6, 2, 4, 1, 8]",71583c893e4a1449e04eb5e213164d9391176ee257c4e8ecb80dd1c6b4df968e,job-grouping-sat-v1,a54742cc4785a1c57020713cb318b867bf332281940c4a836f44779c7cd99577,"[""Tabela2/L29-9.txt"",9,""job-grouping-sat"",""clique"",""free-initial-magazine-v1""]",cadical300,seqcounter,1200.0,"{""cardinality"":""seqcounter"",""configuration_version"":""job-grouping-sat-v1"",""objective_version"":""free-initial-magazine-v1"",""solver"":""cadical300"",""strength"":""clique"",""time_limit"":1200.0}"
Yanasse,Tabela2/L3-1.txt,1,job-grouping-sat,clique,free-initial-magazine-v1,OPTIMAL,9,9,15,10,5,9,5,5,4,2,2,0,0.028629035,0.013589895,0.000183466,0.054396016,0.054211210,225,719,2234,1982,3869,164955,21,"[1, 8, 2, 3, 4, 7, 0, 5, 6]",60acf9436e7e80249bc720e7959bd49f6ed1bbe4e658da662e738ee15f01f0dc,job-grouping-sat-v1,a54742cc4785a1c57020713cb318b867bf332281940c4a836f44779c7cd99577,"[""Tabela2/L3-1.txt"",1,""job-grouping-sat"",""clique"",""free-initial-magazine-v1""]",cadical300,seqcounter,1200.0,"{""cardinality"":""seqcounter"",""configuration_version"":""job-grouping-sat-v1"",""objective_version"":""free-initial-magazine-v1"",""solver"":""cadical300"",""strength"":""clique"",""time_limit"":1200.0}"
Yanasse,Tabela2/L3-10.txt,10,job-grouping-sat,clique,free-initial-magazine-v1,OPTIMAL,9,9,15,10,5,12,7,7,6,4,3,1,0.491273548,0.030504949,0.000289449,0.545817650,0.218592117,265,957,2896,32040,63046,2625591,1324,"[2, 6, 8, 3, 5, 1, 7, 0, 4]",747bfd33cae5b16a261c246f4a6d4fbab94169b3c6f51726aebc18e0f7af88b1,job-grouping-sat-v1,a54742cc4785a1c57020713cb318b867bf332281940c4a836f44779c7cd99577,"[""Tabela2/L3-10.txt"",10,""job-grouping-sat"",""clique"",""free-initial-magazine-v1""]",cadical300,seqcounter,1200.0,"{""cardinality"":""seqcounter"",""configuration_version"":""job-grouping-sat-v1"",""objective_version"":""free-initial-magazine-v1"",""solver"":""cadical300"",""strength"":""clique"",""time_limit"":1200.0}"
Yanasse,Tabela2/L3-2.txt,2,job-grouping-sat,clique,free-initial-magazine-v1,OPTIMAL,9,9,15,10,5,13,11,11,9,3,2,1,2.679507735,0.026988796,0.000297149,2.729017497,0.814219806,345,1766,5044,122064,207668,14418236,3665,"[0, 8, 5, 1, 6, 2, 7, 4, 3]",f5f56749e23031ea447ff101025813f63dba83b472d5091e956de0616943c2c4,job-grouping-sat-v1,a54742cc4785a1c57020713cb318b867bf332281940c4a836f44779c7cd99577,"[""Tabela2/L3-2.txt"",2,""job-grouping-sat"",""clique"",""free-initial-magazine-v1""]",cadical300,seqcounter,1200.0,"{""cardinality"":""seqcounter"",""configuration_version"":""job-grouping-sat-v1"",""objective_version"":""free-initial-magazine-v1"",""solver"":""cadical300"",""strength"":""clique"",""time_limit"":1200.0}"
Yanasse,Tabela2/L3-3.txt,3,job-grouping-sat,clique,free-initial-magazine-v1,OPTIMAL,9,9,15,10,5,7,5,5,2,1,1,0,0.007340600,0.010576958,0.000166610,0.023907719,0.023737513,265,908,2686,89,1231,9452,0,"[0, 3, 4, 7, 8, 1, 2, 5, 6]",fcbcc30f12db35e27cb4896100607ce63d07c797835d8f53cf27d51b07687298,job-grouping-sat-v1,a54742cc4785a1c57020713cb318b867bf332281940c4a836f44779c7cd99577,"[""Tabela2/L3-3.txt"",3,""job-grouping-sat"",""clique"",""free-initial-magazine-v1""]",cadical300,seqcounter,1200.0,"{""cardinality"":""seqcounter"",""configuration_version"":""job-grouping-sat-v1"",""objective_version"":""free-initial-magazine-v1"",""solver"":""cadical300"",""strength"":""clique"",""time_limit"":1200.0}"
Yanasse,Tabela2/L3-4.txt,4,job-grouping-sat,clique,free-initial-magazine-v1,OPTIMAL,9,9,15,10,5,10,6,6,5,5,4,1,0.559426055,0.035865259,0.000308928,0.624329326,0.403242345,225,725,2306,38176,64613,2521240,950,"[1, 2, 6, 8, 0, 7, 3, 4, 5]",b2f30aaf1b7d1d3b0a5ba3762c5da77ed7335b0b1483867ef1c345b0e22276b5,job-grouping-sat-v1,a54742cc4785a1c57020713cb318b867bf332281940c4a836f44779c7cd99577,"[""Tabela2/L3-4.txt"",4,""job-grouping-sat"",""clique"",""free-initial-magazine-v1""]",cadical300,seqcounter,1200.0,"{""cardinality"":""seqcounter"",""configuration_version"":""job-grouping-sat-v1"",""objective_version"":""free-initial-magazine-v1"",""solver"":""cadical300"",""strength"":""clique"",""time_limit"":1200.0}"
Yanasse,Tabela2/L3-5.txt,5,job-grouping-sat,clique,free-initial-magazine-v1,OPTIMAL,9,9,15,10,5,9,5,5,6,3,3,0,0.211711373,0.020843047,0.000252846,0.251214408,0.251010760,225,707,2264,14584,24936,990678,312,"[1, 8, 3, 5, 7, 0, 2, 6, 4]",56948777dc411fcf8eec967d3aced5ac68937c078d2c08c703232140eba013b6,job-grouping-sat-v1,a54742cc4785a1c57020713cb318b867bf332281940c4a836f44779c7cd99577,"[""Tabela2/L3-5.txt"",5,""job-grouping-sat"",""clique"",""free-initial-magazine-v1""]",cadical300,seqcounter,1200.0,"{""cardinality"":""seqcounter"",""configuration_version"":""job-grouping-sat-v1"",""objective_version"":""free-initial-magazine-v1"",""solver"":""cadical300"",""strength"":""clique"",""time_limit"":1200.0}"
Yanasse,Tabela2/L3-6.txt,6,job-grouping-sat,clique,free-initial-magazine-v1,OPTIMAL,9,9,15,10,5,11,8,8,6,3,2,1,0.414971278,0.028073639,0.000256818,0.463448779,0.078139128,305,1237,3702,24095,45067,2097529,832,"[0, 1, 6, 2, 3, 5, 7, 8, 4]",3514a55ec1c8a1963dad4b7b9dd2c33cfa0a01ca508457a69681aaa432246c88,job-grouping-sat-v1,a54742cc4785a1c57020713cb318b867bf332281940c4a836f44779c7cd99577,"[""Tabela2/L3-6.txt"",6,""job-grouping-sat"",""clique"",""free-initial-magazine-v1""]",cadical300,seqcounter,1200.0,"{""cardinality"":""seqcounter"",""configuration_version"":""job-grouping-sat-v1"",""objective_version"":""free-initial-magazine-v1"",""solver"":""cadical300"",""strength"":""clique"",""time_limit"":1200.0}"
Yanasse,Tabela2/L3-7.txt,7,job-grouping-sat,clique,free-initial-magazine-v1,OPTIMAL,9,9,15,10,5,13,8,8,6,3,2,1,0.359655907,0.027959232,0.000283378,0.408024297,0.059164042,305,1285,3862,21085,39012,1922069,542,"[5, 1, 0, 3, 6, 2, 4, 8, 7]",60ae015447dd3868c2849c623f4dc5ab579154e360ad17660fbf9bbc28255834,job-grouping-sat-v1,a54742cc4785a1c57020713cb318b867bf332281940c4a836f44779c7cd99577,"[""Tabela2/L3-7.txt"",7,""job-grouping-sat"",""clique"",""free-initial-magazine-v1""]",cadical300,seqcounter,1200.0,"{""cardinality"":""seqcounter"",""configuration_version"":""job-grouping-sat-v1"",""objective_version"":""free-initial-magazine-v1"",""solver"":""cadical300"",""strength"":""clique"",""time_limit"":1200.0}"
Yanasse,Tabela2/L3-8.txt,8,job-grouping-sat,clique,free-initial-magazine-v1,OPTIMAL,9,9,15,10,5,19,14,14,9,5,4,1,3.696184662,0.047851121,0.000398131,3.785126949,0.886410480,345,2057,5683,138070,222642,22812174,3685,"[8, 1, 0, 3, 5, 2, 6, 4, 7]",52623f9072210536a44177ee910564c058612b78242caf84d7954b0847a41a25,job-grouping-sat-v1,a54742cc4785a1c57020713cb318b867bf332281940c4a836f44779c7cd99577,"[""Tabela2/L3-8.txt"",8,""job-grouping-sat"",""clique"",""free-initial-magazine-v1""]",cadical300,seqcounter,1200.0,"{""cardinality"":""seqcounter"",""configuration_version"":""job-grouping-sat-v1"",""objective_version"":""free-initial-magazine-v1"",""solver"":""cadical300"",""strength"":""clique"",""time_limit"":1200.0}"
Yanasse,Tabela2/L3-9.txt,9,job-grouping-sat,clique,free-initial-magazine-v1,OPTIMAL,9,9,15,10,5,7,5,5,5,2,2,0,0.034110000,0.016239256,0.000210212,0.061739743,0.061559882,225,719,2258,1828,5009,143381,17,"[6, 8, 2, 5, 4, 1, 7, 0, 3]",c02cd9d5a30c6eb9d23bc7976af5307b0b5e0c45f6f9d877a0046346a9ee55bb,job-grouping-sat-v1,a54742cc4785a1c57020713cb318b867bf332281940c4a836f44779c7cd99577,"[""Tabela2/L3-9.txt"",9,""job-grouping-sat"",""clique"",""free-initial-magazine-v1""]",cadical300,seqcounter,1200.0,"{""cardinality"":""seqcounter"",""configuration_version"":""job-grouping-sat-v1"",""objective_version"":""free-initial-magazine-v1"",""solver"":""cadical300"",""strength"":""clique"",""time_limit"":1200.0}"
Yanasse,Tabela2/L30-1.txt,1,job-grouping-sat,clique,free-initial-magazine-v1,OPTIMAL,9,9,25,5,20,24,20,20,9,1,1,0,0.021427679,0.015875381,0.000213127,0.050233148,0.049674514,515,5169,12072,325,7309,72572,1,"[7, 2, 6, 3, 8, 1, 0, 5, 4]",7f66200acf63abf49a7dd068e5b164511fdd1e199fccb527ca9df51316e6be91,job-grouping-sat-v1,a54742cc4785a1c57020713cb318b867bf332281940c4a836f44779c7cd99577,"[""Tabela2/L30-1.txt"",1,""job-grouping-sat"",""clique"",""free-initial-magazine-v1""]",cadical300,seqcounter,1200.0,"{""cardinality"":""seqcounter"",""configuration_version"":""job-grouping-sat-v1"",""objective_version"":""free-initial-magazine-v1"",""solver"":""cadical300"",""strength"":""clique"",""time_limit"":1200.0}"
Yanasse,Tabela2/L30-10.txt,10,job-grouping-sat,clique,free-initial-magazine-v1,OPTIMAL,9,9,25,5,20,25,20,20,9,3,3,0,0.160895063,0.049067534,0.000306636,0.248241613,0.247654960,515,4875,11542,4114,24518,1119366,36,"[5, 2, 4, 3, 6, 0, 7, 1, 8]",db8ad8740a9d1603e86eb636126550bbd30f936c26233571b5e67e18a02dc4ef,job-grouping-sat-v1,a54742cc4785a1c57020713cb318b867bf332281940c4a836f44779c7cd99577,"[""Tabela2/L30-10.txt"",10,""job-grouping-sat"",""clique"",""free-initial-magazine-v1""]",cadical300,seqcounter,1200.0,"{""cardinality"":""seqcounter"",""configuration_version"":""job-grouping-sat-v1"",""objective_version"":""free-initial-magazine-v1"",""solver"":""cadical300"",""strength"":""clique"",""time_limit"":1200.0}"
Yanasse,Tabela2/L30-2.txt,2,job-grouping-sat,clique,free-initial-magazine-v1,OPTIMAL,9,9,25,5,20,27,20,20,9,5,5,0,2.635674652,0.080898280,0.000401954,2.780722712,2.780114608,515,4680,11127,91583,200936,24238046,2627,"[6, 3, 0, 8, 7, 2, 5, 1, 4]",d80475e40ee8e50e915f9125139a4661c38f7f28171e74018e57def2c1a342bc,job-grouping-sat-v1,a54742cc4785a1c57020713cb318b867bf332281940c4a836f44779c7cd99577,"[""Tabela2/L30-2.txt"",2,""job-grouping-sat"",""clique"",""free-initial-magazine-v1""]",cadical300,seqcounter,1200.0,"{""cardinality"":""seqcounter"",""configuration_version"":""job-grouping-sat-v1"",""objective_version"":""free-initial-magazine-v1"",""solver"":""cadical300"",""strength"":""clique"",""time_limit"":1200.0}"
Yanasse,Tabela2/L30-3.txt,3,job-grouping-sat,clique,free-initial-magazine-v1,OPTIMAL,9,9,25,5,20,24,20,20,8,3,3,0,6.246065680,0.044322262,0.000298386,6.328060046,6.327475198,515,4671,11100,195105,391881,54138716,7252,"[0, 2, 4, 5, 7, 3, 8, 1, 6]",5acd2eca4ff94496b74feb2579aa384691cc723398ea9120fffe288c4e689139,job-grouping-sat-v1,a54742cc4785a1c57020713cb318b867bf332281940c4a836f44779c7cd99577,"[""Tabela2/L30-3.txt"",3,""job-grouping-sat"",""clique"",""free-initial-magazine-v1""]",cadical300,seqcounter,1200.0,"{""cardinality"":""seqcounter"",""configuration_version"":""job-grouping-sat-v1"",""objective_version"":""free-initial-magazine-v1"",""solver"":""cadical300"",""strength"":""clique"",""time_limit"":1200.0}"
Yanasse,Tabela2/L30-4.txt,4,job-grouping-sat,clique,free-initial-magazine-v1,OPTIMAL,9,9,25,5,20,27,22,22,8,4,3,1,11.554081791,0.067736622,0.000346806,11.673253100,0.339819852,515,4848,11488,297409,525396,105111409,9783,"[0, 7, 4, 1, 8, 6, 2, 3, 5]",f008f5d06dba5490690507d61cd39d956c719cb5fd23ae398dc2fb1dde3b3df0,job-grouping-sat-v1,a54742cc4785a1c57020713cb318b867bf332281940c4a836f44779c7cd99577,"[""Tabela2/L30-4.txt"",4,""job-grouping-sat"",""clique"",""free-initial-magazine-v1""]",cadical300,seqcounter,1200.0,"{""cardinality"":""seqcounter"",""configuration_version"":""job-grouping-sat-v1"",""objective_version"":""free-initial-magazine-v1"",""solver"":""cadical300"",""strength"":""clique"",""time_limit"":1200.0}"
Yanasse,Tabela2/L30-5.txt,5,job-grouping-sat,clique,free-initial-magazine-v1,OPTIMAL,9,9,25,5,20,24,20,20,8,2,2,0,0.056017538,0.036184688,0.000256559,0.119046146,0.118439159,515,4893,11578,977,16348,273250,6,"[2, 5, 6, 0, 1, 4, 8, 7, 3]",28bde5178ed9216c5d1df50391dd3e0a8bd724ee77e0fc21c270385b052c4507,job-grouping-sat-v1,a54742cc4785a1c57020713cb318b867bf332281940c4a836f44779c7cd99577,"[""Tabela2/L30-5.txt"",5,""job-grouping-sat"",""clique"",""free-initial-magazine-v1""]",cadical300,seqcounter,1200.0,"{""cardinality"":""seqcounter"",""configuration_version"":""job-grouping-sat-v1"",""objective_version"":""free-initial-magazine-v1"",""solver"":""cadical300"",""strength"":""clique"",""time_limit"":1200.0}"
Yanasse,Tabela2/L30-6.txt,6,job-grouping-sat,clique,free-initial-magazine-v1,OPTIMAL,9,9,25,5,20,27,21,21,9,5,4,1,13.212324472,0.091972780,0.000448191,13.376136980,3.521237680,515,4698,11199,357687,712363,117938727,15844,"[5, 3, 7, 4, 1, 8, 2, 0, 6]",796a216f5518c7689e50823a8d53d3c3d52764a68a69976d7d5854bc7833d4c1,job-grouping-sat-v1,a54742cc4785a1c57020713cb318b867bf332281940c4a836f44779c7cd99577,"[""Tabela2/L30-6.txt"",6,""job-grouping-sat"",""clique"",""free-initial-magazine-v1""]",cadical300,seqcounter,1200.0,"{""cardinality"":""seqcounter"",""configuration_version"":""job-grouping-sat-v1"",""objective_version"":""free-initial-magazine-v1"",""solver"":""cadical300"",""strength"":""clique"",""time_limit"":1200.0}"
Yanasse,Tabela2/L30-7.txt,7,job-grouping-sat,clique,free-initial-magazine-v1,OPTIMAL,9,9,25,5,20,27,21,21,9,4,3,1,19.230281452,0.068418854,0.000386022,19.356026094,2.329461216,515,4680,11136,449978,827601,152501075,17513,"[8, 2, 7, 3, 5, 1, 6, 4, 0]",f1caa10e1490e8fccfb3a3a894cfc12aed1561773d2c5b7e96ecf69e8c293a2b,job-grouping-sat-v1,a54742cc4785a1c57020713cb318b867bf332281940c4a836f44779c7cd99577,"[""Tabela2/L30-7.txt"",7,""job-grouping-sat"",""clique"",""free-initial-magazine-v1""]",cadical300,seqcounter,1200.0,"{""cardinality"":""seqcounter"",""configuration_version"":""job-grouping-sat-v1"",""objective_version"":""free-initial-magazine-v1"",""solver"":""cadical300"",""strength"":""clique"",""time_limit"":1200.0}"
Yanasse,Tabela2/L30-8.txt,8,job-grouping-sat,clique,free-initial-magazine-v1,OPTIMAL,9,9,25,5,20,27,20,20,8,5,5,0,5.202046642,0.085040473,0.000398928,5.351358583,5.350486591,515,4689,11172,157396,327240,51407573,6276,"[4, 2, 7, 0, 6, 1, 5, 8, 3]",5ab267b2d15a110666c8040f60c68abf3f762fe5d2f553ecab7d099152294a75,job-grouping-sat-v1,a54742cc4785a1c57020713cb318b867bf332281940c4a836f44779c7cd99577,"[""Tabela2/L30-8.txt"",8,""job-grouping-sat"",""clique"",""free-initial-magazine-v1""]",cadical300,seqcounter,1200.0,"{""cardinality"":""seqcounter"",""configuration_version"":""job-grouping-sat-v1"",""objective_version"":""free-initial-magazine-v1"",""solver"":""cadical300"",""strength"":""clique"",""time_limit"":1200.0}"
Yanasse,Tabela2/L30-9.txt,9,job-grouping-sat,clique,free-initial-magazine-v1,OPTIMAL,9,9,25,5,20,24,20,20,9,3,3,0,1.429135103,0.047386729,0.000302386,1.513597091,1.512967306,515,4680,11127,49856,131216,14033220,2361,"[5, 6, 8, 2, 0, 3, 1, 7, 4]",6d2ac96b8b7dfd13a06dfb950f3a1b078d3bed82d1c15058c0a4d9ec339ac6f4,job-grouping-sat-v1,a54742cc4785a1c57020713cb318b867bf332281940c4a836f44779c7cd99577,"[""Tabela2/L30-9.txt"",9,""job-grouping-sat"",""clique"",""free-initial-magazine-v1""]",cadical300,seqcounter,1200.0,"{""cardinality"":""seqcounter"",""configuration_version"":""job-grouping-sat-v1"",""objective_version"":""free-initial-magazine-v1"",""solver"":""cadical300"",""strength"":""clique"",""time_limit"":1200.0}"
Yanasse,Tabela2/L31-1.txt,1,job-grouping-sat,clique,free-initial-magazine-v1,OPTIMAL,9,9,25,10,15,15,15,15,8,0,0,0,0.000000000,0.000000000,0.000158522,0.000197989,0.000158522,0,0,0,0,0,0,0,"[2, 3, 5, 8, 0, 7, 4, 6, 1]",40d93da867005a8b17be4591c54136ac78739e226b8eb9b1bf32044851453129,job-grouping-sat-v1,a54742cc4785a1c57020713cb318b867bf332281940c4a836f44779c7cd99577,"[""Tabela2/L31-1.txt"",1,""job-grouping-sat"",""clique"",""free-initial-magazine-v1""]",cadical300,seqcounter,1200.0,"{""cardinality"":""seqcounter"",""configuration_version"":""job-grouping-sat-v1"",""objective_version"":""free-initial-magazine-v1"",""solver"":""cadical300"",""strength"":""clique"",""time_limit"":1200.0}"
Yanasse,Tabela2/L31-10.txt,10,job-grouping-sat,clique,free-initial-magazine-v1,OPTIMAL,9,9,25,10,15,15,15,15,8,0,0,0,0.000000000,0.000000000,0.000175851,0.000235892,0.000175851,0,0,0,0,0,0,0,"[0, 4, 3, 6, 2, 8, 7, 1, 5]",7757549e13437ed2cc36324372e6f9f895057d8b6493902eef9114b6fa818d91,job-grouping-sat-v1,a54742cc4785a1c57020713cb318b867bf332281940c4a836f44779c7cd99577,"[""Tabela2/L31-10.txt"",10,""job-grouping-sat"",""clique"",""free-initial-magazine-v1""]",cadical300,seqcounter,1200.0,"{""cardinality"":""seqcounter"",""configuration_version"":""job-grouping-sat-v1"",""objective_version"":""free-initial-magazine-v1"",""solver"":""cadical300"",""strength"":""clique"",""time_limit"":1200.0}"
Yanasse,Tabela2/L31-2.txt,2,job-grouping-sat,clique,free-initial-magazine-v1,OPTIMAL,9,9,25,10,15,15,15,15,7,0,0,0,0.000000000,0.000000000,0.000143891,0.000182697,0.000143891,0,0,0,0,0,0,0,"[2, 8, 0, 3, 6, 7, 5, 4, 1]",be09e9288288d372f40792a03c610e8be7023e434409a220d1fc82cbb55d15f6,job-grouping-sat-v1,a54742cc4785a1c57020713cb318b867bf332281940c4a836f44779c7cd99577,"[""Tabela2/L31-2.txt"",2,""job-grouping-sat"",""clique"",""free-initial-magazine-v1""]",cadical300,seqcounter,1200.0,"{""cardinality"":""seqcounter"",""configuration_version"":""job-grouping-sat-v1"",""objective_version"":""free-initial-magazine-v1"",""solver"":""cadical300"",""strength"":""clique"",""time_limit"":1200.0}"
Yanasse,Tabela2/L31-3.txt,3,job-grouping-sat,clique,free-initial-magazine-v1,OPTIMAL,9,9,25,10,15,15,15,15,7,0,0,0,0.000000000,0.000000000,0.000139907,0.000177638,0.000139907,0,0,0,0,0,0,0,"[0, 4, 7, 6, 1, 3, 2, 5, 8]",17af2ffe0ae674ca4c758467e31f6143f01878778960b93c499cc013a963b54d,job-grouping-sat-v1,a54742cc4785a1c57020713cb318b867bf332281940c4a836f44779c7cd99577,"[""Tabela2/L31-3.txt"",3,""job-grouping-sat"",""clique"",""free-initial-magazine-v1""]",cadical300,seqcounter,1200.0,"{""cardinality"":""seqcounter"",""configuration_version"":""job-grouping-sat-v1"",""objective_version"":""free-initial-magazine-v1"",""solver"":""cadical300"",""strength"":""clique"",""time_limit"":1200.0}"
Yanasse,Tabela2/L31-4.txt,4,job-grouping-sat,clique,free-initial-magazine-v1,OPTIMAL,9,9,25,10,15,15,15,15,8,0,0,0,0.000000000,0.000000000,0.000153996,0.000292493,0.000153996,0,0,0,0,0,0,0,"[3, 7, 8, 0, 2, 6, 1, 4, 5]",59644583dd613420612ca77af6853bbb4f39f98b649c6e9f9ca6ed6080fd3e36,job-grouping-sat-v1,a54742cc4785a1c57020713cb318b867bf332281940c4a836f44779c7cd99577,"[""Tabela2/L31-4.txt"",4,""job-grouping-sat"",""clique"",""free-initial-magazine-v1""]",cadical300,seqcounter,1200.0,"{""cardinality"":""seqcounter"",""configuration_version"":""job-grouping-sat-v1"",""objective_version"":""free-initial-magazine-v1"",""solver"":""cadical300"",""strength"":""clique"",""time_limit"":1200.0}"
Yanasse,Tabela2/L31-5.txt,5,job-grouping-sat,clique,free-initial-magazine-v1,OPTIMAL,9,9,25,10,15,17,15,15,5,1,1,0,0.084041710,0.013331316,0.000236088,0.108736401,0.108075684,515,4366,10363,3071,9297,482318,19,"[3, 4, 5, 6, 1, 2, 0, 7, 8]",cfbd79ec41ded2c02403a18b7f2cfe062823fa2552bdce0bd2792531b743f09e,job-grouping-sat-v1,a54742cc4785a1c57020713cb318b867bf332281940c4a836f44779c7cd99577,"[""Tabela2/L31-5.txt"",5,""job-grouping-sat"",""clique"",""free-initial-magazine-v1""]",cadical300,seqcounter,1200.0,"{""cardinality"":""seqcounter"",""configuration_version"":""job-grouping-sat-v1"",""objective_version"":""free-initial-magazine-v1"",""solver"":""cadical300"",""strength"":""clique"",""time_limit"":1200.0}"
Yanasse,Tabela2/L31-6.txt,6,job-grouping-sat,clique,free-initial-magazine-v1,OPTIMAL,9,9,25,10,15,15,15,15,8,0,0,0,0.000000000,0.000000000,0.000157991,0.000195208,0.000157991,0,0,0,0,0,0,0,"[4, 8, 2, 1, 3, 5, 0, 6, 7]",9b2e005eee74026edb67339a063ae8c5ff6845064803ae8058eb4ff3e7ea2e90,job-grouping-sat-v1,a54742cc4785a1c57020713cb318b867bf332281940c4a836f44779c7cd99577,"[""Tabela2/L31-6.txt"",6,""job-grouping-sat"",""clique"",""free-initial-magazine-v1""]",cadical300,seqcounter,1200.0,"{""cardinality"":""seqcounter"",""configuration_version"":""job-grouping-sat-v1"",""objective_version"":""free-initial-magazine-v1"",""solver"":""cadical300"",""strength"":""clique"",""time_limit"":1200.0}"
Yanasse,Tabela2/L31-7.txt,7,job-grouping-sat,clique,free-initial-magazine-v1,OPTIMAL,9,9,25,10,15,15,15,15,7,0,0,0,0.000000000,0.000000000,0.000164842,0.000206200,0.000164842,0,0,0,0,0,0,0,"[8, 5, 3, 1, 0, 4, 7, 6, 2]",a5448f4425b1220c23ee984b8fa7f7e9ded7af0d7d90d9f6c6cd4b07c595676b,job-grouping-sat-v1,a54742cc4785a1c57020713cb318b867bf332281940c4a836f44779c7cd99577,"[""Tabela2/L31-7.txt"",7,""job-grouping-sat"",""clique"",""free-initial-magazine-v1""]",cadical300,seqcounter,1200.0,"{""cardinality"":""seqcounter"",""configuration_version"":""job-grouping-sat-v1"",""objective_version"":""free-initial-magazine-v1"",""solver"":""cadical300"",""strength"":""clique"",""time_limit"":1200.0}"
Yanasse,Tabela2/L31-8.txt,8,job-grouping-sat,clique,free-initial-magazine-v1,OPTIMAL,9,9,25,10,15,15,15,15,7,0,0,0,0.000000000,0.000000000,0.000166417,0.000206985,0.000166417,0,0,0,0,0,0,0,"[1, 8, 6, 3, 2, 5, 0, 4, 7]",a33b69ca022c69f2376bdebc6646fd9659c4af7566acde6cbea4e6b03945667a,job-grouping-sat-v1,a54742cc4785a1c57020713cb318b867bf332281940c4a836f44779c7cd99577,"[""Tabela2/L31-8.txt"",8,""job-grouping-sat"",""clique"",""free-initial-magazine-v1""]",cadical300,seqcounter,1200.0,"{""cardinality"":""seqcounter"",""configuration_version"":""job-grouping-sat-v1"",""objective_version"":""free-initial-magazine-v1"",""solver"":""cadical300"",""strength"":""clique"",""time_limit"":1200.0}"
Yanasse,Tabela2/L31-9.txt,9,job-grouping-sat,clique,free-initial-magazine-v1,OPTIMAL,9,9,25,10,15,15,15,15,8,0,0,0,0.000000000,0.000000000,0.000146385,0.000186259,0.000146385,0,0,0,0,0,0,0,"[2, 5, 4, 8, 1, 7, 0, 3, 6]",aea5dd4b03b1ebbc559fe44e48bd5bfc790d856ae385edde61bc5c94263ea8a5,job-grouping-sat-v1,a54742cc4785a1c57020713cb318b867bf332281940c4a836f44779c7cd99577,"[""Tabela2/L31-9.txt"",9,""job-grouping-sat"",""clique"",""free-initial-magazine-v1""]",cadical300,seqcounter,1200.0,"{""cardinality"":""seqcounter"",""configuration_version"":""job-grouping-sat-v1"",""objective_version"":""free-initial-magazine-v1"",""solver"":""cadical300"",""strength"":""clique"",""time_limit"":1200.0}"
Yanasse,Tabela2/L32-1.txt,1,job-grouping-sat,clique,free-initial-magazine-v1,OPTIMAL,9,9,25,15,10,10,10,10,5,0,0,0,0.000000000,0.000000000,0.000161007,0.000209108,0.000161007,0,0,0,0,0,0,0,"[1, 2, 0, 8, 5, 6, 3, 7, 4]",74e752fc4831bc1049f99a67516502734f81b6046fb7122a69d102cf536759ad,job-grouping-sat-v1,a54742cc4785a1c57020713cb318b867bf332281940c4a836f44779c7cd99577,"[""Tabela2/L32-1.txt"",1,""job-grouping-sat"",""clique"",""free-initial-magazine-v1""]",cadical300,seqcounter,1200.0,"{""cardinality"":""seqcounter"",""configuration_version"":""job-grouping-sat-v1"",""objective_version"":""free-initial-magazine-v1"",""solver"":""cadical300"",""strength"":""clique"",""time_limit"":1200.0}"
Yanasse,Tabela2/L32-10.txt,10,job-grouping-sat,clique,free-initial-magazine-v1,OPTIMAL,9,9,25,15,10,10,10,10,6,0,0,0,0.000000000,0.000000000,0.000145921,0.000189559,0.000145921,0,0,0,0,0,0,0,"[4, 0, 2, 3, 8, 6, 5, 7, 1]",3060781575c7692dae8bbc871104a4b84d5639514e475d85b548c7bb51f326d8,job-grouping-sat-v1,a54742cc4785a1c57020713cb318b867bf332281940c4a836f44779c7cd99577,"[""Tabela2/L32-10.txt"",10,""job-grouping-sat"",""clique"",""free-initial-magazine-v1""]",cadical300,seqcounter,1200.0,"{""cardinality"":""seqcounter"",""configuration_version"":""job-grouping-sat-v1"",""objective_version"":""free-initial-magazine-v1"",""solver"":""cadical300"",""strength"":""clique"",""time_limit"":1200.0}"
Yanasse,Tabela2/L32-2.txt,2,job-grouping-sat,clique,free-initial-magazine-v1,OPTIMAL,9,9,25,15,10,10,10,10,6,0,0,0,0.000000000,0.000000000,0.000136441,0.000176853,0.000136441,0,0,0,0,0,0,0,"[7, 2, 3, 5, 4, 8, 0, 6, 1]",013d77be594c8b1090bdf9a31762a91567d4609ddcefc05449067b0b1b4e8eea,job-grouping-sat-v1,a54742cc4785a1c57020713cb318b867bf332281940c4a836f44779c7cd99577,"[""Tabela2/L32-2.txt"",2,""job-grouping-sat"",""clique"",""free-initial-magazine-v1""]",cadical300,seqcounter,1200.0,"{""cardinality"":""seqcounter"",""configuration_version"":""job-grouping-sat-v1"",""objective_version"":""free-initial-magazine-v1"",""solver"":""cadical300"",""strength"":""clique"",""time_limit"":1200.0}"
Yanasse,Tabela2/L32-3.txt,3,job-grouping-sat,clique,free-initial-magazine-v1,OPTIMAL,9,9,25,15,10,10,10,10,5,0,0,0,0.000000000,0.000000000,0.000145216,0.000189837,0.000145216,0,0,0,0,0,0,0,"[3, 2, 8, 4, 6, 0, 5, 7, 1]",41749cb24967c13133c1b04d4d02e7b217a7cf89c18174c96fce5beb6ffa9c7e,job-grouping-sat-v1,a54742cc4785a1c57020713cb318b867bf332281940c4a836f44779c7cd99577,"[""Tabela2/L32-3.txt"",3,""job-grouping-sat"",""clique"",""free-initial-magazine-v1""]",cadical300,seqcounter,1200.0,"{""cardinality"":""seqcounter"",""configuration_version"":""job-grouping-sat-v1"",""objective_version"":""free-initial-magazine-v1"",""solver"":""cadical300"",""strength"":""clique"",""time_limit"":1200.0}"
Yanasse,Tabela2/L32-4.txt,4,job-grouping-sat,clique,free-initial-magazine-v1,OPTIMAL,9,9,25,15,10,10,10,10,6,0,0,0,0.000000000,0.000000000,0.000146095,0.000190213,0.000146095,0,0,0,0,0,0,0,"[0, 6, 5, 4, 8, 1, 7, 2, 3]",90752d0b1a2d167f9fb4ebf99eb12a10d8c192dde67c7062ee35d8e97c9605fc,job-grouping-sat-v1,a54742cc4785a1c57020713cb318b867bf332281940c4a836f44779c7cd99577,"[""Tabela2/L32-4.txt"",4,""job-grouping-sat"",""clique"",""free-initial-magazine-v1""]",cadical300,seqcounter,1200.0,"{""cardinality"":""seqcounter"",""configuration_version"":""job-grouping-sat-v1"",""objective_version"":""free-initial-magazine-v1"",""solver"":""cadical300"",""strength"":""clique"",""time_limit"":1200.0}"
Yanasse,Tabela2/L32-5.txt,5,job-grouping-sat,clique,free-initial-magazine-v1,OPTIMAL,9,9,25,15,10,10,10,10,6,0,0,0,0.000000000,0.000000000,0.000140925,0.000183214,0.000140925,0,0,0,0,0,0,0,"[2, 4, 3, 7, 1, 6, 8, 0, 5]",cac3923c7880e063dec2a1b3c6291c9ad69c5a151347e8fb0913277d9556090c,job-grouping-sat-v1,a54742cc4785a1c57020713cb318b867bf332281940c4a836f44779c7cd99577,"[""Tabela2/L32-5.txt"",5,""job-grouping-sat"",""clique"",""free-initial-magazine-v1""]",cadical300,seqcounter,1200.0,"{""cardinality"":""seqcounter"",""configuration_version"":""job-grouping-sat-v1"",""objective_version"":""free-initial-magazine-v1"",""solver"":""cadical300"",""strength"":""clique"",""time_limit"":1200.0}"
Yanasse,Tabela2/L32-6.txt,6,job-grouping-sat,clique,free-initial-magazine-v1,OPTIMAL,9,9,25,15,10,10,10,10,5,0,0,0,0.000000000,0.000000000,0.000142512,0.000185179,0.000142512,0,0,0,0,0,0,0,"[2, 0, 5, 3, 6, 7, 1, 4, 8]",4efb21b35cb9ca577ea05134cf99b49732ed60e095d0b655748913dc1ea5fa8f,job-grouping-sat-v1,a54742cc4785a1c57020713cb318b867bf332281940c4a836f44779c7cd99577,"[""Tabela2/L32-6.txt"",6,""job-grouping-sat"",""clique"",""free-initial-magazine-v1""]",cadical300,seqcounter,1200.0,"{""cardinality"":""seqcounter"",""configuration_version"":""job-grouping-sat-v1"",""objective_version"":""free-initial-magazine-v1"",""solver"":""cadical300"",""strength"":""clique"",""time_limit"":1200.0}"
Yanasse,Tabela2/L32-7.txt,7,job-grouping-sat,clique,free-initial-magazine-v1,OPTIMAL,9,9,25,15,10,10,10,10,6,0,0,0,0.000000000,0.000000000,0.000145460,0.000189348,0.000145460,0,0,0,0,0,0,0,"[3, 7, 1, 6, 0, 5, 8, 4, 2]",7f83dbfadb5bb2475338e22993a8d2126bf72cdebdbc589f63a29b9d621ce77f,job-grouping-sat-v1,a54742cc4785a1c57020713cb318b867bf332281940c4a836f44779c7cd99577,"[""Tabela2/L32-7.txt"",7,""job-grouping-sat"",""clique"",""free-initial-magazine-v1""]",cadical300,seqcounter,1200.0,"{""cardinality"":""seqcounter"",""configuration_version"":""job-grouping-sat-v1"",""objective_version"":""free-initial-magazine-v1"",""solver"":""cadical300"",""strength"":""clique"",""time_limit"":1200.0}"
Yanasse,Tabela2/L32-8.txt,8,job-grouping-sat,clique,free-initial-magazine-v1,OPTIMAL,9,9,25,15,10,10,10,10,5,0,0,0,0.000000000,0.000000000,0.000151087,0.000194137,0.000151087,0,0,0,0,0,0,0,"[3, 2, 0, 4, 6, 8, 7, 1, 5]",10a95cdbe4cb669a47c969ec0b446a99e2efbf649d314dea41d04ab96bf44e82,job-grouping-sat-v1,a54742cc4785a1c57020713cb318b867bf332281940c4a836f44779c7cd99577,"[""Tabela2/L32-8.txt"",8,""job-grouping-sat"",""clique"",""free-initial-magazine-v1""]",cadical300,seqcounter,1200.0,"{""cardinality"":""seqcounter"",""configuration_version"":""job-grouping-sat-v1"",""objective_version"":""free-initial-magazine-v1"",""solver"":""cadical300"",""strength"":""clique"",""time_limit"":1200.0}"
Yanasse,Tabela2/L32-9.txt,9,job-grouping-sat,clique,free-initial-magazine-v1,OPTIMAL,9,9,25,15,10,10,10,10,6,0,0,0,0.000000000,0.000000000,0.000150453,0.000197739,0.000150453,0,0,0,0,0,0,0,"[0, 2, 6, 3, 4, 7, 1, 8, 5]",730a22da7dcc6dc661781f3aea4bdc8a2541567df8ce6ba796581e1ebd592ec2,job-grouping-sat-v1,a54742cc4785a1c57020713cb318b867bf332281940c4a836f44779c7cd99577,"[""Tabela2/L32-9.txt"",9,""job-grouping-sat"",""clique"",""free-initial-magazine-v1""]",cadical300,seqcounter,1200.0,"{""cardinality"":""seqcounter"",""configuration_version"":""job-grouping-sat-v1"",""objective_version"":""free-initial-magazine-v1"",""solver"":""cadical300"",""strength"":""clique"",""time_limit"":1200.0}"
Yanasse,Tabela2/L33-1.txt,1,job-grouping-sat,clique,free-initial-magazine-v1,OPTIMAL,9,9,25,20,5,5,5,5,3,0,0,0,0.000000000,0.000000000,0.000161093,0.000212899,0.000161093,0,0,0,0,0,0,0,"[0, 1, 5, 6, 2, 3, 7, 4, 8]",542d8b6be07ad6f9c59014b41fd609967bd3493659fabcda2667ea25777f8ef0,job-grouping-sat-v1,a54742cc4785a1c57020713cb318b867bf332281940c4a836f44779c7cd99577,"[""Tabela2/L33-1.txt"",1,""job-grouping-sat"",""clique"",""free-initial-magazine-v1""]",cadical300,seqcounter,1200.0,"{""cardinality"":""seqcounter"",""configuration_version"":""job-grouping-sat-v1"",""objective_version"":""free-initial-magazine-v1"",""solver"":""cadical300"",""strength"":""clique"",""time_limit"":1200.0}"
Yanasse,Tabela2/L33-10.txt,10,job-grouping-sat,clique,free-initial-magazine-v1,OPTIMAL,9,9,25,20,5,5,5,5,3,0,0,0,0.000000000,0.000000000,0.000161019,0.000213456,0.000161019,0,0,0,0,0,0,0,"[1, 4, 6, 3, 5, 8, 0, 2, 7]",83221e758a666d025b6fe1764966c9a3e584bf72e82430968fcab527bfcaf525,job-grouping-sat-v1,a54742cc4785a1c57020713cb318b867bf332281940c4a836f44779c7cd99577,"[""Tabela2/L33-10.txt"",10,""job-grouping-sat"",""clique"",""free-initial-magazine-v1""]",cadical300,seqcounter,1200.0,"{""cardinality"":""seqcounter"",""configuration_version"":""job-grouping-sat-v1"",""objective_version"":""free-initial-magazine-v1"",""solver"":""cadical300"",""strength"":""clique"",""time_limit"":1200.0}"
Yanasse,Tabela2/L33-2.txt,2,job-grouping-sat,clique,free-initial-magazine-v1,OPTIMAL,9,9,25,20,5,5,5,5,3,0,0,0,0.000000000,0.000000000,0.000156188,0.000204837,0.000156188,0,0,0,0,0,0,0,"[0, 4, 2, 7, 1, 8, 3, 5, 6]",365ec67b93048114ae363c8b8b54aeed59d5418bc2a56b96f596fd566593469c,job-grouping-sat-v1,a54742cc4785a1c57020713cb318b867bf332281940c4a836f44779c7cd99577,"[""Tabela2/L33-2.txt"",2,""job-grouping-sat"",""clique"",""free-initial-magazine-v1""]",cadical300,seqcounter,1200.0,"{""cardinality"":""seqcounter"",""configuration_version"":""job-grouping-sat-v1"",""objective_version"":""free-initial-magazine-v1"",""solver"":""cadical300"",""strength"":""clique"",""time_limit"":1200.0}"
Yanasse,Tabela2/L33-3.txt,3,job-grouping-sat,clique,free-initial-magazine-v1,OPTIMAL,9,9,25,20,5,5,5,5,4,0,0,0,0.000000000,0.000000000,0.000157873,0.000208735,0.000157873,0,0,0,0,0,0,0,"[0, 2, 3, 8, 1, 5, 4, 6, 7]",ca65557e1b5fac6f0c32c91cd60d3de2406cd46f6969f0d22a10ab1e5c025a4d,job-grouping-sat-v1,a54742cc4785a1c57020713cb318b867bf332281940c4a836f44779c7cd99577,"[""Tabela2/L33-3.txt"",3,""job-grouping-sat"",""clique"",""free-initial-magazine-v1""]",cadical300,seqcounter,1200.0,"{""cardinality"":""seqcounter"",""configuration_version"":""job-grouping-sat-v1"",""objective_version"":""free-initial-magazine-v1"",""solver"":""cadical300"",""strength"":""clique"",""time_limit"":1200.0}"
Yanasse,Tabela2/L33-4.txt,4,job-grouping-sat,clique,free-initial-magazine-v1,OPTIMAL,9,9,25,20,5,5,5,5,3,0,0,0,0.000000000,0.000000000,0.000156839,0.000204575,0.000156839,0,0,0,0,0,0,0,"[8, 5, 1, 2, 7, 3, 0, 4, 6]",131a64efdc228c772ece389fe69f55ede4e51086d39ecd9b273bc3ec48d600fd,job-grouping-sat-v1,a54742cc4785a1c57020713cb318b867bf332281940c4a836f44779c7cd99577,"[""Tabela2/L33-4.txt"",4,""job-grouping-sat"",""clique"",""free-initial-magazine-v1""]",cadical300,seqcounter,1200.0,"{""cardinality"":""seqcounter"",""configuration_version"":""job-grouping-sat-v1"",""objective_version"":""free-initial-magazine-v1"",""solver"":""cadical300"",""strength"":""clique"",""time_limit"":1200.0}"
Yanasse,Tabela2/L33-5.txt,5,job-grouping-sat,clique,free-initial-magazine-v1,OPTIMAL,9,9,25,20,5,5,5,5,4,0,0,0,0.000000000,0.000000000,0.000152847,0.000202932,0.000152847,0,0,0,0,0,0,0,"[8, 3, 4, 2, 5, 7, 0, 1, 6]",6f2e4daad8c37541d0e524707b44dd017bb0dd842e6a203075f41d53caa2aa67,job-grouping-sat-v1,a54742cc4785a1c57020713cb318b867bf332281940c4a836f44779c7cd99577,"[""Tabela2/L33-5.txt"",5,""job-grouping-sat"",""clique"",""free-initial-magazine-v1""]",cadical300,seqcounter,1200.0,"{""cardinality"":""seqcounter"",""configuration_version"":""job-grouping-sat-v1"",""objective_version"":""free-initial-magazine-v1"",""solver"":""cadical300"",""strength"":""clique"",""time_limit"":1200.0}"
Yanasse,Tabela2/L33-6.txt,6,job-grouping-sat,clique,free-initial-magazine-v1,OPTIMAL,9,9,25,20,5,5,5,5,4,0,0,0,0.000000000,0.000000000,0.000163001,0.000214758,0.000163001,0,0,0,0,0,0,0,"[3, 2, 4, 8, 1, 7, 0, 5, 6]",c9790fdda21809c3b635f54fb62f1679fcf875a06ccdd1a4ce3a254a8490e2c8,job-grouping-sat-v1,a54742cc4785a1c57020713cb318b867bf332281940c4a836f44779c7cd99577,"[""Tabela2/L33-6.txt"",6,""job-grouping-sat"",""clique"",""free-initial-magazine-v1""]",cadical300,seqcounter,1200.0,"{""cardinality"":""seqcounter"",""configuration_version"":""job-grouping-sat-v1"",""objective_version"":""free-initial-magazine-v1"",""solver"":""cadical300"",""strength"":""clique"",""time_limit"":1200.0}"
Yanasse,Tabela2/L33-7.txt,7,job-grouping-sat,clique,free-initial-magazine-v1,OPTIMAL,9,9,25,20,5,5,5,5,4,0,0,0,0.000000000,0.000000000,0.000160610,0.000212633,0.000160610,0,0,0,0,0,0,0,"[0, 4, 8, 2, 3, 5, 1, 7, 6]",56eb7d53272ef93d80f88e50a21f5a1b4c62c5e0bffc5cef09cd5ae4f3b7a29a,job-grouping-sat-v1,a54742cc4785a1c57020713cb318b867bf332281940c4a836f44779c7cd99577,"[""Tabela2/L33-7.txt"",7,""job-grouping-sat"",""clique"",""free-initial-magazine-v1""]",cadical300,seqcounter,1200.0,"{""cardinality"":""seqcounter"",""configuration_version"":""job-grouping-sat-v1"",""objective_version"":""free-initial-magazine-v1"",""solver"":""cadical300"",""strength"":""clique"",""time_limit"":1200.0}"
Yanasse,Tabela2/L33-8.txt,8,job-grouping-sat,clique,free-initial-magazine-v1,OPTIMAL,9,9,25,20,5,5,5,5,4,0,0,0,0.000000000,0.000000000,0.000160144,0.000263568,0.000160144,0,0,0,0,0,0,0,"[5, 1, 8, 2, 3, 4, 6, 7, 0]",338e2854bf2e49d35594ef1aab2aab8c133d5509342b35d566d84d065a34191b,job-grouping-sat-v1,a54742cc4785a1c57020713cb318b867bf332281940c4a836f44779c7cd99577,"[""Tabela2/L33-8.txt"",8,""job-grouping-sat"",""clique"",""free-initial-magazine-v1""]",cadical300,seqcounter,1200.0,"{""cardinality"":""seqcounter"",""configuration_version"":""job-grouping-sat-v1"",""objective_version"":""free-initial-magazine-v1"",""solver"":""cadical300"",""strength"":""clique"",""time_limit"":1200.0}"
Yanasse,Tabela2/L33-9.txt,9,job-grouping-sat,clique,free-initial-magazine-v1,OPTIMAL,9,9,25,20,5,5,5,5,3,0,0,0,0.000000000,0.000000000,0.000160144,0.000275507,0.000160144,0,0,0,0,0,0,0,"[0, 3, 4, 7, 1, 6, 2, 5, 8]",a881eb997e8b96b75361a49586d72b9bec154bff150da48eff6688d60bc24259,job-grouping-sat-v1,a54742cc4785a1c57020713cb318b867bf332281940c4a836f44779c7cd99577,"[""Tabela2/L33-9.txt"",9,""job-grouping-sat"",""clique"",""free-initial-magazine-v1""]",cadical300,seqcounter,1200.0,"{""cardinality"":""seqcounter"",""configuration_version"":""job-grouping-sat-v1"",""objective_version"":""free-initial-magazine-v1"",""solver"":""cadical300"",""strength"":""clique"",""time_limit"":1200.0}"
Yanasse,Tabela2/L4-1.txt,1,job-grouping-sat,clique,free-initial-magazine-v1,OPTIMAL,9,9,15,10,5,12,7,7,5,4,3,1,0.514807707,0.042186244,0.000293027,0.585147220,0.084791177,265,978,3036,33189,54878,2312516,950,"[4, 6, 8, 7, 0, 1, 2, 3, 5]",b8eb79c91f756f902290ebe9b6d34ab2d65b39bbb9dd32b5c2deee79c4188fe7,job-grouping-sat-v1,a54742cc4785a1c57020713cb318b867bf332281940c4a836f44779c7cd99577,"[""Tabela2/L4-1.txt"",1,""job-grouping-sat"",""clique"",""free-initial-magazine-v1""]",cadical300,seqcounter,1200.0,"{""cardinality"":""seqcounter"",""configuration_version"":""job-grouping-sat-v1"",""objective_version"":""free-initial-magazine-v1"",""solver"":""cadical300"",""strength"":""clique"",""time_limit"":1200.0}"
Yanasse,Tabela2/L4-10.txt,10,job-grouping-sat,clique,free-initial-magazine-v1,OPTIMAL,9,9,15,10,5,15,10,10,9,5,4,1,3.042530207,0.044312836,0.000497931,3.123801001,1.951394800,345,1665,4898,152464,246540,15879653,4026,"[0, 8, 1, 3, 5, 6, 4, 7, 2]",9b2f783c4cef10342ea9a8720db4e72da09dfd3cea46799c8f942bcc96f0bf93,job-grouping-sat-v1,a54742cc4785a1c57020713cb318b867bf332281940c4a836f44779c7cd99577,"[""Tabela2/L4-10.txt"",10,""job-grouping-sat"",""clique"",""free-initial-magazine-v1""]",cadical300,seqcounter,1200.0,"{""cardinality"":""seqcounter"",""configuration_version"":""job-grouping-sat-v1"",""objective_version"":""free-initial-magazine-v1"",""solver"":""cadical300"",""strength"":""clique"",""time_limit"":1200.0}"
Yanasse,Tabela2/L4-2.txt,2,job-grouping-sat,clique,free-initial-magazine-v1,OPTIMAL,9,9,15,10,5,19,11,11,8,4,3,1,1.321819454,0.042141223,0.000398698,1.402084867,0.138266567,345,1757,5089,53933,88355,7449262,1396,"[0, 4, 7, 3, 1, 2, 8, 6, 5]",7ac4948041b3a51eda245801757aedf0c39efb30fb963aa65c72f9266d256714,job-grouping-sat-v1,a54742cc4785a1c57020713cb318b867bf332281940c4a836f44779c7cd99577,"[""Tabela2/L4-2.txt"",2,""job-grouping-sat"",""clique"",""free-initial-magazine-v1""]",cadical300,seqcounter,1200.0,"{""cardinality"":""seqcounter"",""configuration_version"":""job-grouping-sat-v1"",""objective_version"":""free-initial-magazine-v1"",""solver"":""cadical300"",""strength"":""clique"",""time_limit"":1200.0}"
Yanasse,Tabela2/L4-3.txt,3,job-grouping-sat,clique,free-initial-magazine-v1,OPTIMAL,9,9,15,10,5,12,9,9,7,3,2,1,1.330605091,0.028088258,0.000304190,1.379173093,0.188629164,345,1562,4658,68681,102745,6713489,1220,"[0, 4, 7, 2, 3, 5, 6, 1, 8]",9b2fe80319b0669d461e35ed79bddba870d322fdde3212c29d0a648b12a2bae4,job-grouping-sat-v1,a54742cc4785a1c57020713cb318b867bf332281940c4a836f44779c7cd99577,"[""Tabela2/L4-3.txt"",3,""job-grouping-sat"",""clique"",""free-initial-magazine-v1""]",cadical300,seqcounter,1200.0,"{""cardinality"":""seqcounter"",""configuration_version"":""job-grouping-sat-v1"",""objective_version"":""free-initial-magazine-v1"",""solver"":""cadical300"",""strength"":""clique"",""time_limit"":1200.0}"
Yanasse,Tabela2/L4-4.txt,4,job-grouping-sat,clique,free-initial-magazine-v1,OPTIMAL,9,9,15,10,5,13,8,8,6,4,3,1,0.585451882,0.042914662,0.000338573,0.655345184,0.105444986,305,1285,3902,32940,53755,2807388,582,"[7, 1, 2, 5, 8, 0, 6, 3, 4]",41a5918b87b49ed3d1a13c55b26ce3ab42de0575657f8c4139c533f256acb702,job-grouping-sat-v1,a54742cc4785a1c57020713cb318b867bf332281940c4a836f44779c7cd99577,"[""Tabela2/L4-4.txt"",4,""job-grouping-sat"",""clique"",""free-initial-magazine-v1""]",cadical300,seqcounter,1200.0,"{""cardinality"":""seqcounter"",""configuration_version"":""job-grouping-sat-v1"",""objective_version"":""free-initial-magazine-v1"",""solver"":""cadical300"",""strength"":""clique"",""time_limit"":1200.0}"
Yanasse,Tabela2/L4-5.txt,5,job-grouping-sat,clique,free-initial-magazine-v1,OPTIMAL,9,9,15,10,5,17,11,11,7,4,3,1,1.995029747,0.044424892,0.000351263,2.072035847,0.110037111,345,1748,5035,85649,138085,10650539,2183,"[1, 5, 2, 6, 0, 7, 4, 3, 8]",3d74f936fdc5a0fb20cbc948e7804626f719aa763efa02e7376b350ea165ed7d,job-grouping-sat-v1,a54742cc4785a1c57020713cb318b867bf332281940c4a836f44779c7cd99577,"[""Tabela2/L4-5.txt"",5,""job-grouping-sat"",""clique"",""free-initial-magazine-v1""]",cadical300,seqcounter,1200.0,"{""cardinality"":""seqcounter"",""configuration_version"":""job-grouping-sat-v1"",""objective_version"":""free-initial-magazine-v1"",""solver"":""cadical300"",""strength"":""clique"",""time_limit"":1200.0}"
Yanasse,Tabela2/L4-6.txt,6,job-grouping-sat,clique,free-initial-magazine-v1,OPTIMAL,9,9,15,10,5,19,14,14,8,5,4,1,5.376000774,0.049926541,0.000421955,5.471553161,2.108888246,345,2066,5710,212820,341297,32629799,5643,"[4, 3, 5, 6, 7, 0, 1, 2, 8]",04e282d52e827d56275fe9631b9248c2fbacf05d2470128c19bca4bf620caef4,job-grouping-sat-v1,a54742cc4785a1c57020713cb318b867bf332281940c4a836f44779c7cd99577,"[""Tabela2/L4-6.txt"",6,""job-grouping-sat"",""clique"",""free-initial-magazine-v1""]",cadical300,seqcounter,1200.0,"{""cardinality"":""seqcounter"",""configuration_version"":""job-grouping-sat-v1"",""objective_version"":""free-initial-magazine-v1"",""solver"":""cadical300"",""strength"":""clique"",""time_limit"":1200.0}"
Yanasse,Tabela2/L4-7.txt,7,job-grouping-sat,clique,free-initial-magazine-v1,OPTIMAL,9,9,15,10,5,10,8,8,5,3,2,1,0.596636606,0.028302335,0.000299091,0.645774825,0.299214863,305,1285,3894,35529,59183,3251843,740,"[4, 3, 7, 0, 2, 1, 8, 5, 6]",d7cf2d6132d7bc457f8f0b6714ee482bdad2fa8a899937690adc1b530a02f0ba,job-grouping-sat-v1,a54742cc4785a1c57020713cb318b867bf332281940c4a836f44779c7cd99577,"[""Tabela2/L4-7.txt"",7,""job-grouping-sat"",""clique"",""free-initial-magazine-v1""]",cadical300,seqcounter,1200.0,"{""cardinality"":""seqcounter"",""configuration_version"":""job-grouping-sat-v1"",""objective_version"":""free-initial-magazine-v1"",""solver"":""cadical300"",""strength"":""clique"",""time_limit"":1200.0}"
Yanasse,Tabela2/L4-8.txt,8,job-grouping-sat,clique,free-initial-magazine-v1,OPTIMAL,9,9,15,10,5,18,9,9,9,5,4,1,1.566201610,0.054930614,0.000379805,1.658989023,0.925594399,345,1571,4712,78138,128678,8970871,1998,"[2, 0, 7, 4, 6, 5, 1, 8, 3]",775430e08ed9d56d4e351b6dc672da8961d98a2314287367a77debc46328e78f,job-grouping-sat-v1,a54742cc4785a1c57020713cb318b867bf332281940c4a836f44779c7cd99577,"[""Tabela2/L4-8.txt"",8,""job-grouping-sat"",""clique"",""free-initial-magazine-v1""]",cadical300,seqcounter,1200.0,"{""cardinality"":""seqcounter"",""configuration_version"":""job-grouping-sat-v1"",""objective_version"":""free-initial-magazine-v1"",""solver"":""cadical300"",""strength"":""clique"",""time_limit"":1200.0}"
Yanasse,Tabela2/L4-9.txt,9,job-grouping-sat,clique,free-initial-magazine-v1,OPTIMAL,9,9,15,10,5,13,10,10,9,4,3,1,1.427038098,0.039398343,0.000346702,1.497727236,0.611228584,345,1656,4889,68940,115000,8291225,1831,"[2, 6, 0, 3, 4, 1, 8, 7, 5]",4b63e0c16423a091b5bcc93f9ec73aa19580a95caf6bfc05c6daf6d578060af5,job-grouping-sat-v1,a54742cc4785a1c57020713cb318b867bf332281940c4a836f44779c7cd99577,"[""Tabela2/L4-9.txt"",9,""job-grouping-sat"",""clique"",""free-initial-magazine-v1""]",cadical300,seqcounter,1200.0,"{""cardinality"":""seqcounter"",""configuration_version"":""job-grouping-sat-v1"",""objective_version"":""free-initial-magazine-v1"",""solver"":""cadical300"",""strength"":""clique"",""time_limit"":1200.0}"
Yanasse,Tabela2/L5-1.txt,1,job-grouping-sat,clique,free-initial-magazine-v1,OPTIMAL,9,9,20,10,10,26,18,18,7,3,2,1,16.077998921,0.040794393,0.000300268,16.152687090,0.693405211,430,3574,8923,472661,818573,104736206,15213,"[1, 2, 7, 3, 4, 8, 0, 6, 5]",fdd1a5b1796e6dca4327b872e133f69b7c6a863f812e6e485a12c58e93f00b22,job-grouping-sat-v1,a54742cc4785a1c57020713cb318b867bf332281940c4a836f44779c7cd99577,"[""Tabela2/L5-1.txt"",1,""job-grouping-sat"",""clique"",""free-initial-magazine-v1""]",cadical300,seqcounter,1200.0,"{""cardinality"":""seqcounter"",""configuration_version"":""job-grouping-sat-v1"",""objective_version"":""free-initial-magazine-v1"",""solver"":""cadical300"",""strength"":""clique"",""time_limit"":1200.0}"
Yanasse,Tabela2/L5-10.txt,10,job-grouping-sat,clique,free-initial-magazine-v1,OPTIMAL,9,9,20,10,10,16,12,12,9,4,3,1,8.805590102,0.057714055,0.000337608,8.902389631,3.768309700,430,2764,7153,348100,662113,52854782,12886,"[2, 6, 1, 8, 5, 0, 3, 7, 4]",4b9917c49cbffb8ebb1631117b4b2a57c962d3b3a6ea612f34ec5bf0ab042450,job-grouping-sat-v1,a54742cc4785a1c57020713cb318b867bf332281940c4a836f44779c7cd99577,"[""Tabela2/L5-10.txt"",10,""job-grouping-sat"",""clique"",""free-initial-magazine-v1""]",cadical300,seqcounter,1200.0,"{""cardinality"":""seqcounter"",""configuration_version"":""job-grouping-sat-v1"",""objective_version"":""free-initial-magazine-v1"",""solver"":""cadical300"",""strength"":""clique"",""time_limit"":1200.0}"
Yanasse,Tabela2/L5-2.txt,2,job-grouping-sat,clique,free-initial-magazine-v1,OPTIMAL,9,9,20,10,10,20,12,12,9,6,5,1,16.750682269,0.074706143,0.000463784,16.881826007,9.169391037,430,2719,7117,676455,1294724,95750294,26536,"[3, 5, 2, 4, 8, 0, 1, 7, 6]",af85ad9a7f134e92ff56b4b7769e085c48b6d6449a49a7c1bedddf618f04026f,job-grouping-sat-v1,a54742cc4785a1c57020713cb318b867bf332281940c4a836f44779c7cd99577,"[""Tabela2/L5-2.txt"",2,""job-grouping-sat"",""clique"",""free-initial-magazine-v1""]",cadical300,seqcounter,1200.0,"{""cardinality"":""seqcounter"",""configuration_version"":""job-grouping-sat-v1"",""objective_version"":""free-initial-magazine-v1"",""solver"":""cadical300"",""strength"":""clique"",""time_limit"":1200.0}"
Yanasse,Tabela2/L5-3.txt,3,job-grouping-sat,clique,free-initial-magazine-v1,OPTIMAL,9,9,20,10,10,16,11,11,8,3,2,1,24.323369717,0.034959982,0.000268956,24.388951306,13.216209705,430,2544,6634,963577,1617746,117273718,29741,"[7, 1, 4, 3, 0, 2, 8, 5, 6]",adfc2adf4722e05d1e3015ecad8f07b75433e3de19a48f22e9c4a2ff029a6826,job-grouping-sat-v1,a54742cc4785a1c57020713cb318b867bf332281940c4a836f44779c7cd99577,"[""Tabela2/L5-3.txt"",3,""job-grouping-sat"",""clique"",""free-initial-magazine-v1""]",cadical300,seqcounter,1200.0,"{""cardinality"":""seqcounter"",""configuration_version"":""job-grouping-sat-v1"",""objective_version"":""free-initial-magazine-v1"",""solver"":""cadical300"",""strength"":""clique"",""time_limit"":1200.0}"
Yanasse,Tabela2/L5-4.txt,4,job-grouping-sat,clique,free-initial-magazine-v1,OPTIMAL,9,9,20,10,10,24,17,17,9,4,3,1,16.069827064,0.062216959,0.000343011,16.180455124,0.449829428,430,3411,8509,557278,982494,79887535,18765,"[3, 4, 0, 6, 5, 8, 7, 2, 1]",5e271e00504cfd4d59d8adc137d7d11d5e58a1502fbc80a93c229022c5ce9c70,job-grouping-sat-v1,a54742cc4785a1c57020713cb318b867bf332281940c4a836f44779c7cd99577,"[""Tabela2/L5-4.txt"",4,""job-grouping-sat"",""clique"",""free-initial-magazine-v1""]",cadical300,seqcounter,1200.0,"{""cardinality"":""seqcounter"",""configuration_version"":""job-grouping-sat-v1"",""objective_version"":""free-initial-magazine-v1"",""solver"":""cadical300"",""strength"":""clique"",""time_limit"":1200.0}"
Yanasse,Tabela2/L5-5.txt,5,job-grouping-sat,clique,free-initial-magazine-v1,OPTIMAL,9,9,20,10,10,23,18,18,8,5,4,1,28.497291130,0.068308283,0.000415860,28.623970069,5.942146321,430,3520,8770,870130,1516914,179234154,30205,"[5, 7, 6, 0, 8, 2, 1, 4, 3]",d76eea4abae3b9a8afb608a27155a7da312517a39d586f753a98c8ac17cb3707,job-grouping-sat-v1,a54742cc4785a1c57020713cb318b867bf332281940c4a836f44779c7cd99577,"[""Tabela2/L5-5.txt"",5,""job-grouping-sat"",""clique"",""free-initial-magazine-v1""]",cadical300,seqcounter,1200.0,"{""cardinality"":""seqcounter"",""configuration_version"":""job-grouping-sat-v1"",""objective_version"":""free-initial-magazine-v1"",""solver"":""cadical300"",""strength"":""clique"",""time_limit"":1200.0}"
Yanasse,Tabela2/L5-6.txt,6,job-grouping-sat,clique,free-initial-magazine-v1,OPTIMAL,9,9,20,10,10,17,12,12,8,3,2,1,27.783622177,0.042321425,0.000268554,27.857568648,2.551042138,430,2683,6937,1125692,1879606,108022107,35749,"[4, 5, 3, 8, 2, 1, 6, 7, 0]",a81e4013eae34e6a5c3345652233f1a000c6a259d3f8f58987a10640964c1ea2,job-grouping-sat-v1,a54742cc4785a1c57020713cb318b867bf332281940c4a836f44779c7cd99577,"[""Tabela2/L5-6.txt"",6,""job-grouping-sat"",""clique"",""free-initial-magazine-v1""]",cadical300,seqcounter,1200.0,"{""cardinality"":""seqcounter"",""configuration_version"":""job-grouping-sat-v1"",""objective_version"":""free-initial-magazine-v1"",""solver"":""cadical300"",""strength"":""clique"",""time_limit"":1200.0}"
Yanasse,Tabela2/L5-7.txt,7,job-grouping-sat,clique,free-initial-magazine-v1,OPTIMAL,9,9,20,10,10,30,18,18,9,7,6,1,12.489045765,0.103107431,0.000547114,12.678723651,7.270938782,430,3538,8833,365131,662481,98674561,12469,"[3, 4, 2, 6, 5, 8, 1, 7, 0]",e82b2eb9e7874d6743565277a225caba01ab2bdb4b37cd5e4e7fe30eca72e8eb,job-grouping-sat-v1,a54742cc4785a1c57020713cb318b867bf332281940c4a836f44779c7cd99577,"[""Tabela2/L5-7.txt"",7,""job-grouping-sat"",""clique"",""free-initial-magazine-v1""]",cadical300,seqcounter,1200.0,"{""cardinality"":""seqcounter"",""configuration_version"":""job-grouping-sat-v1"",""objective_version"":""free-initial-magazine-v1"",""solver"":""cadical300"",""strength"":""clique"",""time_limit"":1200.0}"
Yanasse,Tabela2/L5-8.txt,8,job-grouping-sat,clique,free-initial-magazine-v1,OPTIMAL,9,9,20,10,10,18,11,11,5,3,2,1,16.935374124,0.045402540,0.000264526,17.009102762,1.040990734,430,2526,6589,764662,1237554,74193376,23454,"[5, 0, 1, 6, 2, 3, 8, 4, 7]",e8c55e4a519e4882c5a63bd1e837d54be4b97f7046ec76309d79227bd2f59f96,job-grouping-sat-v1,a54742cc4785a1c57020713cb318b867bf332281940c4a836f44779c7cd99577,"[""Tabela2/L5-8.txt"",8,""job-grouping-sat"",""clique"",""free-initial-magazine-v1""]",cadical300,seqcounter,1200.0,"{""cardinality"":""seqcounter"",""configuration_version"":""job-grouping-sat-v1"",""objective_version"":""free-initial-magazine-v1"",""solver"":""cadical300"",""strength"":""clique"",""time_limit"":1200.0}"
Yanasse,Tabela2/L5-9.txt,9,job-grouping-sat,clique,free-initial-magazine-v1,OPTIMAL,9,9,20,10,10,32,21,21,9,5,4,1,10.614557916,0.070176033,0.000406799,10.744649645,2.000768302,430,3844,9484,284273,459540,74984387,9946,"[5, 8, 2, 4, 1, 7, 6, 0, 3]",244fa6525ed7a8bdc25f0f72e3239e3ccbcad898861840de14210d884836cc97,job-grouping-sat-v1,a54742cc4785a1c57020713cb318b867bf332281940c4a836f44779c7cd99577,"[""Tabela2/L5-9.txt"",9,""job-grouping-sat"",""clique"",""free-initial-magazine-v1""]",cadical300,seqcounter,1200.0,"{""cardinality"":""seqcounter"",""configuration_version"":""job-grouping-sat-v1"",""objective_version"":""free-initial-magazine-v1"",""solver"":""cadical300"",""strength"":""clique"",""time_limit"":1200.0}"
Yanasse,Tabela2/L6-1.txt,1,job-grouping-sat,clique,free-initial-magazine-v1,OPTIMAL,9,9,20,10,10,22,20,20,9,3,2,1,13.835047571,0.045851889,0.000432334,13.914319825,5.649224971,430,3777,9361,478390,890419,90945004,18592,"[3, 6, 5, 7, 0, 2, 1, 8, 4]",bd01da414199ab0e7608d1b5de8fc92e9ed09f6bc46058f78fab56c17c6deea8,job-grouping-sat-v1,a54742cc4785a1c57020713cb318b867bf332281940c4a836f44779c7cd99577,"[""Tabela2/L6-1.txt"",1,""job-grouping-sat"",""clique"",""free-initial-magazine-v1""]",cadical300,seqcounter,1200.0,"{""cardinality"":""seqcounter"",""configuration_version"":""job-grouping-sat-v1"",""objective_version"":""free-initial-magazine-v1"",""solver"":""cadical300"",""strength"":""clique"",""time_limit"":1200.0}"
Yanasse,Tabela2/L6-10.txt,10,job-grouping-sat,clique,free-initial-magazine-v1,OPTIMAL,9,9,20,10,10,30,24,24,9,4,3,1,9.198318795,0.055987738,0.000360188,9.304320080,2.365444269,430,4195,10189,260080,501026,65474615,11065,"[4, 6, 8, 7, 0, 3, 5, 2, 1]",b56e8b0bb5a70da45ee9855f8adbc511e9f9302cd09fa82eb303dfc80b22a0db,job-grouping-sat-v1,a54742cc4785a1c57020713cb318b867bf332281940c4a836f44779c7cd99577,"[""Tabela2/L6-10.txt"",10,""job-grouping-sat"",""clique"",""free-initial-magazine-v1""]",cadical300,seqcounter,1200.0,"{""cardinality"":""seqcounter"",""configuration_version"":""job-grouping-sat-v1"",""objective_version"":""free-initial-magazine-v1"",""solver"":""cadical300"",""strength"":""clique"",""time_limit"":1200.0}"
Yanasse,Tabela2/L6-2.txt,2,job-grouping-sat,clique,free-initial-magazine-v1,OPTIMAL,9,9,20,10,10,21,16,16,8,3,2,1,17.472113172,0.040398690,0.000332506,17.546571822,0.415718711,430,3291,8334,540504,928582,94583028,17719,"[4, 8, 0, 7, 6, 2, 3, 1, 5]",b87f7d5583f3d11718e4ac40d270e56d08401211a0695f7b42b7021ef202c942,job-grouping-sat-v1,a54742cc4785a1c57020713cb318b867bf332281940c4a836f44779c7cd99577,"[""Tabela2/L6-2.txt"",2,""job-grouping-sat"",""clique"",""free-initial-magazine-v1""]",cadical300,seqcounter,1200.0,"{""cardinality"":""seqcounter"",""configuration_version"":""job-grouping-sat-v1"",""objective_version"":""free-initial-magazine-v1"",""solver"":""cadical300"",""strength"":""clique"",""time_limit"":1200.0}"
Yanasse,Tabela2/L6-3.txt,3,job-grouping-sat,clique,free-initial-magazine-v1,OPTIMAL,9,9,20,10,10,21,18,18,8,4,3,1,14.421883631,0.059943576,0.000377112,14.524890580,1.248893562,430,3565,8896,442924,751976,93491821,12992,"[3, 0, 5, 2, 7, 6, 1, 4, 8]",219a43997bafc8301016384d6fffe961ea08c93e5018e7784079a0c570130f1d,job-grouping-sat-v1,a54742cc4785a1c57020713cb318b867bf332281940c4a836f44779c7cd99577,"[""Tabela2/L6-3.txt"",3,""job-grouping-sat"",""clique"",""free-initial-magazine-v1""]",cadical300,seqcounter,1200.0,"{""cardinality"":""seqcounter"",""configuration_version"":""job-grouping-sat-v1"",""objective_version"":""free-initial-magazine-v1"",""solver"":""cadical300"",""strength"":""clique"",""time_limit"":1200.0}"
Yanasse,Tabela2/L6-4.txt,4,job-grouping-sat,clique,free-initial-magazine-v1,OPTIMAL,9,9,20,10,10,27,19,19,9,6,5,1,15.933235216,0.089840960,0.000463654,16.092581461,4.243178480,430,3645,9054,618317,1117509,88118967,20827,"[8, 7, 6, 5, 1, 3, 0, 4, 2]",9be604f519ab2de1b3cae378420d59e152804bc5054996e77cead30499870317,job-grouping-sat-v1,a54742cc4785a1c57020713cb318b867bf332281940c4a836f44779c7cd99577,"[""Tabela2/L6-4.txt"",4,""job-grouping-sat"",""clique"",""free-initial-magazine-v1""]",cadical300,seqcounter,1200.0,"{""cardinality"":""seqcounter"",""configuration_version"":""job-grouping-sat-v1"",""objective_version"":""free-initial-magazine-v1"",""solver"":""cadical300"",""strength"":""clique"",""time_limit"":1200.0}"
Yanasse,Tabela2/L6-5.txt,5,job-grouping-sat,clique,free-initial-magazine-v1,OPTIMAL,9,9,20,10,10,20,15,15,9,5,4,1,14.497252999,0.065860142,0.000531848,14.616423039,7.931411796,430,3142,8047,485403,875129,97240266,17441,"[5, 7, 3, 2, 4, 8, 1, 0, 6]",6d8b4f5ca683b81f93f16f6dd0d17b6d243137e1e76e97254080cfaeb3f9447b,job-grouping-sat-v1,a54742cc4785a1c57020713cb318b867bf332281940c4a836f44779c7cd99577,"[""Tabela2/L6-5.txt"",5,""job-grouping-sat"",""clique"",""free-initial-magazine-v1""]",cadical300,seqcounter,1200.0,"{""cardinality"":""seqcounter"",""configuration_version"":""job-grouping-sat-v1"",""objective_version"":""free-initial-magazine-v1"",""solver"":""cadical300"",""strength"":""clique"",""time_limit"":1200.0}"
Yanasse,Tabela2/L6-6.txt,6,job-grouping-sat,clique,free-initial-magazine-v1,OPTIMAL,9,9,20,10,10,28,18,18,8,6,5,1,15.375144208,0.085468917,0.000523372,15.527583921,4.347526512,430,3520,8806,479573,884195,93400812,17107,"[1, 5, 8, 7, 2, 6, 4, 0, 3]",268ef7c3937b4866aca9964c3770dc5f3eee063e53b9b9bf367e0fe18872c55d,job-grouping-sat-v1,a54742cc4785a1c57020713cb318b867bf332281940c4a836f44779c7cd99577,"[""Tabela2/L6-6.txt"",6,""job-grouping-sat"",""clique"",""free-initial-magazine-v1""]",cadical300,seqcounter,1200.0,"{""cardinality"":""seqcounter"",""configuration_version"":""job-grouping-sat-v1"",""objective_version"":""free-initial-magazine-v1"",""solver"":""cadical300"",""strength"":""clique"",""time_limit"":1200.0}"
Yanasse,Tabela2/L6-7.txt,7,job-grouping-sat,clique,free-initial-magazine-v1,OPTIMAL,9,9,20,10,10,20,15,15,8,5,4,1,30.085781931,0.068803943,0.000440360,30.210776625,6.816356549,430,3178,8110,1135589,1927753,129554001,35913,"[1, 8, 3, 7, 5, 0, 6, 4, 2]",d4803e071d1a4d489f3ab529a773b4f667522c34acdf38a19bd8740e5e7e469e,job-grouping-sat-v1,a54742cc4785a1c57020713cb318b867bf332281940c4a836f44779c7cd99577,"[""Tabela2/L6-7.txt"",7,""job-grouping-sat"",""clique"",""free-initial-magazine-v1""]",cadical300,seqcounter,1200.0,"{""cardinality"":""seqcounter"",""configuration_version"":""job-grouping-sat-v1"",""objective_version"":""free-initial-magazine-v1"",""solver"":""cadical300"",""strength"":""clique"",""time_limit"":1200.0}"
Yanasse,Tabela2/L6-8.txt,8,job-grouping-sat,clique,free-initial-magazine-v1,OPTIMAL,9,9,20,10,10,17,14,14,9,2,1,1,14.386705090,0.031097415,0.000311099,14.441027803,0.117605976,430,3045,7828,453426,770787,69737284,14771,"[2, 5, 4, 1, 8, 0, 7, 3, 6]",48e45647bf842fb80cc39e414494fc2b94eee784005a82c8c06eb0bda34d21cb,job-grouping-sat-v1,a54742cc4785a1c57020713cb318b867bf332281940c4a836f44779c7cd99577,"[""Tabela2/L6-8.txt"",8,""job-grouping-sat"",""clique"",""free-initial-magazine-v1""]",cadical300,seqcounter,1200.0,"{""cardinality"":""seqcounter"",""configuration_version"":""job-grouping-sat-v1"",""objective_version"":""free-initial-magazine-v1"",""solver"":""cadical300"",""strength"":""clique"",""time_limit"":1200.0}"
Yanasse,Tabela2/L6-9.txt,9,job-grouping-sat,clique,free-initial-magazine-v1,OPTIMAL,9,9,20,10,10,24,16,16,9,5,4,1,19.327577286,0.080606871,0.000495954,19.469457182,9.055079197,430,3318,8433,598762,1015786,122627632,19495,"[5, 6, 1, 8, 0, 2, 4, 7, 3]",4f42b018d6731ab3f69df6f639f0a0aae55594d6b47edc899407ccc02b398ce0,job-grouping-sat-v1,a54742cc4785a1c57020713cb318b867bf332281940c4a836f44779c7cd99577,"[""Tabela2/L6-9.txt"",9,""job-grouping-sat"",""clique"",""free-initial-magazine-v1""]",cadical300,seqcounter,1200.0,"{""cardinality"":""seqcounter"",""configuration_version"":""job-grouping-sat-v1"",""objective_version"":""free-initial-magazine-v1"",""solver"":""cadical300"",""strength"":""clique"",""time_limit"":1200.0}"
Yanasse,Tabela2/L7-1.txt,1,job-grouping-sat,clique,free-initial-magazine-v1,OPTIMAL,9,9,20,15,5,6,5,5,3,1,1,0,0.008745253,0.006352546,0.000391216,0.021452726,0.021263099,280,970,2914,199,1504,13316,0,"[0, 1, 2, 4, 8, 3, 6, 5, 7]",d789b454517f4b528be5454db8ca7cc9b50872de64a7705d76e4f240cf13928b,job-grouping-sat-v1,a54742cc4785a1c57020713cb318b867bf332281940c4a836f44779c7cd99577,"[""Tabela2/L7-1.txt"",1,""job-grouping-sat"",""clique"",""free-initial-magazine-v1""]",cadical300,seqcounter,1200.0,"{""cardinality"":""seqcounter"",""configuration_version"":""job-grouping-sat-v1"",""objective_version"":""free-initial-magazine-v1"",""solver"":""cadical300"",""strength"":""clique"",""time_limit"":1200.0}"
Yanasse,Tabela2/L7-10.txt,10,job-grouping-sat,clique,free-initial-magazine-v1,OPTIMAL,9,9,20,15,5,5,5,5,5,0,0,0,0.000000000,0.000000000,0.000164611,0.000207496,0.000164611,0,0,0,0,0,0,0,"[5, 3, 6, 0, 4, 8, 1, 7, 2]",e3d07d1d6bcefe2626b5f9d8e0aa0f2995ca7dd55059174fb7e021fcc00b6f30,job-grouping-sat-v1,a54742cc4785a1c57020713cb318b867bf332281940c4a836f44779c7cd99577,"[""Tabela2/L7-10.txt"",10,""job-grouping-sat"",""clique"",""free-initial-magazine-v1""]",cadical300,seqcounter,1200.0,"{""cardinality"":""seqcounter"",""configuration_version"":""job-grouping-sat-v1"",""objective_version"":""free-initial-magazine-v1"",""solver"":""cadical300"",""strength"":""clique"",""time_limit"":1200.0}"
Yanasse,Tabela2/L7-2.txt,2,job-grouping-sat,clique,free-initial-magazine-v1,OPTIMAL,9,9,20,15,5,5,5,5,5,0,0,0,0.000000000,0.000000000,0.000136672,0.000178284,0.000136672,0,0,0,0,0,0,0,"[2, 1, 4, 5, 7, 6, 3, 0, 8]",3a1a7d5c469dec7a6ff1ec9e1b95a9bbece3dbec4820f0a6371b9f6a1b4ae8fa,job-grouping-sat-v1,a54742cc4785a1c57020713cb318b867bf332281940c4a836f44779c7cd99577,"[""Tabela2/L7-2.txt"",2,""job-grouping-sat"",""clique"",""free-initial-magazine-v1""]",cadical300,seqcounter,1200.0,"{""cardinality"":""seqcounter"",""configuration_version"":""job-grouping-sat-v1"",""objective_version"":""free-initial-magazine-v1"",""solver"":""cadical300"",""strength"":""clique"",""time_limit"":1200.0}"
Yanasse,Tabela2/L7-3.txt,3,job-grouping-sat,clique,free-initial-magazine-v1,OPTIMAL,9,9,20,15,5,8,5,5,3,1,1,0,0.009613143,0.009021224,0.000164640,0.026228285,0.025907393,380,1594,4516,124,2677,15701,1,"[6, 8, 0, 2, 3, 7, 1, 4, 5]",d7dbc787bbc06cf208ad3581620fcfe71799270baaf6ab75867c4820f8322d24,job-grouping-sat-v1,a54742cc4785a1c57020713cb318b867bf332281940c4a836f44779c7cd99577,"[""Tabela2/L7-3.txt"",3,""job-grouping-sat"",""clique"",""free-initial-magazine-v1""]",cadical300,seqcounter,1200.0,"{""cardinality"":""seqcounter"",""configuration_version"":""job-grouping-sat-v1"",""objective_version"":""free-initial-magazine-v1"",""solver"":""cadical300"",""strength"":""clique"",""time_limit"":1200.0}"
Yanasse,Tabela2/L7-4.txt,4,job-grouping-sat,clique,free-initial-magazine-v1,OPTIMAL,9,9,20,15,5,5,5,5,6,0,0,0,0.000000000,0.000000000,0.000159430,0.000201104,0.000159430,0,0,0,0,0,0,0,"[0, 2, 6, 8, 4, 1, 5, 3, 7]",2b9d420c368b869f872fe85fc53535339776a8ede44ecc26974c91b463be36b2,job-grouping-sat-v1,a54742cc4785a1c57020713cb318b867bf332281940c4a836f44779c7cd99577,"[""Tabela2/L7-4.txt"",4,""job-grouping-sat"",""clique"",""free-initial-magazine-v1""]",cadical300,seqcounter,1200.0,"{""cardinality"":""seqcounter"",""configuration_version"":""job-grouping-sat-v1"",""objective_version"":""free-initial-magazine-v1"",""solver"":""cadical300"",""strength"":""clique"",""time_limit"":1200.0}"
Yanasse,Tabela2/L7-5.txt,5,job-grouping-sat,clique,free-initial-magazine-v1,OPTIMAL,9,9,20,15,5,6,5,5,5,1,1,0,0.090492841,0.006038305,0.000186559,0.102422691,0.102229190,280,970,2956,5347,17283,547503,484,"[2, 5, 1, 8, 4, 3, 7, 0, 6]",b9c9d40873e7054ea6edfbd89ea36297ee4e8f5d65c4b8a0ac424a70b1bf3cca,job-grouping-sat-v1,a54742cc4785a1c57020713cb318b867bf332281940c4a836f44779c7cd99577,"[""Tabela2/L7-5.txt"",5,""job-grouping-sat"",""clique"",""free-initial-magazine-v1""]",cadical300,seqcounter,1200.0,"{""cardinality"":""seqcounter"",""configuration_version"":""job-grouping-sat-v1"",""objective_version"":""free-initial-magazine-v1"",""solver"":""cadical300"",""strength"":""clique"",""time_limit"":1200.0}"
Yanasse,Tabela2/L7-6.txt,6,job-grouping-sat,clique,free-initial-magazine-v1,OPTIMAL,9,9,20,15,5,6,5,5,5,1,1,0,0.010785761,0.006841189,0.000199944,0.024148260,0.023921495,280,970,2968,366,2094,35592,8,"[0, 5, 3, 4, 2, 6, 8, 1, 7]",663568519dab85242c814fbbd0379817732ba8888152abf235106726ff25d5d6,job-grouping-sat-v1,a54742cc4785a1c57020713cb318b867bf332281940c4a836f44779c7cd99577,"[""Tabela2/L7-6.txt"",6,""job-grouping-sat"",""clique"",""free-initial-magazine-v1""]",cadical300,seqcounter,1200.0,"{""cardinality"":""seqcounter"",""configuration_version"":""job-grouping-sat-v1"",""objective_version"":""free-initial-magazine-v1"",""solver"":""cadical300"",""strength"":""clique"",""time_limit"":1200.0}"
Yanasse,Tabela2/L7-7.txt,7,job-grouping-sat,clique,free-initial-magazine-v1,OPTIMAL,9,9,20,15,5,5,5,5,3,0,0,0,0.000000000,0.000000000,0.000192132,0.000236049,0.000192132,0,0,0,0,0,0,0,"[6, 1, 2, 4, 7, 3, 5, 8, 0]",65034e21b298118d592524243f44de815fda2a81779585fd371aa009cb34e519,job-grouping-sat-v1,a54742cc4785a1c57020713cb318b867bf332281940c4a836f44779c7cd99577,"[""Tabela2/L7-7.txt"",7,""job-grouping-sat"",""clique"",""free-initial-magazine-v1""]",cadical300,seqcounter,1200.0,"{""cardinality"":""seqcounter"",""configuration_version"":""job-grouping-sat-v1"",""objective_version"":""free-initial-magazine-v1"",""solver"":""cadical300"",""strength"":""clique"",""time_limit"":1200.0}"
Yanasse,Tabela2/L7-8.txt,8,job-grouping-sat,clique,free-initial-magazine-v1,OPTIMAL,9,9,20,15,5,8,5,5,2,1,1,0,0.000176349,0.009512746,0.000187852,0.016873856,0.016639745,380,1594,4468,0,0,0,0,"[0, 1, 2, 4, 5, 6, 3, 7, 8]",9016de96f64163e46823b2bf35a7e5291b03326aee4bffacb6937ba56c2e8dc3,job-grouping-sat-v1,a54742cc4785a1c57020713cb318b867bf332281940c4a836f44779c7cd99577,"[""Tabela2/L7-8.txt"",8,""job-grouping-sat"",""clique"",""free-initial-magazine-v1""]",cadical300,seqcounter,1200.0,"{""cardinality"":""seqcounter"",""configuration_version"":""job-grouping-sat-v1"",""objective_version"":""free-initial-magazine-v1"",""solver"":""cadical300"",""strength"":""clique"",""time_limit"":1200.0}"
Yanasse,Tabela2/L7-9.txt,9,job-grouping-sat,clique,free-initial-magazine-v1,OPTIMAL,9,9,20,15,5,7,5,5,6,1,1,0,0.029753976,0.008186391,0.000212641,0.044696567,0.044464023,330,1263,3761,1575,4335,182380,11,"[0, 1, 2, 7, 6, 3, 8, 4, 5]",8f00cbb36b2dc288d07691768ea568bc13843da934c53ad39c23e339f7cbce76,job-grouping-sat-v1,a54742cc4785a1c57020713cb318b867bf332281940c4a836f44779c7cd99577,"[""Tabela2/L7-9.txt"",9,""job-grouping-sat"",""clique"",""free-initial-magazine-v1""]",cadical300,seqcounter,1200.0,"{""cardinality"":""seqcounter"",""configuration_version"":""job-grouping-sat-v1"",""objective_version"":""free-initial-magazine-v1"",""solver"":""cadical300"",""strength"":""clique"",""time_limit"":1200.0}"
Yanasse,Tabela2/L8-1.txt,1,job-grouping-sat,clique,free-initial-magazine-v1,OPTIMAL,9,9,20,15,5,12,8,8,7,4,3,1,2.306229781,0.050972612,0.000568548,2.392019964,0.974474380,380,1658,4876,116006,203693,12079441,3145,"[3, 8, 2, 5, 7, 6, 0, 4, 1]",1021e990427fd03be28b1f1d422280f0979635268154be033b63667d5f580d40,job-grouping-sat-v1,a54742cc4785a1c57020713cb318b867bf332281940c4a836f44779c7cd99577,"[""Tabela2/L8-1.txt"",1,""job-grouping-sat"",""clique"",""free-initial-magazine-v1""]",cadical300,seqcounter,1200.0,"{""cardinality"":""seqcounter"",""configuration_version"":""job-grouping-sat-v1"",""objective_version"":""free-initial-magazine-v1"",""solver"":""cadical300"",""strength"":""clique"",""time_limit"":1200.0}"
Yanasse,Tabela2/L8-10.txt,10,job-grouping-sat,clique,free-initial-magazine-v1,OPTIMAL,9,9,20,15,5,16,9,9,7,5,4,1,2.135277834,0.065487109,0.000440465,2.246606331,0.818566224,430,2053,6007,100797,180618,11764510,2749,"[3, 1, 8, 2, 7, 4, 0, 5, 6]",c0012cfab20ca3ba7fa46f6dfcbbf4372753d69bf820229eccaf002b02e48254,job-grouping-sat-v1,a54742cc4785a1c57020713cb318b867bf332281940c4a836f44779c7cd99577,"[""Tabela2/L8-10.txt"",10,""job-grouping-sat"",""clique"",""free-initial-magazine-v1""]",cadical300,seqcounter,1200.0,"{""cardinality"":""seqcounter"",""configuration_version"":""job-grouping-sat-v1"",""objective_version"":""free-initial-magazine-v1"",""solver"":""cadical300"",""strength"":""clique"",""time_limit"":1200.0}"
Yanasse,Tabela2/L8-2.txt,2,job-grouping-sat,clique,free-initial-magazine-v1,OPTIMAL,9,9,20,15,5,13,8,8,7,3,2,1,1.460030229,0.039107547,0.000285506,1.523525248,0.470265667,380,1666,4916,72977,125582,7915503,1927,"[0, 2, 4, 7, 8, 1, 3, 5, 6]",9a65f74a9b5e7c4c6175fcb4357286754bc0964a969325a667ed5478de46b157,job-grouping-sat-v1,a54742cc4785a1c57020713cb318b867bf332281940c4a836f44779c7cd99577,"[""Tabela2/L8-2.txt"",2,""job-grouping-sat"",""clique"",""free-initial-magazine-v1""]",cadical300,seqcounter,1200.0,"{""cardinality"":""seqcounter"",""configuration_version"":""job-grouping-sat-v1"",""objective_version"":""free-initial-magazine-v1"",""solver"":""cadical300"",""strength"":""clique"",""time_limit"":1200.0}"
Yanasse,Tabela2/L8-3.txt,3,job-grouping-sat,clique,free-initial-magazine-v1,OPTIMAL,9,9,20,15,5,10,7,7,4,2,1,1,0.589787313,0.024219733,0.000235224,0.628745011,0.036814544,330,1291,3887,32690,56138,2833102,901,"[3, 6, 7, 0, 1, 4, 8, 2, 5]",848cf19de7c511114ebc2525338cf10e0c486048cb762c828f51a38b2cf1bf3e,job-grouping-sat-v1,a54742cc4785a1c57020713cb318b867bf332281940c4a836f44779c7cd99577,"[""Tabela2/L8-3.txt"",3,""job-grouping-sat"",""clique"",""free-initial-magazine-v1""]",cadical300,seqcounter,1200.0,"{""cardinality"":""seqcounter"",""configuration_version"":""job-grouping-sat-v1"",""objective_version"":""free-initial-magazine-v1"",""solver"":""cadical300"",""strength"":""clique"",""time_limit"":1200.0}"
Yanasse,Tabela2/L8-4.txt,4,job-grouping-sat,clique,free-initial-magazine-v1,OPTIMAL,9,9,20,15,5,14,8,8,7,6,5,1,2.525158699,0.086955414,0.000473707,2.666588267,1.520998870,380,1706,5060,120641,219058,13285557,3149,"[6, 5, 8, 1, 3, 4, 7, 0, 2]",6b78b0904233b424f23a036e8b81f0d118369865ac251613681795c3c24be78e,job-grouping-sat-v1,a54742cc4785a1c57020713cb318b867bf332281940c4a836f44779c7cd99577,"[""Tabela2/L8-4.txt"",4,""job-grouping-sat"",""clique"",""free-initial-magazine-v1""]",cadical300,seqcounter,1200.0,"{""cardinality"":""seqcounter"",""configuration_version"":""job-grouping-sat-v1"",""objective_version"":""free-initial-magazine-v1"",""solver"":""cadical300"",""strength"":""clique"",""time_limit"":1200.0}"
Yanasse,Tabela2/L8-5.txt,5,job-grouping-sat,clique,free-initial-magazine-v1,OPTIMAL,9,9,20,15,5,14,9,9,7,5,4,1,3.364645814,0.061394966,0.000418721,3.470057632,2.157736435,430,2026,5863,153558,269901,19230636,4211,"[1, 0, 5, 2, 3, 8, 4, 6, 7]",e4202098c5e2b3ed767694ccc4cb9b89af4048ca410fdef74ed1e79825b9ef87,job-grouping-sat-v1,a54742cc4785a1c57020713cb318b867bf332281940c4a836f44779c7cd99577,"[""Tabela2/L8-5.txt"",5,""job-grouping-sat"",""clique"",""free-initial-magazine-v1""]",cadical300,seqcounter,1200.0,"{""cardinality"":""seqcounter"",""configuration_version"":""job-grouping-sat-v1"",""objective_version"":""free-initial-magazine-v1"",""solver"":""cadical300"",""strength"":""clique"",""time_limit"":1200.0}"
Yanasse,Tabela2/L8-6.txt,6,job-grouping-sat,clique,free-initial-magazine-v1,OPTIMAL,9,9,20,15,5,12,9,9,8,3,2,1,1.597131225,0.039026272,0.000310494,1.661770862,0.456318829,430,2116,6106,73862,117128,9270469,1272,"[5, 2, 4, 8, 0, 3, 6, 7, 1]",be7e96d6327d1eeea3de309cefc0887163fd5710ffaf9d695cc02003406a33f4,job-grouping-sat-v1,a54742cc4785a1c57020713cb318b867bf332281940c4a836f44779c7cd99577,"[""Tabela2/L8-6.txt"",6,""job-grouping-sat"",""clique"",""free-initial-magazine-v1""]",cadical300,seqcounter,1200.0,"{""cardinality"":""seqcounter"",""configuration_version"":""job-grouping-sat-v1"",""objective_version"":""free-initial-magazine-v1"",""solver"":""cadical300"",""strength"":""clique"",""time_limit"":1200.0}"
Yanasse,Tabela2/L8-7.txt,7,job-grouping-sat,clique,free-initial-magazine-v1,OPTIMAL,9,9,20,15,5,12,9,9,6,4,3,1,1.945046561,0.056917700,0.000352776,2.038501215,0.898334848,430,2053,5881,96929,192735,11593868,3338,"[4, 7, 8, 0, 6, 3, 5, 2, 1]",d50ebeed5e245e2ffe53fcaa3bdc2ac976e7b17331b88910bf14e353e0081f92,job-grouping-sat-v1,a54742cc4785a1c57020713cb318b867bf332281940c4a836f44779c7cd99577,"[""Tabela2/L8-7.txt"",7,""job-grouping-sat"",""clique"",""free-initial-magazine-v1""]",cadical300,seqcounter,1200.0,"{""cardinality"":""seqcounter"",""configuration_version"":""job-grouping-sat-v1"",""objective_version"":""free-initial-magazine-v1"",""solver"":""cadical300"",""strength"":""clique"",""time_limit"":1200.0}"
Yanasse,Tabela2/L8-8.txt,8,job-grouping-sat,clique,free-initial-magazine-v1,OPTIMAL,9,9,20,15,5,13,9,9,6,3,2,1,2.635031480,0.042633831,0.000309887,2.703641245,0.886585132,430,2080,6106,112498,197555,13832185,3267,"[7, 8, 2, 4, 3, 0, 1, 5, 6]",ea0a3c3a0e649d339badf42453add476312c74de2a92dbb3dc8312e3c4b2f254,job-grouping-sat-v1,a54742cc4785a1c57020713cb318b867bf332281940c4a836f44779c7cd99577,"[""Tabela2/L8-8.txt"",8,""job-grouping-sat"",""clique"",""free-initial-magazine-v1""]",cadical300,seqcounter,1200.0,"{""cardinality"":""seqcounter"",""configuration_version"":""job-grouping-sat-v1"",""objective_version"":""free-initial-magazine-v1"",""solver"":""cadical300"",""strength"":""clique"",""time_limit"":1200.0}"
Yanasse,Tabela2/L8-9.txt,9,job-grouping-sat,clique,free-initial-magazine-v1,OPTIMAL,9,9,20,15,5,9,7,7,5,3,2,1,2.784610070,0.034516865,0.000363073,2.841309010,0.285806844,330,1277,3873,131986,206356,10891069,3486,"[0, 4, 6, 7, 8, 5, 3, 1, 2]",14a93bd0ee0ecca0080b3b0f7d58bacf50f305983d0b7d5fd67ff4c9a80da47a,job-grouping-sat-v1,a54742cc4785a1c57020713cb318b867bf332281940c4a836f44779c7cd99577,"[""Tabela2/L8-9.txt"",9,""job-grouping-sat"",""clique"",""free-initial-magazine-v1""]",cadical300,seqcounter,1200.0,"{""cardinality"":""seqcounter"",""configuration_version"":""job-grouping-sat-v1"",""objective_version"":""free-initial-magazine-v1"",""solver"":""cadical300"",""strength"":""clique"",""time_limit"":1200.0}"
Yanasse,Tabela2/L9-1.txt,1,job-grouping-sat,clique,free-initial-magazine-v1,OPTIMAL,9,9,20,15,5,6,5,5,2,1,1,0,0.000140035,0.006457699,0.000183014,0.012191650,0.012021026,280,970,2920,0,0,0,0,"[0, 1, 2, 3, 4, 6, 5, 7, 8]",8f42ad71d7a8fd14040a4078ee149965e4bc74634d177040f812ad8db2b6f5e4,job-grouping-sat-v1,a54742cc4785a1c57020713cb318b867bf332281940c4a836f44779c7cd99577,"[""Tabela2/L9-1.txt"",1,""job-grouping-sat"",""clique"",""free-initial-magazine-v1""]",cadical300,seqcounter,1200.0,"{""cardinality"":""seqcounter"",""configuration_version"":""job-grouping-sat-v1"",""objective_version"":""free-initial-magazine-v1"",""solver"":""cadical300"",""strength"":""clique"",""time_limit"":1200.0}"
Yanasse,Tabela2/L9-10.txt,10,job-grouping-sat,clique,free-initial-magazine-v1,OPTIMAL,9,9,20,15,5,9,6,6,6,3,2,1,1.683549631,0.027236193,0.000247464,1.730886999,0.274254390,280,970,2968,96543,162323,7148830,3272,"[2, 8, 0, 3, 7, 5, 1, 4, 6]",288eac5ece8c0157cb87746e4237e0cf87f55d415282140fbe5682f1d4a1d2d4,job-grouping-sat-v1,a54742cc4785a1c57020713cb318b867bf332281940c4a836f44779c7cd99577,"[""Tabela2/L9-10.txt"",10,""job-grouping-sat"",""clique"",""free-initial-magazine-v1""]",cadical300,seqcounter,1200.0,"{""cardinality"":""seqcounter"",""configuration_version"":""job-grouping-sat-v1"",""objective_version"":""free-initial-magazine-v1"",""solver"":""cadical300"",""strength"":""clique"",""time_limit"":1200.0}"
Yanasse,Tabela2/L9-2.txt,2,job-grouping-sat,clique,free-initial-magazine-v1,OPTIMAL,9,9,20,15,5,10,5,5,4,2,2,0,0.015590274,0.021337257,0.000218803,0.051336526,0.051117274,330,1263,3817,671,3113,60846,16,"[0, 3, 5, 2, 4, 1, 6, 7, 8]",7695c10ae0513b00d10a4246dd681c308a3c6fea54b1e4b9d688f185258cf094,job-grouping-sat-v1,a54742cc4785a1c57020713cb318b867bf332281940c4a836f44779c7cd99577,"[""Tabela2/L9-2.txt"",2,""job-grouping-sat"",""clique"",""free-initial-magazine-v1""]",cadical300,seqcounter,1200.0,"{""cardinality"":""seqcounter"",""configuration_version"":""job-grouping-sat-v1"",""objective_version"":""free-initial-magazine-v1"",""solver"":""cadical300"",""strength"":""clique"",""time_limit"":1200.0}"
Yanasse,Tabela2/L9-3.txt,3,job-grouping-sat,clique,free-initial-magazine-v1,OPTIMAL,9,9,20,15,5,8,5,5,6,2,2,0,0.018082174,0.017557890,0.000235536,0.050317416,0.050061046,330,1263,3712,804,3667,76638,22,"[1, 4, 5, 3, 6, 0, 2, 7, 8]",45a760c3daa2aa8201d3b63f9251363a7b03e37c839a71514bf8c351ec87a3b1,job-grouping-sat-v1,a54742cc4785a1c57020713cb318b867bf332281940c4a836f44779c7cd99577,"[""Tabela2/L9-3.txt"",3,""job-grouping-sat"",""clique"",""free-initial-magazine-v1""]",cadical300,seqcounter,1200.0,"{""cardinality"":""seqcounter"",""configuration_version"":""job-grouping-sat-v1"",""objective_version"":""free-initial-magazine-v1"",""solver"":""cadical300"",""strength"":""clique"",""time_limit"":1200.0}"
Yanasse,Tabela2/L9-4.txt,4,job-grouping-sat,clique,free-initial-magazine-v1,OPTIMAL,9,9,20,15,5,8,5,5,3,1,1,0,0.010760225,0.009849028,0.000209450,0.028901027,0.028622858,380,1594,4588,221,2828,21814,2,"[1, 2, 3, 5, 6, 4, 8, 0, 7]",b1e8e682ca9511f9d495289ca3680beee93c129475b66b007231dc7cfdea17d5,job-grouping-sat-v1,a54742cc4785a1c57020713cb318b867bf332281940c4a836f44779c7cd99577,"[""Tabela2/L9-4.txt"",4,""job-grouping-sat"",""clique"",""free-initial-magazine-v1""]",cadical300,seqcounter,1200.0,"{""cardinality"":""seqcounter"",""configuration_version"":""job-grouping-sat-v1"",""objective_version"":""free-initial-magazine-v1"",""solver"":""cadical300"",""strength"":""clique"",""time_limit"":1200.0}"
Yanasse,Tabela2/L9-5.txt,5,job-grouping-sat,clique,free-initial-magazine-v1,OPTIMAL,9,9,20,15,5,13,6,6,6,4,3,1,1.740557720,0.044046517,0.000356506,1.815700398,0.817268440,280,970,3034,98788,162172,7758667,2751,"[5, 7, 6, 8, 2, 1, 3, 0, 4]",e6a72b997f7d0a180d170bf48cca02ecc65d4365e06790074c4767027b677736,job-grouping-sat-v1,a54742cc4785a1c57020713cb318b867bf332281940c4a836f44779c7cd99577,"[""Tabela2/L9-5.txt"",5,""job-grouping-sat"",""clique"",""free-initial-magazine-v1""]",cadical300,seqcounter,1200.0,"{""cardinality"":""seqcounter"",""configuration_version"":""job-grouping-sat-v1"",""objective_version"":""free-initial-magazine-v1"",""solver"":""cadical300"",""strength"":""clique"",""time_limit"":1200.0}"
Yanasse,Tabela2/L9-6.txt,6,job-grouping-sat,clique,free-initial-magazine-v1,OPTIMAL,9,9,20,15,5,6,5,5,4,1,1,0,0.018055247,0.010497535,0.000181518,0.034655422,0.034472925,280,970,2938,1025,4340,93150,65,"[0, 1, 2, 3, 4, 5, 8, 6, 7]",a834909ba91f0d5a112c43cac647a20008fb0ec82951cd2e878704f4b71e483d,job-grouping-sat-v1,a54742cc4785a1c57020713cb318b867bf332281940c4a836f44779c7cd99577,"[""Tabela2/L9-6.txt"",6,""job-grouping-sat"",""clique"",""free-initial-magazine-v1""]",cadical300,seqcounter,1200.0,"{""cardinality"":""seqcounter"",""configuration_version"":""job-grouping-sat-v1"",""objective_version"":""free-initial-magazine-v1"",""solver"":""cadical300"",""strength"":""clique"",""time_limit"":1200.0}"
Yanasse,Tabela2/L9-7.txt,7,job-grouping-sat,clique,free-initial-magazine-v1,OPTIMAL,9,9,20,15,5,11,5,5,4,4,4,0,0.295076895,0.037346749,0.000271705,0.360452643,0.360225851,280,970,3022,17994,42242,1533818,891,"[0, 4, 5, 1, 7, 2, 6, 3, 8]",d5f53233f3f001f874fb2d268ae4d5cd7d82cf1d017a4d1b2b0a574f00c9f169,job-grouping-sat-v1,a54742cc4785a1c57020713cb318b867bf332281940c4a836f44779c7cd99577,"[""Tabela2/L9-7.txt"",7,""job-grouping-sat"",""clique"",""free-initial-magazine-v1""]",cadical300,seqcounter,1200.0,"{""cardinality"":""seqcounter"",""configuration_version"":""job-grouping-sat-v1"",""objective_version"":""free-initial-magazine-v1"",""solver"":""cadical300"",""strength"":""clique"",""time_limit"":1200.0}"
Yanasse,Tabela2/L9-8.txt,8,job-grouping-sat,clique,free-initial-magazine-v1,OPTIMAL,9,9,20,15,5,9,6,6,4,2,1,1,1.397053514,0.020480467,0.000236911,1.431583954,0.042554720,280,970,3034,74467,116037,5344193,2111,"[0, 2, 3, 4, 6, 8, 7, 1, 5]",21a4129eb94e5fe7a220a48c3a4fee7f415ba1baa7df5f58644b84a561860059,job-grouping-sat-v1,a54742cc4785a1c57020713cb318b867bf332281940c4a836f44779c7cd99577,"[""Tabela2/L9-8.txt"",8,""job-grouping-sat"",""clique"",""free-initial-magazine-v1""]",cadical300,seqcounter,1200.0,"{""cardinality"":""seqcounter"",""configuration_version"":""job-grouping-sat-v1"",""objective_version"":""free-initial-magazine-v1"",""solver"":""cadical300"",""strength"":""clique"",""time_limit"":1200.0}"
Yanasse,Tabela2/L9-9.txt,9,job-grouping-sat,clique,free-initial-magazine-v1,OPTIMAL,9,9,20,15,5,8,5,5,3,1,1,0,0.009748539,0.009377212,0.000201768,0.026664095,0.026369479,380,1594,4532,153,2691,19139,1,"[0, 1, 6, 7, 3, 2, 4, 5, 8]",97bf54c6e99421b351860bc10274dc30694ce40136cd54569f223d82a7e039b5,job-grouping-sat-v1,a54742cc4785a1c57020713cb318b867bf332281940c4a836f44779c7cd99577,"[""Tabela2/L9-9.txt"",9,""job-grouping-sat"",""clique"",""free-initial-magazine-v1""]",cadical300,seqcounter,1200.0,"{""cardinality"":""seqcounter"",""configuration_version"":""job-grouping-sat-v1"",""objective_version"":""free-initial-magazine-v1"",""solver"":""cadical300"",""strength"":""clique"",""time_limit"":1200.0}"
Yanasse,Tabela3/L1-1.txt,1,job-grouping-sat,clique,free-initial-magazine-v1,OPTIMAL,15,15,15,5,10,26,15,15,11,7,6,1,87.665268241,0.174806433,0.000834381,87.942742152,35.680735538,675,4424,11999,2496351,4640696,401716252,71749,"[11, 14, 0, 8, 5, 4, 10, 7, 13, 12, 9, 2, 1, 3, 6]",a79b64a72aac52034692e2a38075725b73b8b123e8c03c1613ed97c5ac8fabf9,job-grouping-sat-v1,a54742cc4785a1c57020713cb318b867bf332281940c4a836f44779c7cd99577,"[""Tabela3/L1-1.txt"",1,""job-grouping-sat"",""clique"",""free-initial-magazine-v1""]",cadical300,seqcounter,1200.0,"{""cardinality"":""seqcounter"",""configuration_version"":""job-grouping-sat-v1"",""objective_version"":""free-initial-magazine-v1"",""solver"":""cadical300"",""strength"":""clique"",""time_limit"":1200.0}"
Yanasse,Tabela3/L1-10.txt,10,job-grouping-sat,clique,free-initial-magazine-v1,OPTIMAL,15,15,15,5,10,25,16,16,13,8,7,1,152.202354352,0.191293770,0.000972903,152.522298020,76.609851628,675,4635,12509,4287648,8283997,658895085,131535,"[0, 6, 13, 5, 7, 10, 12, 14, 11, 8, 3, 2, 1, 9, 4]",877697fdf937bb6fdcab982aa53604ed7b374a28549505eed106ac94e6feaeab,job-grouping-sat-v1,a54742cc4785a1c57020713cb318b867bf332281940c4a836f44779c7cd99577,"[""Tabela3/L1-10.txt"",10,""job-grouping-sat"",""clique"",""free-initial-magazine-v1""]",cadical300,seqcounter,1200.0,"{""cardinality"":""seqcounter"",""configuration_version"":""job-grouping-sat-v1"",""objective_version"":""free-initial-magazine-v1"",""solver"":""cadical300"",""strength"":""clique"",""time_limit"":1200.0}"
Yanasse,Tabela3/L1-2.txt,2,job-grouping-sat,clique,free-initial-magazine-v1,OPTIMAL,15,15,15,5,10,26,15,15,12,8,7,1,223.105906812,0.185451735,0.000912713,223.417423029,40.541559003,675,4169,11264,6766273,10431605,761096315,186351,"[3, 11, 0, 10, 4, 13, 1, 7, 14, 5, 12, 6, 2, 8, 9]",92a17b6f11b2501707d6861170069b2ca67c394c1fae9c9e70a75ac46969e1c0,job-grouping-sat-v1,a54742cc4785a1c57020713cb318b867bf332281940c4a836f44779c7cd99577,"[""Tabela3/L1-2.txt"",2,""job-grouping-sat"",""clique"",""free-initial-magazine-v1""]",cadical300,seqcounter,1200.0,"{""cardinality"":""seqcounter"",""configuration_version"":""job-grouping-sat-v1"",""objective_version"":""free-initial-magazine-v1"",""solver"":""cadical300"",""strength"":""clique"",""time_limit"":1200.0}"
Yanasse,Tabela3/L1-3.txt,3,job-grouping-sat,clique,free-initial-magazine-v1,OPTIMAL,15,15,15,5,10,28,15,15,12,8,7,1,68.392760794,0.215892655,0.000993821,68.736015730,40.553179257,675,4484,12254,1906913,3741894,355489284,60518,"[11, 0, 14, 1, 5, 13, 9, 3, 6, 12, 10, 8, 4, 7, 2]",7ff56a96b4fd85a1abd3f485ba1cfcd2d450c936fc5de7bec35d1da630250c11,job-grouping-sat-v1,a54742cc4785a1c57020713cb318b867bf332281940c4a836f44779c7cd99577,"[""Tabela3/L1-3.txt"",3,""job-grouping-sat"",""clique"",""free-initial-magazine-v1""]",cadical300,seqcounter,1200.0,"{""cardinality"":""seqcounter"",""configuration_version"":""job-grouping-sat-v1"",""objective_version"":""free-initial-magazine-v1"",""solver"":""cadical300"",""strength"":""clique"",""time_limit"":1200.0}"
Yanasse,Tabela3/L1-4.txt,4,job-grouping-sat,clique,free-initial-magazine-v1,OPTIMAL,15,15,15,5,10,26,15,15,12,6,5,1,197.354160064,0.159827839,0.000716296,197.613701706,8.559213744,675,4349,11699,5145348,8377122,557360689,154405,"[1, 9, 8, 13, 14, 5, 12, 0, 10, 11, 6, 2, 7, 4, 3]",5093b0603b9e5dfe433bf7ff196f528caa7d350a1c4a3fe5865823297177888f,job-grouping-sat-v1,a54742cc4785a1c57020713cb318b867bf332281940c4a836f44779c7cd99577,"[""Tabela3/L1-4.txt"",4,""job-grouping-sat"",""clique"",""free-initial-magazine-v1""]",cadical300,seqcounter,1200.0,"{""cardinality"":""seqcounter"",""configuration_version"":""job-grouping-sat-v1"",""objective_version"":""free-initial-magazine-v1"",""solver"":""cadical300"",""strength"":""clique"",""time_limit"":1200.0}"
Yanasse,Tabela3/L1-5.txt,5,job-grouping-sat,clique,free-initial-magazine-v1,OPTIMAL,15,15,15,5,10,27,18,18,14,7,6,1,375.560932146,0.190331034,0.000986103,375.887840469,28.681695037,675,4901,13067,8477455,13839747,1064946769,257321,"[12, 0, 13, 3, 8, 6, 9, 14, 7, 1, 10, 2, 5, 4, 11]",a19797e2edf0046c9ace6243db13e8c38f17f5226792bc43ec39b6491bfec327,job-grouping-sat-v1,a54742cc4785a1c57020713cb318b867bf332281940c4a836f44779c7cd99577,"[""Tabela3/L1-5.txt"",5,""job-grouping-sat"",""clique"",""free-initial-magazine-v1""]",cadical300,seqcounter,1200.0,"{""cardinality"":""seqcounter"",""configuration_version"":""job-grouping-sat-v1"",""objective_version"":""free-initial-magazine-v1"",""solver"":""cadical300"",""strength"":""clique"",""time_limit"":1200.0}"
Yanasse,Tabela3/L1-6.txt,6,job-grouping-sat,clique,free-initial-magazine-v1,TIMEOUT,15,15,15,5,10,34,24,,15,11,10,0,1199.640414036,0.269762649,0.001552322,1200.105382110,117.783488315,675,5576,14165,N/A,N/A,N/A,N/A,"[3, 1, 12, 0, 11, 5, 14, 7, 10, 13, 8, 6, 2, 4, 9]",5c4431a1f67aa709b74b411e1e25a5e8d2be4b5da4137a582d0721413a913601,job-grouping-sat-v1,a54742cc4785a1c57020713cb318b867bf332281940c4a836f44779c7cd99577,"[""Tabela3/L1-6.txt"",6,""job-grouping-sat"",""clique"",""free-initial-magazine-v1""]",cadical300,seqcounter,1200.0,"{""cardinality"":""seqcounter"",""configuration_version"":""job-grouping-sat-v1"",""objective_version"":""free-initial-magazine-v1"",""solver"":""cadical300"",""strength"":""clique"",""time_limit"":1200.0}"
Yanasse,Tabela3/L1-7.txt,7,job-grouping-sat,clique,free-initial-magazine-v1,OPTIMAL,15,15,15,5,10,28,14,14,15,9,8,1,55.376519764,0.231824342,0.001103181,55.743181792,19.208295987,629,3793,10368,1610485,3162829,240512912,46783,"[10, 12, 5, 11, 1, 6, 13, 4, 8, 2, 7, 0, 3, 14, 9]",3b312594a425b849a241e86958f8d1b710e41ca56467f1acea2fac9fb028d0f5,job-grouping-sat-v1,a54742cc4785a1c57020713cb318b867bf332281940c4a836f44779c7cd99577,"[""Tabela3/L1-7.txt"",7,""job-grouping-sat"",""clique"",""free-initial-magazine-v1""]",cadical300,seqcounter,1200.0,"{""cardinality"":""seqcounter"",""configuration_version"":""job-grouping-sat-v1"",""objective_version"":""free-initial-magazine-v1"",""solver"":""cadical300"",""strength"":""clique"",""time_limit"":1200.0}"
Yanasse,Tabela3/L1-8.txt,8,job-grouping-sat,clique,free-initial-magazine-v1,OPTIMAL,15,15,15,5,10,29,18,18,14,8,7,1,230.029082625,0.191431230,0.001189120,230.359537045,56.332511864,675,4871,12947,5663249,9851666,853810867,177824,"[2, 0, 13, 9, 1, 10, 3, 4, 7, 5, 8, 12, 11, 6, 14]",5e87e153db3e2e1791aed315e5e9156cac9cdd75031aff7b4839e1b723a82db1,job-grouping-sat-v1,a54742cc4785a1c57020713cb318b867bf332281940c4a836f44779c7cd99577,"[""Tabela3/L1-8.txt"",8,""job-grouping-sat"",""clique"",""free-initial-magazine-v1""]",cadical300,seqcounter,1200.0,"{""cardinality"":""seqcounter"",""configuration_version"":""job-grouping-sat-v1"",""objective_version"":""free-initial-magazine-v1"",""solver"":""cadical300"",""strength"":""clique"",""time_limit"":1200.0}"
Yanasse,Tabela3/L1-9.txt,9,job-grouping-sat,clique,free-initial-magazine-v1,OPTIMAL,15,15,15,5,10,27,16,16,13,10,9,1,178.521944353,0.256429001,0.001244311,178.939722741,27.657027345,675,4590,12389,4895799,8675579,655736370,152570,"[6, 11, 10, 12, 9, 13, 5, 2, 1, 3, 4, 7, 8, 0, 14]",5c25c4a6e9150605ac8f79280188ef2c24ced3b50f4dbc39cdce739c12934c14,job-grouping-sat-v1,a54742cc4785a1c57020713cb318b867bf332281940c4a836f44779c7cd99577,"[""Tabela3/L1-9.txt"",9,""job-grouping-sat"",""clique"",""free-initial-magazine-v1""]",cadical300,seqcounter,1200.0,"{""cardinality"":""seqcounter"",""configuration_version"":""job-grouping-sat-v1"",""objective_version"":""free-initial-magazine-v1"",""solver"":""cadical300"",""strength"":""clique"",""time_limit"":1200.0}"
Yanasse,Tabela3/L10-1.txt,1,job-grouping-sat,clique,free-initial-magazine-v1,OPTIMAL,15,15,20,15,5,13,8,8,7,5,4,1,33.899070652,0.092390301,0.000757619,34.052480572,8.586768076,428,1636,5218,1292393,2180979,102491051,40590,"[4, 7, 8, 10, 13, 12, 3, 6, 2, 9, 11, 14, 5, 0, 1]",108bda178db072de81fda5ccfecec5bcb6100ea62aa8d6a405ba83fc9b6d7afc,job-grouping-sat-v1,a54742cc4785a1c57020713cb318b867bf332281940c4a836f44779c7cd99577,"[""Tabela3/L10-1.txt"",1,""job-grouping-sat"",""clique"",""free-initial-magazine-v1""]",cadical300,seqcounter,1200.0,"{""cardinality"":""seqcounter"",""configuration_version"":""job-grouping-sat-v1"",""objective_version"":""free-initial-magazine-v1"",""solver"":""cadical300"",""strength"":""clique"",""time_limit"":1200.0}"
Yanasse,Tabela3/L10-10.txt,10,job-grouping-sat,clique,free-initial-magazine-v1,OPTIMAL,15,15,20,15,5,11,5,5,6,2,2,0,0.273321607,0.024840511,0.000354202,0.315423898,0.315162418,316,1000,3262,14859,39433,1345458,778,"[0, 3, 8, 13, 1, 12, 9, 11, 10, 14, 5, 7, 2, 4, 6]",f78bf395a0ceba6ed878af472c1af33606c487f374c300b8344d76f0c4b29760,job-grouping-sat-v1,a54742cc4785a1c57020713cb318b867bf332281940c4a836f44779c7cd99577,"[""Tabela3/L10-10.txt"",10,""job-grouping-sat"",""clique"",""free-initial-magazine-v1""]",cadical300,seqcounter,1200.0,"{""cardinality"":""seqcounter"",""configuration_version"":""job-grouping-sat-v1"",""objective_version"":""free-initial-magazine-v1"",""solver"":""cadical300"",""strength"":""clique"",""time_limit"":1200.0}"
Yanasse,Tabela3/L10-2.txt,2,job-grouping-sat,clique,free-initial-magazine-v1,OPTIMAL,15,15,20,15,5,10,5,5,5,3,3,0,0.622855033,0.037684268,0.000361436,0.683679414,0.683401467,316,1000,3244,33342,64383,2687858,1150,"[1, 2, 4, 6, 7, 0, 3, 5, 12, 8, 10, 11, 13, 9, 14]",32f5ed52f869f081202e90efa11454aec64d274ff337d343022ab2fbb0728116,job-grouping-sat-v1,a54742cc4785a1c57020713cb318b867bf332281940c4a836f44779c7cd99577,"[""Tabela3/L10-2.txt"",2,""job-grouping-sat"",""clique"",""free-initial-magazine-v1""]",cadical300,seqcounter,1200.0,"{""cardinality"":""seqcounter"",""configuration_version"":""job-grouping-sat-v1"",""objective_version"":""free-initial-magazine-v1"",""solver"":""cadical300"",""strength"":""clique"",""time_limit"":1200.0}"
Yanasse,Tabela3/L10-3.txt,3,job-grouping-sat,clique,free-initial-magazine-v1,OPTIMAL,15,15,20,15,5,10,5,5,6,4,4,0,1.344408356,0.044445604,0.000410785,1.424636779,1.424346799,316,1000,3292,68545,149477,6174010,2635,"[2, 4, 6, 7, 14, 8, 9, 3, 11, 13, 0, 1, 5, 10, 12]",e2545f4b5ff0f119c8297954d296667c14a1257cc9f07f327ff60efa1882827f,job-grouping-sat-v1,a54742cc4785a1c57020713cb318b867bf332281940c4a836f44779c7cd99577,"[""Tabela3/L10-3.txt"",3,""job-grouping-sat"",""clique"",""free-initial-magazine-v1""]",cadical300,seqcounter,1200.0,"{""cardinality"":""seqcounter"",""configuration_version"":""job-grouping-sat-v1"",""objective_version"":""free-initial-magazine-v1"",""solver"":""cadical300"",""strength"":""clique"",""time_limit"":1200.0}"
Yanasse,Tabela3/L10-4.txt,4,job-grouping-sat,clique,free-initial-magazine-v1,OPTIMAL,15,15,20,15,5,9,5,5,3,2,2,0,0.028174909,0.022026204,0.000326374,0.067743801,0.067470446,316,1000,3196,599,6270,71508,32,"[0, 5, 6, 9, 10, 1, 4, 7, 8, 12, 13, 2, 3, 11, 14]",c36dde574778cc14066871517356f4bc4b8c6214f4f5c5240e094279292e731f,job-grouping-sat-v1,a54742cc4785a1c57020713cb318b867bf332281940c4a836f44779c7cd99577,"[""Tabela3/L10-4.txt"",4,""job-grouping-sat"",""clique"",""free-initial-magazine-v1""]",cadical300,seqcounter,1200.0,"{""cardinality"":""seqcounter"",""configuration_version"":""job-grouping-sat-v1"",""objective_version"":""free-initial-magazine-v1"",""solver"":""cadical300"",""strength"":""clique"",""time_limit"":1200.0}"
Yanasse,Tabela3/L10-5.txt,5,job-grouping-sat,clique,free-initial-magazine-v1,OPTIMAL,15,15,20,15,5,8,5,5,5,3,3,0,0.347852900,0.027097925,0.000377852,0.398417089,0.398139801,316,1000,3256,19512,41620,1610155,674,"[2, 4, 6, 8, 13, 1, 12, 7, 9, 14, 0, 10, 3, 5, 11]",92f931d1967112854564261f598b8362ba0af85a0695c588706216fea4f37593,job-grouping-sat-v1,a54742cc4785a1c57020713cb318b867bf332281940c4a836f44779c7cd99577,"[""Tabela3/L10-5.txt"",5,""job-grouping-sat"",""clique"",""free-initial-magazine-v1""]",cadical300,seqcounter,1200.0,"{""cardinality"":""seqcounter"",""configuration_version"":""job-grouping-sat-v1"",""objective_version"":""free-initial-magazine-v1"",""solver"":""cadical300"",""strength"":""clique"",""time_limit"":1200.0}"
Yanasse,Tabela3/L10-6.txt,6,job-grouping-sat,clique,free-initial-magazine-v1,OPTIMAL,15,15,20,15,5,13,7,7,7,4,3,1,9.949614913,0.064918317,0.000474294,10.055642246,0.921771240,372,1299,4303,446087,721391,32638921,13570,"[0, 5, 11, 3, 12, 14, 8, 2, 4, 10, 9, 13, 1, 6, 7]",136e2e0611691cdfde23e55994461422cb63a7acc115510aba25bdb856614c27,job-grouping-sat-v1,a54742cc4785a1c57020713cb318b867bf332281940c4a836f44779c7cd99577,"[""Tabela3/L10-6.txt"",6,""job-grouping-sat"",""clique"",""free-initial-magazine-v1""]",cadical300,seqcounter,1200.0,"{""cardinality"":""seqcounter"",""configuration_version"":""job-grouping-sat-v1"",""objective_version"":""free-initial-magazine-v1"",""solver"":""cadical300"",""strength"":""clique"",""time_limit"":1200.0}"
Yanasse,Tabela3/L10-7.txt,7,job-grouping-sat,clique,free-initial-magazine-v1,OPTIMAL,15,15,20,15,5,10,5,5,6,5,5,0,0.782546879,0.067230296,0.000507137,0.892549885,0.892218555,316,1000,3340,39856,87513,3907912,1295,"[0, 14, 5, 10, 11, 13, 9, 3, 7, 1, 8, 12, 2, 4, 6]",f8709af04cb21058b76ee88cbda16b54ada08fec0ed505178f2a232e82d72027,job-grouping-sat-v1,a54742cc4785a1c57020713cb318b867bf332281940c4a836f44779c7cd99577,"[""Tabela3/L10-7.txt"",7,""job-grouping-sat"",""clique"",""free-initial-magazine-v1""]",cadical300,seqcounter,1200.0,"{""cardinality"":""seqcounter"",""configuration_version"":""job-grouping-sat-v1"",""objective_version"":""free-initial-magazine-v1"",""solver"":""cadical300"",""strength"":""clique"",""time_limit"":1200.0}"
Yanasse,Tabela3/L10-8.txt,8,job-grouping-sat,clique,free-initial-magazine-v1,OPTIMAL,15,15,20,15,5,11,7,7,4,3,2,1,12.699748416,0.048364278,0.000432406,12.783379900,0.130158773,372,1299,4212,503425,795062,37371403,16294,"[0, 2, 6, 8, 11, 1, 13, 3, 4, 7, 12, 14, 5, 9, 10]",0584ec553197b7d4f618c7c7e32fb02493d67babc6ea680d2c4b49c3101c523d,job-grouping-sat-v1,a54742cc4785a1c57020713cb318b867bf332281940c4a836f44779c7cd99577,"[""Tabela3/L10-8.txt"",8,""job-grouping-sat"",""clique"",""free-initial-magazine-v1""]",cadical300,seqcounter,1200.0,"{""cardinality"":""seqcounter"",""configuration_version"":""job-grouping-sat-v1"",""objective_version"":""free-initial-magazine-v1"",""solver"":""cadical300"",""strength"":""clique"",""time_limit"":1200.0}"
Yanasse,Tabela3/L10-9.txt,9,job-grouping-sat,clique,free-initial-magazine-v1,OPTIMAL,15,15,20,15,5,10,6,6,5,3,2,1,7.711656779,0.034491192,0.000364882,7.772036256,0.111844672,316,1000,3292,345586,498128,21667284,9439,"[1, 3, 4, 10, 13, 14, 5, 6, 11, 9, 2, 0, 7, 8, 12]",267d60aff745d047cf010476e1cf09c6cf1f3f198bdc7d2c9458697d6af96bba,job-grouping-sat-v1,a54742cc4785a1c57020713cb318b867bf332281940c4a836f44779c7cd99577,"[""Tabela3/L10-9.txt"",9,""job-grouping-sat"",""clique"",""free-initial-magazine-v1""]",cadical300,seqcounter,1200.0,"{""cardinality"":""seqcounter"",""configuration_version"":""job-grouping-sat-v1"",""objective_version"":""free-initial-magazine-v1"",""solver"":""cadical300"",""strength"":""clique"",""time_limit"":1200.0}"
Yanasse,Tabela3/L11-1.txt,1,job-grouping-sat,clique,free-initial-magazine-v1,OPTIMAL,15,15,20,15,5,18,11,11,12,7,6,1,35.478847318,0.207015637,0.000955341,35.787957772,25.197762899,596,3227,9660,1131571,2271425,185834637,31967,"[3, 2, 5, 7, 13, 9, 0, 10, 8, 11, 12, 6, 14, 4, 1]",c222446e0c7b7d2f09387850a2923440965134a29f3e6471b6d1d800c4c44179,job-grouping-sat-v1,a54742cc4785a1c57020713cb318b867bf332281940c4a836f44779c7cd99577,"[""Tabela3/L11-1.txt"",1,""job-grouping-sat"",""clique"",""free-initial-magazine-v1""]",cadical300,seqcounter,1200.0,"{""cardinality"":""seqcounter"",""configuration_version"":""job-grouping-sat-v1"",""objective_version"":""free-initial-magazine-v1"",""solver"":""cadical300"",""strength"":""clique"",""time_limit"":1200.0}"
Yanasse,Tabela3/L11-10.txt,10,job-grouping-sat,clique,free-initial-magazine-v1,OPTIMAL,15,15,20,15,5,23,13,13,9,6,5,1,42.125447455,0.191098566,0.001005665,42.418025027,7.294717024,708,4307,12654,1354872,2414984,167577316,41568,"[10, 12, 14, 0, 5, 9, 13, 6, 8, 4, 7, 2, 11, 3, 1]",8d71209b64915da92f63d6061baa5b166a56bd4bc52dea81cea060cfb82d4dd1,job-grouping-sat-v1,a54742cc4785a1c57020713cb318b867bf332281940c4a836f44779c7cd99577,"[""Tabela3/L11-10.txt"",10,""job-grouping-sat"",""clique"",""free-initial-magazine-v1""]",cadical300,seqcounter,1200.0,"{""cardinality"":""seqcounter"",""configuration_version"":""job-grouping-sat-v1"",""objective_version"":""free-initial-magazine-v1"",""solver"":""cadical300"",""strength"":""clique"",""time_limit"":1200.0}"
Yanasse,Tabela3/L11-2.txt,2,job-grouping-sat,clique,free-initial-magazine-v1,OPTIMAL,15,15,20,15,5,19,10,10,10,7,6,1,19.663760905,0.202262748,0.000888510,19.966772541,15.755114448,540,2774,8504,621461,1248102,94370139,17359,"[0, 2, 14, 6, 9, 10, 1, 12, 5, 3, 11, 8, 4, 7, 13]",5717928366e2651aacd832109026e964b2f38de41d6043a929effd4d2377693f,job-grouping-sat-v1,a54742cc4785a1c57020713cb318b867bf332281940c4a836f44779c7cd99577,"[""Tabela3/L11-2.txt"",2,""job-grouping-sat"",""clique"",""free-initial-magazine-v1""]",cadical300,seqcounter,1200.0,"{""cardinality"":""seqcounter"",""configuration_version"":""job-grouping-sat-v1"",""objective_version"":""free-initial-magazine-v1"",""solver"":""cadical300"",""strength"":""clique"",""time_limit"":1200.0}"
Yanasse,Tabela3/L11-3.txt,3,job-grouping-sat,clique,free-initial-magazine-v1,OPTIMAL,15,15,20,15,5,16,10,10,9,4,3,1,15.416462214,0.106928589,0.000589775,15.572615778,5.961116868,540,2634,7934,551354,964774,74415630,13120,"[5, 6, 10, 3, 14, 11, 7, 12, 4, 13, 0, 1, 8, 2, 9]",b2e0191295047fe9cbd52144e902735efdf1a53d5fcec4b65fb0d39a9a4e1565,job-grouping-sat-v1,a54742cc4785a1c57020713cb318b867bf332281940c4a836f44779c7cd99577,"[""Tabela3/L11-3.txt"",3,""job-grouping-sat"",""clique"",""free-initial-magazine-v1""]",cadical300,seqcounter,1200.0,"{""cardinality"":""seqcounter"",""configuration_version"":""job-grouping-sat-v1"",""objective_version"":""free-initial-magazine-v1"",""solver"":""cadical300"",""strength"":""clique"",""time_limit"":1200.0}"
Yanasse,Tabela3/L11-4.txt,4,job-grouping-sat,clique,free-initial-magazine-v1,OPTIMAL,15,15,20,15,5,18,10,10,10,5,4,1,34.138567788,0.142699190,0.000693089,34.350555552,20.686734177,540,2654,8164,1232792,2196952,138059375,35884,"[0, 7, 10, 13, 4, 14, 3, 1, 8, 2, 12, 11, 5, 6, 9]",e46e48bed26eb312d97b1d372ff205dd688e8fbef7d5d14e7800d196a9fb3db7,job-grouping-sat-v1,a54742cc4785a1c57020713cb318b867bf332281940c4a836f44779c7cd99577,"[""Tabela3/L11-4.txt"",4,""job-grouping-sat"",""clique"",""free-initial-magazine-v1""]",cadical300,seqcounter,1200.0,"{""cardinality"":""seqcounter"",""configuration_version"":""job-grouping-sat-v1"",""objective_version"":""free-initial-magazine-v1"",""solver"":""cadical300"",""strength"":""clique"",""time_limit"":1200.0}"
Yanasse,Tabela3/L11-5.txt,5,job-grouping-sat,clique,free-initial-magazine-v1,OPTIMAL,15,15,20,15,5,24,13,13,12,6,5,1,48.152121104,0.171648964,0.000830168,48.418102423,21.985141502,708,4216,12342,1602366,3118783,223282145,47800,"[12, 14, 2, 7, 6, 13, 9, 5, 11, 8, 3, 0, 4, 10, 1]",89a361f55ef7f4a83fe860c2533127cdf26f406d90b0d3c23b656d7997650ff8,job-grouping-sat-v1,a54742cc4785a1c57020713cb318b867bf332281940c4a836f44779c7cd99577,"[""Tabela3/L11-5.txt"",5,""job-grouping-sat"",""clique"",""free-initial-magazine-v1""]",cadical300,seqcounter,1200.0,"{""cardinality"":""seqcounter"",""configuration_version"":""job-grouping-sat-v1"",""objective_version"":""free-initial-magazine-v1"",""solver"":""cadical300"",""strength"":""clique"",""time_limit"":1200.0}"
Yanasse,Tabela3/L11-6.txt,6,job-grouping-sat,clique,free-initial-magazine-v1,OPTIMAL,15,15,20,15,5,25,14,14,12,7,6,1,74.260611692,0.220525994,0.001034781,74.607093383,40.304523397,764,4988,14264,2228965,4318781,359029422,63580,"[5, 1, 11, 7, 6, 13, 14, 10, 3, 4, 8, 9, 0, 2, 12]",69513856e23e1b6c4e774e6da639fd4ff34879626e38790ab6e565bd5f169efe,job-grouping-sat-v1,a54742cc4785a1c57020713cb318b867bf332281940c4a836f44779c7cd99577,"[""Tabela3/L11-6.txt"",6,""job-grouping-sat"",""clique"",""free-initial-magazine-v1""]",cadical300,seqcounter,1200.0,"{""cardinality"":""seqcounter"",""configuration_version"":""job-grouping-sat-v1"",""objective_version"":""free-initial-magazine-v1"",""solver"":""cadical300"",""strength"":""clique"",""time_limit"":1200.0}"
Yanasse,Tabela3/L11-7.txt,7,job-grouping-sat,clique,free-initial-magazine-v1,OPTIMAL,15,15,20,15,5,26,19,19,15,4,3,1,755.894835859,0.127473021,0.000687089,756.155178858,7.029478998,820,6606,17970,15321618,25991319,1981401424,441402,"[1, 10, 12, 6, 3, 0, 11, 5, 13, 7, 14, 2, 4, 9, 8]",262c35c11c268edab3fecbf804b40909f116a98a1db4272803df86a29dcb5c05,job-grouping-sat-v1,a54742cc4785a1c57020713cb318b867bf332281940c4a836f44779c7cd99577,"[""Tabela3/L11-7.txt"",7,""job-grouping-sat"",""clique"",""free-initial-magazine-v1""]",cadical300,seqcounter,1200.0,"{""cardinality"":""seqcounter"",""configuration_version"":""job-grouping-sat-v1"",""objective_version"":""free-initial-magazine-v1"",""solver"":""cadical300"",""strength"":""clique"",""time_limit"":1200.0}"
Yanasse,Tabela3/L11-8.txt,8,job-grouping-sat,clique,free-initial-magazine-v1,OPTIMAL,15,15,20,15,5,25,13,13,11,7,6,1,124.192296976,0.229757012,0.001101622,124.554319795,100.603191925,708,4294,12706,3579009,7198030,595019872,104692,"[3, 4, 11, 6, 1, 0, 5, 9, 10, 12, 2, 8, 7, 13, 14]",d375ffd7694f637bc7ab47606593f82d44fd82cecb11f7eb3c73bc3f0d57884b,job-grouping-sat-v1,a54742cc4785a1c57020713cb318b867bf332281940c4a836f44779c7cd99577,"[""Tabela3/L11-8.txt"",8,""job-grouping-sat"",""clique"",""free-initial-magazine-v1""]",cadical300,seqcounter,1200.0,"{""cardinality"":""seqcounter"",""configuration_version"":""job-grouping-sat-v1"",""objective_version"":""free-initial-magazine-v1"",""solver"":""cadical300"",""strength"":""clique"",""time_limit"":1200.0}"
Yanasse,Tabela3/L11-9.txt,9,job-grouping-sat,clique,free-initial-magazine-v1,OPTIMAL,15,15,20,15,5,17,10,10,9,6,5,1,44.256482750,0.167005140,0.000783662,44.505643456,28.679089319,540,2634,8024,1459262,2625098,169573731,40328,"[4, 10, 2, 7, 9, 11, 3, 13, 6, 12, 0, 5, 8, 1, 14]",389a90e753eef6f61de0f1f9b1c55316263d7901c7941d64e158a18c21e0ef4e,job-grouping-sat-v1,a54742cc4785a1c57020713cb318b867bf332281940c4a836f44779c7cd99577,"[""Tabela3/L11-9.txt"",9,""job-grouping-sat"",""clique"",""free-initial-magazine-v1""]",cadical300,seqcounter,1200.0,"{""cardinality"":""seqcounter"",""configuration_version"":""job-grouping-sat-v1"",""objective_version"":""free-initial-magazine-v1"",""solver"":""cadical300"",""strength"":""clique"",""time_limit"":1200.0}"
Yanasse,Tabela3/L12-1.txt,1,job-grouping-sat,clique,free-initial-magazine-v1,OPTIMAL,15,15,20,15,5,13,6,6,7,4,3,1,12.899271735,0.056054344,0.000482505,12.999415565,2.466226355,316,1000,3334,481466,763746,36027601,14658,"[7, 8, 0, 2, 5, 11, 4, 9, 12, 3, 6, 13, 14, 1, 10]",1c94617c9658fecf21078d1f7e9620008009fac8e6d0bfa4054e2d68edcc43b3,job-grouping-sat-v1,a54742cc4785a1c57020713cb318b867bf332281940c4a836f44779c7cd99577,"[""Tabela3/L12-1.txt"",1,""job-grouping-sat"",""clique"",""free-initial-magazine-v1""]",cadical300,seqcounter,1200.0,"{""cardinality"":""seqcounter"",""configuration_version"":""job-grouping-sat-v1"",""objective_version"":""free-initial-magazine-v1"",""solver"":""cadical300"",""strength"":""clique"",""time_limit"":1200.0}"
Yanasse,Tabela3/L12-10.txt,10,job-grouping-sat,clique,free-initial-magazine-v1,OPTIMAL,15,15,20,15,5,15,8,8,8,4,3,1,37.715827719,0.086633820,0.000574362,37.852606921,2.620455399,428,1636,5250,1209862,1954031,82407194,38961,"[4, 6, 14, 0, 1, 11, 3, 2, 9, 5, 8, 7, 12, 10, 13]",60febb20dded389070001eb44db693bfe61bba392d45f2309feaaaddf907d58a,job-grouping-sat-v1,a54742cc4785a1c57020713cb318b867bf332281940c4a836f44779c7cd99577,"[""Tabela3/L12-10.txt"",10,""job-grouping-sat"",""clique"",""free-initial-magazine-v1""]",cadical300,seqcounter,1200.0,"{""cardinality"":""seqcounter"",""configuration_version"":""job-grouping-sat-v1"",""objective_version"":""free-initial-magazine-v1"",""solver"":""cadical300"",""strength"":""clique"",""time_limit"":1200.0}"
Yanasse,Tabela3/L12-2.txt,2,job-grouping-sat,clique,free-initial-magazine-v1,OPTIMAL,15,15,20,15,5,16,8,8,8,6,5,1,43.349360399,0.113253361,0.000624116,43.532549542,12.201752408,428,1636,5266,1608915,2729496,117999488,52136,"[10, 7, 11, 12, 13, 8, 0, 1, 2, 4, 3, 6, 5, 9, 14]",b37e7550acf0b7b09b04e0f3f2086b762d987b646f0a4150822542eae8368ea8,job-grouping-sat-v1,a54742cc4785a1c57020713cb318b867bf332281940c4a836f44779c7cd99577,"[""Tabela3/L12-2.txt"",2,""job-grouping-sat"",""clique"",""free-initial-magazine-v1""]",cadical300,seqcounter,1200.0,"{""cardinality"":""seqcounter"",""configuration_version"":""job-grouping-sat-v1"",""objective_version"":""free-initial-magazine-v1"",""solver"":""cadical300"",""strength"":""clique"",""time_limit"":1200.0}"
Yanasse,Tabela3/L12-3.txt,3,job-grouping-sat,clique,free-initial-magazine-v1,OPTIMAL,15,15,20,15,5,14,8,8,8,5,4,1,109.914182649,0.095352835,0.000546199,110.074889907,56.513849115,428,1636,5322,3705879,6470486,285323253,124415,"[9, 10, 11, 1, 12, 0, 13, 2, 5, 3, 6, 8, 14, 4, 7]",61cade0ab2636f2d59b76d734bb36d9eb336dc4e86f7537985c125b5648f6469,job-grouping-sat-v1,a54742cc4785a1c57020713cb318b867bf332281940c4a836f44779c7cd99577,"[""Tabela3/L12-3.txt"",3,""job-grouping-sat"",""clique"",""free-initial-magazine-v1""]",cadical300,seqcounter,1200.0,"{""cardinality"":""seqcounter"",""configuration_version"":""job-grouping-sat-v1"",""objective_version"":""free-initial-magazine-v1"",""solver"":""cadical300"",""strength"":""clique"",""time_limit"":1200.0}"
Yanasse,Tabela3/L12-4.txt,4,job-grouping-sat,clique,free-initial-magazine-v1,OPTIMAL,15,15,20,15,5,12,6,6,6,3,2,1,8.006938381,0.040760952,0.000430120,8.074489824,3.574833952,316,1000,3358,374152,627729,29165738,12699,"[5, 8, 9, 10, 12, 14, 6, 3, 4, 13, 7, 0, 1, 2, 11]",75d7b578d5db3055eca16c7a1187ced46b16c7b22249ef50016a6d0026969404,job-grouping-sat-v1,a54742cc4785a1c57020713cb318b867bf332281940c4a836f44779c7cd99577,"[""Tabela3/L12-4.txt"",4,""job-grouping-sat"",""clique"",""free-initial-magazine-v1""]",cadical300,seqcounter,1200.0,"{""cardinality"":""seqcounter"",""configuration_version"":""job-grouping-sat-v1"",""objective_version"":""free-initial-magazine-v1"",""solver"":""cadical300"",""strength"":""clique"",""time_limit"":1200.0}"
Yanasse,Tabela3/L12-5.txt,5,job-grouping-sat,clique,free-initial-magazine-v1,OPTIMAL,15,15,20,15,5,11,6,6,5,3,2,1,5.453927112,0.038066457,0.000398798,5.517594097,0.189153463,316,1000,3364,271372,401952,17175797,7000,"[0, 5, 11, 12, 13, 4, 7, 1, 3, 6, 2, 8, 10, 9, 14]",a722b983df8f29c0e3cd5e82b9949674080d177fef88d8c67af3bd5e5e696440,job-grouping-sat-v1,a54742cc4785a1c57020713cb318b867bf332281940c4a836f44779c7cd99577,"[""Tabela3/L12-5.txt"",5,""job-grouping-sat"",""clique"",""free-initial-magazine-v1""]",cadical300,seqcounter,1200.0,"{""cardinality"":""seqcounter"",""configuration_version"":""job-grouping-sat-v1"",""objective_version"":""free-initial-magazine-v1"",""solver"":""cadical300"",""strength"":""clique"",""time_limit"":1200.0}"
Yanasse,Tabela3/L12-6.txt,6,job-grouping-sat,clique,free-initial-magazine-v1,OPTIMAL,15,15,20,15,5,12,6,6,5,4,3,1,1.832705739,0.061868180,0.000482013,1.930958908,0.501537446,316,1000,3406,92792,162846,7679105,2598,"[0, 3, 5, 10, 11, 9, 12, 14, 2, 8, 6, 1, 4, 7, 13]",504a103bccaa6ae7fc3a237c030f58b0ce834260355484aef64e82da00bbc7b9,job-grouping-sat-v1,a54742cc4785a1c57020713cb318b867bf332281940c4a836f44779c7cd99577,"[""Tabela3/L12-6.txt"",6,""job-grouping-sat"",""clique"",""free-initial-magazine-v1""]",cadical300,seqcounter,1200.0,"{""cardinality"":""seqcounter"",""configuration_version"":""job-grouping-sat-v1"",""objective_version"":""free-initial-magazine-v1"",""solver"":""cadical300"",""strength"":""clique"",""time_limit"":1200.0}"
Yanasse,Tabela3/L12-7.txt,7,job-grouping-sat,clique,free-initial-magazine-v1,OPTIMAL,15,15,20,15,5,10,6,6,6,3,2,1,4.764388673,0.033036029,0.000378212,4.822179092,0.918097442,316,1000,3364,224471,376254,17795309,7258,"[1, 2, 4, 12, 8, 10, 5, 7, 9, 11, 6, 13, 0, 3, 14]",2a6f775f1071d780cadad0189598e47975b4236374205e854434280a352c91a5,job-grouping-sat-v1,a54742cc4785a1c57020713cb318b867bf332281940c4a836f44779c7cd99577,"[""Tabela3/L12-7.txt"",7,""job-grouping-sat"",""clique"",""free-initial-magazine-v1""]",cadical300,seqcounter,1200.0,"{""cardinality"":""seqcounter"",""configuration_version"":""job-grouping-sat-v1"",""objective_version"":""free-initial-magazine-v1"",""solver"":""cadical300"",""strength"":""clique"",""time_limit"":1200.0}"
Yanasse,Tabela3/L12-8.txt,8,job-grouping-sat,clique,free-initial-magazine-v1,OPTIMAL,15,15,20,15,5,15,7,7,7,5,4,1,36.518262983,0.076941300,0.000574063,36.648974815,22.580562445,372,1299,4254,1467265,2452493,112086544,44131,"[7, 9, 14, 6, 2, 5, 13, 1, 10, 0, 3, 12, 4, 8, 11]",2cd6647ca1a09e8b0479a16222a24a199e208e9181bdc169691bebd26c9ac3b2,job-grouping-sat-v1,a54742cc4785a1c57020713cb318b867bf332281940c4a836f44779c7cd99577,"[""Tabela3/L12-8.txt"",8,""job-grouping-sat"",""clique"",""free-initial-magazine-v1""]",cadical300,seqcounter,1200.0,"{""cardinality"":""seqcounter"",""configuration_version"":""job-grouping-sat-v1"",""objective_version"":""free-initial-magazine-v1"",""solver"":""cadical300"",""strength"":""clique"",""time_limit"":1200.0}"
Yanasse,Tabela3/L12-9.txt,9,job-grouping-sat,clique,free-initial-magazine-v1,OPTIMAL,15,15,20,15,5,12,7,7,8,4,3,1,24.685555523,0.058137530,0.000438324,24.781153029,8.035600815,372,1299,4261,980380,1659717,81517606,31577,"[12, 1, 8, 10, 3, 4, 7, 11, 0, 6, 9, 14, 2, 5, 13]",783b4c609f276b70f0e969b402e57ed102e155fd981461ffe2ee12d4d94ed10a,job-grouping-sat-v1,a54742cc4785a1c57020713cb318b867bf332281940c4a836f44779c7cd99577,"[""Tabela3/L12-9.txt"",9,""job-grouping-sat"",""clique"",""free-initial-magazine-v1""]",cadical300,seqcounter,1200.0,"{""cardinality"":""seqcounter"",""configuration_version"":""job-grouping-sat-v1"",""objective_version"":""free-initial-magazine-v1"",""solver"":""cadical300"",""strength"":""clique"",""time_limit"":1200.0}"
Yanasse,Tabela3/L13-1.txt,1,job-grouping-sat,clique,free-initial-magazine-v1,OPTIMAL,15,15,20,15,5,26,14,14,13,7,6,1,149.580395159,0.248576533,0.001035232,149.962511579,41.566526932,764,5030,14586,3874230,7359664,574600246,116362,"[7, 5, 3, 14, 4, 1, 10, 13, 2, 12, 0, 11, 9, 6, 8]",545a002e76e5dd8ae3e2490cfdb15e03221ff8b89c07e27840b3720026b67c38,job-grouping-sat-v1,a54742cc4785a1c57020713cb318b867bf332281940c4a836f44779c7cd99577,"[""Tabela3/L13-1.txt"",1,""job-grouping-sat"",""clique"",""free-initial-magazine-v1""]",cadical300,seqcounter,1200.0,"{""cardinality"":""seqcounter"",""configuration_version"":""job-grouping-sat-v1"",""objective_version"":""free-initial-magazine-v1"",""solver"":""cadical300"",""strength"":""clique"",""time_limit"":1200.0}"
Yanasse,Tabela3/L13-10.txt,10,job-grouping-sat,clique,free-initial-magazine-v1,OPTIMAL,15,15,20,15,5,16,9,9,8,4,3,1,32.397312772,0.095456734,0.000609586,32.546329019,7.770626984,484,2065,6403,1188292,2058924,112036945,35452,"[0, 13, 12, 1, 10, 11, 14, 3, 8, 7, 2, 4, 5, 9, 6]",2cc46080dcd624f5d2f7912159c7c3a07bf0e8f9c4f6064c765e8143cca62a4e,job-grouping-sat-v1,a54742cc4785a1c57020713cb318b867bf332281940c4a836f44779c7cd99577,"[""Tabela3/L13-10.txt"",10,""job-grouping-sat"",""clique"",""free-initial-magazine-v1""]",cadical300,seqcounter,1200.0,"{""cardinality"":""seqcounter"",""configuration_version"":""job-grouping-sat-v1"",""objective_version"":""free-initial-magazine-v1"",""solver"":""cadical300"",""strength"":""clique"",""time_limit"":1200.0}"
Yanasse,Tabela3/L13-2.txt,2,job-grouping-sat,clique,free-initial-magazine-v1,OPTIMAL,15,15,20,15,5,24,13,13,13,8,7,1,144.812313434,0.285955790,0.001140952,145.251581017,93.432229882,708,4307,12693,4107350,8288731,529554917,122616,"[7, 13, 10, 9, 11, 2, 4, 8, 3, 14, 5, 12, 1, 6, 0]",e2564a385b945921edb6166145408ddae584a48b9bf9ede46a66cbe3239a5d48,job-grouping-sat-v1,a54742cc4785a1c57020713cb318b867bf332281940c4a836f44779c7cd99577,"[""Tabela3/L13-2.txt"",2,""job-grouping-sat"",""clique"",""free-initial-magazine-v1""]",cadical300,seqcounter,1200.0,"{""cardinality"":""seqcounter"",""configuration_version"":""job-grouping-sat-v1"",""objective_version"":""free-initial-magazine-v1"",""solver"":""cadical300"",""strength"":""clique"",""time_limit"":1200.0}"
Yanasse,Tabela3/L13-3.txt,3,job-grouping-sat,clique,free-initial-magazine-v1,OPTIMAL,15,15,20,15,5,20,8,8,7,6,5,1,10.779849504,0.134721352,0.000715522,10.988112232,3.534178444,428,1684,5378,439306,845372,40800707,15478,"[3, 11, 4, 9, 2, 6, 14, 8, 12, 0, 7, 10, 13, 1, 5]",102f626625416f6784fd84653325b484795b4577294a75a67b831dea4409d52e,job-grouping-sat-v1,a54742cc4785a1c57020713cb318b867bf332281940c4a836f44779c7cd99577,"[""Tabela3/L13-3.txt"",3,""job-grouping-sat"",""clique"",""free-initial-magazine-v1""]",cadical300,seqcounter,1200.0,"{""cardinality"":""seqcounter"",""configuration_version"":""job-grouping-sat-v1"",""objective_version"":""free-initial-magazine-v1"",""solver"":""cadical300"",""strength"":""clique"",""time_limit"":1200.0}"
Yanasse,Tabela3/L13-4.txt,4,job-grouping-sat,clique,free-initial-magazine-v1,OPTIMAL,15,15,20,15,5,20,12,12,12,6,5,1,68.559749595,0.189974012,0.000750540,68.847487905,42.403945016,652,3712,10918,1947797,3655858,303159870,50914,"[10, 11, 13, 1, 4, 5, 14, 2, 8, 3, 9, 12, 6, 0, 7]",ee0a7153c7a3082a2a47357ed5b99ef52750046289050117b3a62ab425d4b479,job-grouping-sat-v1,a54742cc4785a1c57020713cb318b867bf332281940c4a836f44779c7cd99577,"[""Tabela3/L13-4.txt"",4,""job-grouping-sat"",""clique"",""free-initial-magazine-v1""]",cadical300,seqcounter,1200.0,"{""cardinality"":""seqcounter"",""configuration_version"":""job-grouping-sat-v1"",""objective_version"":""free-initial-magazine-v1"",""solver"":""cadical300"",""strength"":""clique"",""time_limit"":1200.0}"
Yanasse,Tabela3/L13-5.txt,5,job-grouping-sat,clique,free-initial-magazine-v1,OPTIMAL,15,15,20,15,5,25,13,13,9,8,7,1,75.008727304,0.288513550,0.001159686,75.449722401,32.890862581,708,4398,12810,2156403,3967372,308429263,56126,"[5, 9, 1, 3, 0, 2, 10, 12, 11, 7, 6, 14, 4, 8, 13]",f536e0653f10ec479502c82b4aa8ef4bb9d720db82cfbd446d99b0e397d1eddf,job-grouping-sat-v1,a54742cc4785a1c57020713cb318b867bf332281940c4a836f44779c7cd99577,"[""Tabela3/L13-5.txt"",5,""job-grouping-sat"",""clique"",""free-initial-magazine-v1""]",cadical300,seqcounter,1200.0,"{""cardinality"":""seqcounter"",""configuration_version"":""job-grouping-sat-v1"",""objective_version"":""free-initial-magazine-v1"",""solver"":""cadical300"",""strength"":""clique"",""time_limit"":1200.0}"
Yanasse,Tabela3/L13-6.txt,6,job-grouping-sat,clique,free-initial-magazine-v1,OPTIMAL,15,15,20,15,5,24,13,13,10,8,7,1,31.348991936,0.273184798,0.001051558,31.754726774,8.807853693,708,4398,12758,759595,1529625,135293773,21276,"[4, 8, 13, 10, 0, 7, 1, 6, 2, 11, 12, 3, 5, 9, 14]",7c554ebc48820c4975bf67d4ae02fd1629061a472ac792d79348a602c41641da,job-grouping-sat-v1,a54742cc4785a1c57020713cb318b867bf332281940c4a836f44779c7cd99577,"[""Tabela3/L13-6.txt"",6,""job-grouping-sat"",""clique"",""free-initial-magazine-v1""]",cadical300,seqcounter,1200.0,"{""cardinality"":""seqcounter"",""configuration_version"":""job-grouping-sat-v1"",""objective_version"":""free-initial-magazine-v1"",""solver"":""cadical300"",""strength"":""clique"",""time_limit"":1200.0}"
Yanasse,Tabela3/L13-7.txt,7,job-grouping-sat,clique,free-initial-magazine-v1,OPTIMAL,15,15,20,15,5,34,20,20,13,9,8,1,1127.576911717,0.321566053,0.001328807,1128.214543391,172.816858522,820,6969,19129,19101024,31538814,2505960939,545148,"[4, 13, 2, 14, 1, 12, 7, 6, 11, 3, 10, 0, 8, 5, 9]",e1475f8b64758687394de7718ab61b500a5e234be4f7f411dca13c80479e1f5e,job-grouping-sat-v1,a54742cc4785a1c57020713cb318b867bf332281940c4a836f44779c7cd99577,"[""Tabela3/L13-7.txt"",7,""job-grouping-sat"",""clique"",""free-initial-magazine-v1""]",cadical300,seqcounter,1200.0,"{""cardinality"":""seqcounter"",""configuration_version"":""job-grouping-sat-v1"",""objective_version"":""free-initial-magazine-v1"",""solver"":""cadical300"",""strength"":""clique"",""time_limit"":1200.0}"
Yanasse,Tabela3/L13-8.txt,8,job-grouping-sat,clique,free-initial-magazine-v1,OPTIMAL,15,15,20,15,5,28,12,12,11,8,7,1,73.335519067,0.303565993,0.001809727,73.792267591,32.367687010,652,3736,11194,2119581,4008770,271970780,65405,"[0, 4, 5, 7, 9, 6, 3, 13, 14, 2, 11, 8, 1, 10, 12]",b833cc4a2baf4bdfb9d0e485b3ab86747eb31bfd7ca6d64f6f78247cd8a13444,job-grouping-sat-v1,a54742cc4785a1c57020713cb318b867bf332281940c4a836f44779c7cd99577,"[""Tabela3/L13-8.txt"",8,""job-grouping-sat"",""clique"",""free-initial-magazine-v1""]",cadical300,seqcounter,1200.0,"{""cardinality"":""seqcounter"",""configuration_version"":""job-grouping-sat-v1"",""objective_version"":""free-initial-magazine-v1"",""solver"":""cadical300"",""strength"":""clique"",""time_limit"":1200.0}"
Yanasse,Tabela3/L13-9.txt,9,job-grouping-sat,clique,free-initial-magazine-v1,OPTIMAL,15,15,20,15,5,28,14,14,12,10,9,1,76.905715112,0.379545912,0.001462340,77.485126955,50.406494624,764,5072,14698,2109833,4699544,390877382,63578,"[1, 8, 7, 12, 4, 2, 3, 6, 13, 5, 9, 10, 14, 11, 0]",11a741321512f54b324d1b25df109609a54f6642cafef516173516fe8f003bbe,job-grouping-sat-v1,a54742cc4785a1c57020713cb318b867bf332281940c4a836f44779c7cd99577,"[""Tabela3/L13-9.txt"",9,""job-grouping-sat"",""clique"",""free-initial-magazine-v1""]",cadical300,seqcounter,1200.0,"{""cardinality"":""seqcounter"",""configuration_version"":""job-grouping-sat-v1"",""objective_version"":""free-initial-magazine-v1"",""solver"":""cadical300"",""strength"":""clique"",""time_limit"":1200.0}"
Yanasse,Tabela3/L14-1.txt,1,job-grouping-sat,clique,free-initial-magazine-v1,TIMEOUT,15,15,20,15,5,35,23,,15,11,10,0,1199.483634972,0.374579558,0.001753950,1200.102820816,204.811962708,820,7506,20317,N/A,N/A,N/A,N/A,"[12, 0, 14, 10, 4, 7, 8, 5, 11, 3, 6, 1, 9, 13, 2]",d438d4c3d375e3266b82fa4d43862c7dd70cd2b3d8049301af3a580d06919c70,job-grouping-sat-v1,a54742cc4785a1c57020713cb318b867bf332281940c4a836f44779c7cd99577,"[""Tabela3/L14-1.txt"",1,""job-grouping-sat"",""clique"",""free-initial-magazine-v1""]",cadical300,seqcounter,1200.0,"{""cardinality"":""seqcounter"",""configuration_version"":""job-grouping-sat-v1"",""objective_version"":""free-initial-magazine-v1"",""solver"":""cadical300"",""strength"":""clique"",""time_limit"":1200.0}"
Yanasse,Tabela3/L14-10.txt,10,job-grouping-sat,clique,free-initial-magazine-v1,OPTIMAL,15,15,20,15,5,35,20,20,15,7,6,1,607.574977046,0.274279370,0.001240619,608.082056575,102.474116443,820,6999,19399,11020570,16586935,1515952375,301880,"[10, 3, 14, 13, 2, 6, 12, 5, 8, 11, 1, 4, 7, 0, 9]",64f563e211f904df9defe5a3526a4d7f5180f1b9b2cc121216a668f5b0f75d3e,job-grouping-sat-v1,a54742cc4785a1c57020713cb318b867bf332281940c4a836f44779c7cd99577,"[""Tabela3/L14-10.txt"",10,""job-grouping-sat"",""clique"",""free-initial-magazine-v1""]",cadical300,seqcounter,1200.0,"{""cardinality"":""seqcounter"",""configuration_version"":""job-grouping-sat-v1"",""objective_version"":""free-initial-magazine-v1"",""solver"":""cadical300"",""strength"":""clique"",""time_limit"":1200.0}"
Yanasse,Tabela3/L14-2.txt,2,job-grouping-sat,clique,free-initial-magazine-v1,OPTIMAL,15,15,20,15,5,32,19,19,12,9,8,1,548.549946461,0.360541692,0.001610165,549.168074140,172.183094755,820,6771,18960,10781359,19971844,1940351196,316106,"[3, 6, 2, 4, 7, 1, 9, 11, 13, 8, 0, 10, 14, 12, 5]",38375b9905e043cc84e8411b97f7e710a21bfb74e073ce5b02766770c3251f6f,job-grouping-sat-v1,a54742cc4785a1c57020713cb318b867bf332281940c4a836f44779c7cd99577,"[""Tabela3/L14-2.txt"",2,""job-grouping-sat"",""clique"",""free-initial-magazine-v1""]",cadical300,seqcounter,1200.0,"{""cardinality"":""seqcounter"",""configuration_version"":""job-grouping-sat-v1"",""objective_version"":""free-initial-magazine-v1"",""solver"":""cadical300"",""strength"":""clique"",""time_limit"":1200.0}"
Yanasse,Tabela3/L14-3.txt,3,job-grouping-sat,clique,free-initial-magazine-v1,OPTIMAL,15,15,20,15,5,43,20,20,14,7,6,1,764.482007920,0.266001780,0.001224494,764.980538143,89.258265613,820,7029,19504,13131494,21405965,1877935053,373052,"[3, 2, 5, 7, 10, 14, 9, 6, 1, 11, 0, 13, 4, 12, 8]",33e4dd67dcb0a215233c5b2686a00e692bbee8a2c2a34b213e3128126e3d75a4,job-grouping-sat-v1,a54742cc4785a1c57020713cb318b867bf332281940c4a836f44779c7cd99577,"[""Tabela3/L14-3.txt"",3,""job-grouping-sat"",""clique"",""free-initial-magazine-v1""]",cadical300,seqcounter,1200.0,"{""cardinality"":""seqcounter"",""configuration_version"":""job-grouping-sat-v1"",""objective_version"":""free-initial-magazine-v1"",""solver"":""cadical300"",""strength"":""clique"",""time_limit"":1200.0}"
Yanasse,Tabela3/L14-4.txt,4,job-grouping-sat,clique,free-initial-magazine-v1,OPTIMAL,15,15,20,15,5,29,19,19,14,7,6,1,378.433451692,0.280024500,0.001418099,378.943013602,63.984268803,820,6576,18345,7826638,13907221,1088147099,233449,"[7, 11, 4, 12, 1, 8, 10, 3, 13, 0, 2, 6, 9, 5, 14]",04fbedf90483cd754faf677082e51a77e0010810ca2e77f519e8ea4c96529866,job-grouping-sat-v1,a54742cc4785a1c57020713cb318b867bf332281940c4a836f44779c7cd99577,"[""Tabela3/L14-4.txt"",4,""job-grouping-sat"",""clique"",""free-initial-magazine-v1""]",cadical300,seqcounter,1200.0,"{""cardinality"":""seqcounter"",""configuration_version"":""job-grouping-sat-v1"",""objective_version"":""free-initial-magazine-v1"",""solver"":""cadical300"",""strength"":""clique"",""time_limit"":1200.0}"
Yanasse,Tabela3/L14-5.txt,5,job-grouping-sat,clique,free-initial-magazine-v1,OPTIMAL,15,15,20,15,5,35,20,20,15,10,9,1,840.696669327,0.369456870,0.001559502,841.346761132,198.833589168,820,6999,19429,14263771,23086286,2216114334,402572,"[13, 7, 5, 11, 14, 2, 10, 0, 6, 1, 3, 4, 9, 8, 12]",3cc2030bbd0ca9d9197f84b3c6cb0fd75ffdf3a6d15c4c29f455b2c820afae47,job-grouping-sat-v1,a54742cc4785a1c57020713cb318b867bf332281940c4a836f44779c7cd99577,"[""Tabela3/L14-5.txt"",5,""job-grouping-sat"",""clique"",""free-initial-magazine-v1""]",cadical300,seqcounter,1200.0,"{""cardinality"":""seqcounter"",""configuration_version"":""job-grouping-sat-v1"",""objective_version"":""free-initial-magazine-v1"",""solver"":""cadical300"",""strength"":""clique"",""time_limit"":1200.0}"
Yanasse,Tabela3/L14-6.txt,6,job-grouping-sat,clique,free-initial-magazine-v1,TIMEOUT,15,15,20,15,5,32,21,,13,8,7,0,1199.633148239,0.283750650,0.001314412,1200.105104593,402.403167766,820,7120,19414,N/A,N/A,N/A,N/A,"[2, 4, 6, 8, 12, 11, 10, 13, 5, 3, 7, 0, 1, 9, 14]",77399b30f458edab931f47176dff48ac30d3f54d00950444334a4cf999e6fe27,job-grouping-sat-v1,a54742cc4785a1c57020713cb318b867bf332281940c4a836f44779c7cd99577,"[""Tabela3/L14-6.txt"",6,""job-grouping-sat"",""clique"",""free-initial-magazine-v1""]",cadical300,seqcounter,1200.0,"{""cardinality"":""seqcounter"",""configuration_version"":""job-grouping-sat-v1"",""objective_version"":""free-initial-magazine-v1"",""solver"":""cadical300"",""strength"":""clique"",""time_limit"":1200.0}"
Yanasse,Tabela3/L14-7.txt,7,job-grouping-sat,clique,free-initial-magazine-v1,OPTIMAL,15,15,20,15,5,35,19,19,13,9,8,1,611.026441180,0.348478058,0.001481364,611.624129351,193.643486982,820,6711,18750,11453628,18952208,1379700004,351565,"[1, 9, 11, 5, 13, 3, 6, 0, 12, 7, 14, 10, 8, 2, 4]",b7a33bcf908b83729bf55481f8eaeacdef89780d2211793401bd74a8d8f3c443,job-grouping-sat-v1,a54742cc4785a1c57020713cb318b867bf332281940c4a836f44779c7cd99577,"[""Tabela3/L14-7.txt"",7,""job-grouping-sat"",""clique"",""free-initial-magazine-v1""]",cadical300,seqcounter,1200.0,"{""cardinality"":""seqcounter"",""configuration_version"":""job-grouping-sat-v1"",""objective_version"":""free-initial-magazine-v1"",""solver"":""cadical300"",""strength"":""clique"",""time_limit"":1200.0}"
Yanasse,Tabela3/L14-8.txt,8,job-grouping-sat,clique,free-initial-magazine-v1,TIMEOUT,15,15,20,15,5,33,24,,15,9,8,0,1199.507166813,0.336818075,0.001522134,1200.066609883,283.545077674,820,7966,21415,N/A,N/A,N/A,N/A,"[4, 5, 8, 13, 3, 12, 10, 2, 11, 6, 1, 14, 0, 7, 9]",af06f56a1efe67c14c4eb612bce94dec9bd88ab193ecbf617255c7cec9338149,job-grouping-sat-v1,a54742cc4785a1c57020713cb318b867bf332281940c4a836f44779c7cd99577,"[""Tabela3/L14-8.txt"",8,""job-grouping-sat"",""clique"",""free-initial-magazine-v1""]",cadical300,seqcounter,1200.0,"{""cardinality"":""seqcounter"",""configuration_version"":""job-grouping-sat-v1"",""objective_version"":""free-initial-magazine-v1"",""solver"":""cadical300"",""strength"":""clique"",""time_limit"":1200.0}"
Yanasse,Tabela3/L14-9.txt,9,job-grouping-sat,clique,free-initial-magazine-v1,OPTIMAL,15,15,20,15,5,28,19,19,15,6,5,1,705.272582196,0.067245199,0.000986337,705.504488798,311.530978287,820,6831,19065,16697531,28073137,2153212290,458986,"[12, 10, 1, 14, 7, 5, 2, 6, 9, 8, 0, 4, 13, 11, 3]",5da9338fa22edb884c473c3e9e595b44d0489644498840a095412ee14bbfb954,job-grouping-sat-v1,a54742cc4785a1c57020713cb318b867bf332281940c4a836f44779c7cd99577,"[""Tabela3/L14-9.txt"",9,""job-grouping-sat"",""clique"",""free-initial-magazine-v1""]",cadical300,seqcounter,1200.0,"{""cardinality"":""seqcounter"",""configuration_version"":""job-grouping-sat-v1"",""objective_version"":""free-initial-magazine-v1"",""solver"":""cadical300"",""strength"":""clique"",""time_limit"":1200.0}"
Yanasse,Tabela3/L15-1.txt,1,job-grouping-sat,clique,free-initial-magazine-v1,TIMEOUT,15,15,25,5,20,42,28,,14,9,8,0,1199.722090982,0.167217985,0.001322576,1200.104638374,141.593658616,965,11046,26107,N/A,N/A,N/A,N/A,"[10, 1, 8, 5, 3, 4, 6, 14, 0, 2, 12, 9, 13, 11, 7]",6053359b31ae248b919fa779e6942913688b538351c62fc559eeec80456734c2,job-grouping-sat-v1,a54742cc4785a1c57020713cb318b867bf332281940c4a836f44779c7cd99577,"[""Tabela3/L15-1.txt"",1,""job-grouping-sat"",""clique"",""free-initial-magazine-v1""]",cadical300,seqcounter,1200.0,"{""cardinality"":""seqcounter"",""configuration_version"":""job-grouping-sat-v1"",""objective_version"":""free-initial-magazine-v1"",""solver"":""cadical300"",""strength"":""clique"",""time_limit"":1200.0}"
Yanasse,Tabela3/L15-10.txt,10,job-grouping-sat,clique,free-initial-magazine-v1,TIMEOUT,15,15,25,5,20,38,30,,14,6,5,0,1199.871096644,0.103208506,0.001012979,1200.101584046,139.553054912,965,11499,26979,N/A,N/A,N/A,N/A,"[13, 8, 3, 1, 14, 0, 4, 5, 6, 9, 12, 7, 11, 10, 2]",0ef2de92362d84879825a4e8a4192cda18d808c2311d92112e4c7a9c45ac191b,job-grouping-sat-v1,a54742cc4785a1c57020713cb318b867bf332281940c4a836f44779c7cd99577,"[""Tabela3/L15-10.txt"",10,""job-grouping-sat"",""clique"",""free-initial-magazine-v1""]",cadical300,seqcounter,1200.0,"{""cardinality"":""seqcounter"",""configuration_version"":""job-grouping-sat-v1"",""objective_version"":""free-initial-magazine-v1"",""solver"":""cadical300"",""strength"":""clique"",""time_limit"":1200.0}"
